,18A2,868Z11,A23,A6,NYE-S1,TCR2-T,TCR3,TCR6,TCR7,T1,FLT3DY
0,0.824294532627866,0.6806084656084656,0.8226495726495727,0.8225720047898153,0.6701706349206349,0.7666362252663622,0.6505636070853463,0.7517593567691357,0.7715732826843938,0.8133528265107213,0.7842581090407178
