,18A2,868Z11,A23,A6,NYE-S1,TCR2-T,TCR3,TCR6,TCR7,T1,FLT3DY
0,0.8439393939393941,0.7297619047619047,0.8425240054869686,0.8229825428194993,0.7671197266785503,0.6922385620915033,0.6849184149184149,0.7709600291075421,0.7640376225281886,0.8242293906810035,0.7923504273504274
