,18A2,868Z11,A23,A6,NYE-S1,TCR2-T,TCR3,TCR6,TCR7,T1,FLT3DY
0,0.8086289864336956,0.7359148787720217,0.8291736824000145,0.7881944444444445,0.6917384945103495,0.699077051710831,0.6265669515669515,0.72743854226567,0.7908291624958291,0.8909737029140014,0.7944507290095526
1,0.8321755100411227,0.713010648355476,0.8413836122684368,0.7883746355685132,0.7451328326873385,0.743122215948303,0.6629692192192193,0.7332533759772565,0.7807106725474071,0.8678804855275444,0.7547844667409884
2,0.8614193548387098,0.7380193236714976,0.8585073564309443,0.8091921165629373,0.7908124313353072,0.7450481617148283,0.6544397463002114,0.7575264550264551,0.7801160694162722,0.8658645276292335,0.8168424990647213
3,0.8594966761633428,0.8337403337403337,0.8497575757575758,0.8106140350877192,0.8213083213083213,0.7430825584671737,0.6303384465546628,0.7691849046015712,0.7897908496732026,0.863529411764706,0.8150960404964982
4,0.8402032749858837,0.8669934640522876,0.8836111111111111,0.7998184611087837,0.8464346699640816,0.782295765647597,0.6492921146953404,0.7578347578347578,0.7727448703058459,0.8880837359098228,0.7918079096045197
5,0.8381322498969558,0.8774281274281274,0.8833031400966185,0.7854897660818714,0.8339746673080007,0.7513066202090593,0.5975308641975309,0.7893990929705215,0.777829723131266,0.9261006289308176,0.8172839506172839
