,18A2,868Z11,A23,A6,NYE-S1,TCR2-T,TCR3,TCR6,TCR7,T1,FLT3DY
0,0.8459611992945325,0.7475481237816765,0.8218915343915344,0.8283256745610935,0.6920010288065844,0.70016627543036,0.6594014798902017,0.762450980392157,0.7680335097001764,0.8109356725146198,0.745934065934066
