,18A2,868Z11,A23,A6,NYE-S1,TCR2-T,TCR3,TCR6,TCR7,T1,FLT3DY
0,0.7810989560989561,0.702299880525687,0.8115200718411728,0.7872226609696994,0.676900319686224,0.7479144877732956,0.621530329583357,0.7652095871608067,0.7819350887936314,0.7843731072077529,0.736868686868687
1,0.8688970990695127,0.7062770562770563,0.8547839506172838,0.7912423563965526,0.7970272904483431,0.7314102564102564,0.6238835866619535,0.7893890036548545,0.8074295405636754,0.8596646072374227,0.7425213675213675
2,0.8798496240601503,0.7270136124625289,0.8489651416122005,0.8219172695816295,0.8425301760147494,0.7191047471620227,0.659152585765489,0.7641924200121948,0.8100383631713554,0.8767806267806267,0.7428989139515455
