,18A2,868Z11,A23,A6,NYE-S1,TCR2-T,TCR3,TCR6,TCR7,T1,FLT3DY
0,0.8809375680467851,0.7095425407925409,0.801006272074047,0.7751320261437908,0.7740939864595778,0.7075910364145658,0.6570801370193468,0.7618994873093233,0.724621925469383,0.8796130952380953,0.7338903123807446
1,0.8662712948427235,0.742517006802721,0.8412115505335844,0.7658703328074524,0.8415043290043291,0.7526794193460861,0.6213605946642654,0.7740231259968101,0.7723905723905723,0.82,0.7951785057048215
