,18A2,868Z11,A23,A6,NYE-S1,TCR2-T,TCR3,TCR6,TCR7,T1,FLT3DY
0,0.8388749651907547,0.7606558900037163,0.8262969453097958,0.7380476043910947,0.7470684235976789,0.7325483091787439,0.6831604923667384,0.745244141495144,0.7046704756842944,0.9002843394575678,0.7894912131519275
1,0.8570286393065999,0.7372530864197531,0.8262962962962964,0.7508168642951252,0.7742028270874425,0.7696346375143843,0.6285334239989502,0.7423651721897335,0.7190799585672281,0.8998397435897436,0.7898680124223603
2,0.8594135802469136,0.7464494569757728,0.8342293906810037,0.7390350877192983,0.8308078664402943,0.7387163724253888,0.6590440211129867,0.7321428571428571,0.7557725694444445,0.9018987341772151,0.8269444444444445
3,0.8618531586021505,0.7695374800637959,0.8358333333333334,0.7468216649251133,0.8477011494252874,0.70496632996633,0.648586456278764,0.7229024943310657,0.7177579365079366,0.827485380116959,0.8491989664082688
