,18A2,868Z11,A23,A6,NYE-S1,TCR2-T,TCR3,TCR6,TCR7,T1,FLT3DY
0,0.8577009410342744,0.7525890112513802,0.7842819573588805,0.7321224701608718,0.7242508417508416,0.7394037630307654,0.6094152046783625,0.787084939473862,0.7802705988055599,0.8128070175438596,0.741854502724068
