,18A2,868Z11,A23,A6,NYE-S1,TCR2-T,TCR3,TCR6,TCR7,T1,FLT3DY
0,0.7974178403755868,0.7140039447731755,0.7682020471740098,0.7546880779403863,0.7012395944540969,0.7465262214253698,0.6319762387713707,0.7557728818049362,0.7928556848336394,0.8421041119860018,0.6956892251413369
1,0.8707618721323148,0.733928352349405,0.8367027270678387,0.7908630485161098,0.7216981132075472,0.7151322751322752,0.6777928799205396,0.7903265107212475,0.7927806362658057,0.8450045004500452,0.8002596559558585
2,0.9134485552254928,0.7717569786535304,0.8222222222222223,0.8023764233441653,0.7720197876447875,0.739463601532567,0.6431443191311613,0.7863401632517074,0.8266064904362777,0.817426400759734,0.7809644059644061
