,18A2,868Z11,A23,A6,NYE-S1,TCR2-T,TCR3,TCR6,TCR7,T1,FLT3DY
0,0.7952537479564507,0.6916932067816562,0.7844182106356232,0.7271138722641455,0.6041434410999629,0.6966243961352657,0.6056356837606839,0.787596033438251,0.8147175536881419,0.8518290598290599,0.742716049382716
1,0.82071338772578,0.7985479452054794,0.8126803751803751,0.7142871534493874,0.7941259616136463,0.7413742690058479,0.6530448717948718,0.785016835016835,0.797349399529927,0.8410947712418301,0.8132544961813254
2,0.8784820747520975,0.7734812675070027,0.8228291316526611,0.723094523094523,0.8703831417624522,0.8097463468431211,0.7016754780504485,0.7905302007381403,0.8177777777777777,0.97375,0.8376388888888888
