,18A2,868Z11,A23,A6,NYE-S1,TCR2-T,TCR3,TCR6,TCR7,T1,FLT3DY
0,0.823249914000688,0.7051641643293186,0.8141453340595497,0.7718745175641728,0.7216507457683928,0.6719346699399891,0.6662618912618913,0.7619011129355956,0.8000765120863159,0.8370980870980871,0.6560980172091283
1,0.8540103501489996,0.7251687936619443,0.8209679705215419,0.7664274042950513,0.7705994078543098,0.7211318339137888,0.703296768844431,0.7623544973544973,0.7739041656344541,0.8419117647058822,0.7206022389446303
2,0.8981528807110202,0.851608187134503,0.8149641577060932,0.7535612535612536,0.8185288558095576,0.7636574074074073,0.6839364035087718,0.7422194922194921,0.7596290234588107,0.8029439696106363,0.7828063428761336
3,0.890386986437577,0.7697505197505198,0.7753472222222223,0.7660286336756924,0.8287638287638289,0.7977272727272727,0.6991028295376122,0.754930966469428,0.7777150385846037,0.8050411522633745,0.8577245321431367
