,18A2,868Z11,A23,A6,NYE-S1,TCR2-T,TCR3,TCR6,TCR7,T1,FLT3DY
0,0.8600920447074293,0.7038893840364429,0.7977811653116532,0.7877743500755167,0.6971319460681163,0.7363540430022425,0.6736309523809524,0.70072049689441,0.7622921949845027,0.8424743892829,0.7509157509157509
