,18A2,868Z11,A23,A6,NYE-S1,TCR2-T,TCR3,TCR6,TCR7,T1,FLT3DY
0,0.8879612059877715,0.7087218337218338,0.7921401515151515,0.7838406803924046,0.7838348765432098,0.7625915750915752,0.6594409348032536,0.7313218390804597,0.746031746031746,0.8046383647798742,0.9092970521541951
