,18A2,868Z11,A23,A6,NYE-S1,TCR2-T,TCR3,TCR6,TCR7,T1,FLT3DY
0,0.7855596405228757,0.7577054794520549,0.8105066872427984,0.8001348163127738,0.7370328084613799,0.7225146198830409,0.6017563060245986,0.7658364421037233,0.7785290773229369,0.8552083333333335,0.7899744195198742
