,18A2,868Z11,A23,A6,NYE-S1,TCR2-T,TCR3,TCR6,TCR7,T1,FLT3DY
0,0.8099706838314957,0.7586294218482156,0.8127229080932784,0.7661389759665623,0.7565505553877646,0.6709871009512426,0.6674638605442177,0.7319240196078431,0.8088904789401891,0.8646837606837607,0.6574464654282766
1,0.8150721446770799,0.744020289474835,0.8380658436213991,0.7927070707070708,0.7836104812295289,0.7083812811660911,0.6903010244286841,0.7298238798238798,0.7790938214366206,0.8732673267326733,0.7244208494208495
2,0.8552758487654321,0.8041666666666667,0.8556763285024154,0.8323799699924982,0.8172507569059294,0.7023732990463945,0.695115995115995,0.7705285412262156,0.7545471324541092,0.8584401709401709,0.7929051278333574
