,18A2,868Z11,A23,A6,NYE-S1,TCR2-T,TCR3,TCR6,TCR7,T1,FLT3DY
0,0.8274534240884543,0.7225518734139423,0.8105276832955405,0.7652757531584062,0.7359073541204775,0.786167290886392,0.6625746714456392,0.7754666796412527,0.7603327965646806,0.8859943977591037,0.7454099919537708
1,0.8544477761119441,0.7024401800521204,0.8072916666666666,0.7561413454270598,0.7254990379990379,0.7452233980011758,0.6601923076923079,0.8131430041152264,0.7347081930415263,0.8702107279693486,0.856388888888889
2,0.8875420875420875,0.7335416666666666,0.7967747382641001,0.8579214666171189,0.7762820512820513,0.740007215007215,0.6147250280583614,0.7529310966810967,0.7613636363636364,0.8812893081761007,0.8822530864197531
