,18A2,868Z11,A23,A6,NYE-S1,TCR2-T,TCR3,TCR6,TCR7,T1,FLT3DY
0,0.8428314911409175,0.6985191993464053,0.831236361156574,0.7657630680325714,0.7471859114015977,0.7353641456582634,0.6611992793207214,0.7612791851446854,0.693221007893139,0.9203914141414141,0.773203881294067
1,0.872302707989486,0.7360398860398861,0.8457927974057006,0.7707773297491038,0.8003822951739618,0.717339208410637,0.6906211474632528,0.7503217503217502,0.8216645216645216,0.91820987654321,0.8604627035999585
