,18A2,868Z11,A23,A6,NYE-S1,TCR2-T,TCR3,TCR6,TCR7,T1,FLT3DY
0,0.8801169590643275,0.7816358024691358,0.8193241943241943,0.739902775884785,0.8110799875505758,0.7655826558265583,0.608788316839023,0.6623300071575934,0.7896514161220042,0.900297619047619,0.7400793650793651
