,18A2,868Z11,A23,A6,NYE-S1,TCR2-T,TCR3,TCR6,TCR7,T1,FLT3DY
0,0.7994034158213262,0.6871182412358884,0.8197882288228824,0.758503540305011,0.6201368701550387,0.6835255841467021,0.6414517195767196,0.7560745686642387,0.7482347513597514,0.8391731855714907,0.8444323627723409
1,0.8563453159041394,0.7015456989247312,0.8342414529914531,0.7769037847697217,0.8366528738471674,0.658578431372549,0.668676463162147,0.781906432748538,0.7630541346973572,0.8645994832041343,0.7840799297321036
2,0.8535976890756302,0.6527350427350428,0.8148148148148149,0.8052136752136753,0.7937350006315524,0.6879409171075838,0.6705571117335823,0.8257168458781362,0.7865312358065982,0.8302469135802469,0.8799542682926829
