,18A2,868Z11,A23,A6,NYE-S1,TCR2-T,TCR3,TCR6,TCR7,T1,FLT3DY
0,0.8321894446108282,0.7081349206349206,0.823376225490196,0.7471391263057928,0.6408710337281766,0.7375095347063311,0.6354816814955809,0.7618487394957983,0.7449985911524374,0.8417651694247438,0.7736576949620427
