,18A2,868Z11,A23,A6,NYE-S1,TCR2-T,TCR3,TCR6,TCR7,T1,FLT3DY
0,0.8372277102330293,0.7629487179487179,0.7905532114392874,0.7872645372645373,0.7966085784963336,0.7489735210323446,0.6321761599820245,0.7698148148148148,0.8175003889289604,0.8737125468164795,0.7487333475056689
