,18A2,868Z11,A23,A6,NYE-S1,TCR2-T,TCR3,TCR6,TCR7,T1,FLT3DY
0,0.783464802831,0.7167409884801188,0.8170060080106808,0.7839150121908741,0.6892970105091317,0.6287615740740741,0.6601223136716964,0.7449996486049617,0.7970472124092476,0.843153980752406,0.7269991582491583
1,0.8764433875016514,0.7356613756613757,0.800339366515837,0.7889743069766298,0.7889095031952175,0.7073203842940684,0.6475600700941518,0.7519899285250161,0.7740308767185035,0.8438562091503267,0.8022499999999999
2,0.8989197530864197,0.7741687192118226,0.8102125794433487,0.779915514592934,0.811465046088588,0.7237322515212982,0.6879357298474945,0.7683423913043478,0.80829307568438,0.7443741209563995,0.7366255144032922
