,18A2,868Z11,A23,A6,NYE-S1,TCR2-T,TCR3,TCR6,TCR7,T1,FLT3DY
0,0.8182266773816069,0.768688350860031,0.8327183699990717,0.7662699202819997,0.7457902001380261,0.6928459856294907,0.6431935079733822,0.7383717691622104,0.8008478219745827,0.8848741319444443,0.7926346801346802
1,0.8194618055555555,0.7466876557785648,0.8683261183261183,0.7745328343154431,0.7874792842113103,0.6841676841676841,0.661177804692695,0.7410116364932651,0.7540302579365079,0.9033018867924528,0.763724523339908
2,0.8674314574314574,0.7155328798185941,0.8839303482587065,0.8046296296296296,0.8248687959214275,0.7363122668422207,0.6480278980278981,0.7692185007974482,0.7630218754168334,0.9854166666666666,0.7635721623009758
