,18A2,868Z11,A23,A6,NYE-S1,TCR2-T,TCR3,TCR6,TCR7,T1,FLT3DY
0,0.8202453668468538,0.7246651413318079,0.8167305236270753,0.8035420875420876,0.7506425674401056,0.7117224880382776,0.6129296235679215,0.7638320545609547,0.8241626794258373,0.8329444444444444,0.803872662425294
1,0.8611545138888889,0.6092836257309941,0.8031914893617023,0.8061111111111111,0.7867716165413534,0.72885101010101,0.678384115884116,0.7543538836642285,0.8902529761904763,0.858974358974359,0.7906832298136646
