,18A2,868Z11,A23,A6,NYE-S1,TCR2-T,TCR3,TCR6,TCR7,T1,FLT3DY
0,0.8364583333333334,0.7648953301127214,0.832720588235294,0.8107295783926217,0.7253267973856209,0.7201946975973487,0.6884754212340419,0.7561998285402541,0.7195793972109762,0.8339035087719298,0.8492165242165243
