,18A2,868Z11,A23,A6,NYE-S1,TCR2-T,TCR3,TCR6,TCR7,T1,FLT3DY
0,0.7975575078516255,0.7578047396055059,0.8162012173290368,0.7526566132887972,0.7337190506833364,0.7175952067256416,0.6860129986814623,0.7811849886153293,0.752111391694725,0.8479344729344729,0.7847999414819692
1,0.8484802788110318,0.7508463541666667,0.8365083664379439,0.7502717391304348,0.847609126984127,0.742517006802721,0.6503238373508644,0.7742403628117914,0.826982821637427,0.8359496124031006,0.7825925925925926
2,0.8470117845117845,0.7258807588075881,0.8087486157253597,0.7612079949036471,0.8359788359788359,0.7945286195286195,0.6604830917874396,0.7536126818423469,0.8476149050311731,0.8996913580246914,0.8325156325156325
