,18A2,868Z11,A23,A6,NYE-S1,TCR2-T,TCR3,TCR6,TCR7,T1,FLT3DY
0,0.8262967875036841,0.6542857142857142,0.8465477823502514,0.7767168703230084,0.7612495103799451,0.7304365079365079,0.6208937198067633,0.764863523573201,0.7341464510332435,0.8672101449275362,0.8143076923076923
