,18A2,868Z11,A23,A6,NYE-S1,TCR2-T,TCR3,TCR6,TCR7,T1,FLT3DY
0,0.7969444444444443,0.6676341335432244,0.8062988036392292,0.7543669556080904,0.7516514731140177,0.7289287585123101,0.6247817460317461,0.7696637426900584,0.7803536619326094,0.8805059523809525,0.7534188034188034
1,0.8762718762718763,0.7326446280991735,0.8740426867545512,0.8167189132706375,0.8162350320245056,0.7535236252217384,0.6244329104190696,0.7719017094017094,0.8230261801690374,0.8848298122065729,0.7413419913419913
