,18A2,868Z11,A23,A6,NYE-S1,TCR2-T,TCR3,TCR6,TCR7,T1,FLT3DY
0,0.8201271186440678,0.7691262691262691,0.8561789772727272,0.7975353019995876,0.7586200517943027,0.6593615951938473,0.6569993950393225,0.734455391351943,0.7679653001551497,0.8106303418803419,0.8069890728118576
1,0.8589958492975734,0.7685185185185185,0.9091435185185186,0.8183648074952422,0.7726307189542484,0.7070707070707071,0.6663139329805996,0.7550366300366301,0.7327142857142857,0.8628787878787879,0.8535353535353535
