,18A2,868Z11,A23,A6,NYE-S1,TCR2-T,TCR3,TCR6,TCR7,T1,FLT3DY
0,0.7837391946025724,0.675030599755202,0.8095601488458631,0.7870404572085244,0.6931023956886025,0.6972511492635332,0.671807287845439,0.7247542735042735,0.7688033214349005,0.8431955922865013,0.6853936072087413
1,0.8522008704935534,0.732449494949495,0.7953800154320988,0.8063620071684587,0.7101045883940621,0.7131256163708087,0.6801561365286856,0.764102564102564,0.7286617223539006,0.8148148148148149,0.7247461484593837
