,18A2,868Z11,A23,A6,NYE-S1,TCR2-T,TCR3,TCR6,TCR7,T1,FLT3DY
0,0.7995464012143033,0.6860532407407408,0.7676791277258568,0.7671926158133054,0.6991218521697263,0.7427662037037037,0.6369055690072639,0.7093322736839007,0.7948315982853643,0.8426290463692038,0.6970194546059196
1,0.8673392520850148,0.6977461013645225,0.8366351138156413,0.793207236026385,0.7341584782060973,0.7168233082706766,0.6667194538288288,0.7462841130604289,0.7934195924132365,0.8443444344434444,0.7995326192794548
2,0.9044711686709838,0.7664514393327954,0.865625,0.7913797061524334,0.7773574561403508,0.730908152734778,0.6662750626566417,0.7615214646464646,0.8255748979153235,0.817426400759734,0.7866161616161614
