,18A2,868Z11,A23,A6,NYE-S1,TCR2-T,TCR3,TCR6,TCR7,T1,FLT3DY
0,0.8105370972865797,0.6975806451612904,0.8596409298464094,0.7509443241150559,0.799783950617284,0.7569780853517877,0.6724601787101787,0.7262857932735759,0.7518232518232518,0.8054491272882078,0.7963456526889363
