,18A2,868Z11,A23,A6,NYE-S1,TCR2-T,TCR3,TCR6,TCR7,T1,FLT3DY
0,0.8336867192636422,0.7516723356009071,0.8071127185051236,0.795679012345679,0.7535702614379085,0.7277807622287881,0.6637413275344309,0.7579905437352247,0.8301934009481179,0.8427387914230019,0.8661270236612703
