,18A2,868Z11,A23,A6,NYE-S1,TCR2-T,TCR3,TCR6,TCR7,T1,FLT3DY
0,0.8575074616741284,0.7543509070294784,0.8237151567944251,0.7758316864295125,0.6263644417698878,0.6999110094075768,0.662745364703749,0.7782729253317489,0.7429563492063492,0.8666081871345029,0.7918388106416275
