,18A2,868Z11,A23,A6,NYE-S1,TCR2-T,TCR3,TCR6,TCR7,T1,FLT3DY
0,0.8593538861918825,0.7012907268170426,0.8214890894629456,0.7763630089717046,0.7461224489795919,0.7179048952584904,0.6090576971529352,0.7311221532091098,0.7468452668924367,0.8138503086419752,0.7252074208595948
