,18A2,868Z11,A23,A6,NYE-S1,TCR2-T,TCR3,TCR6,TCR7,T1,FLT3DY
0,0.8624046238988768,0.7048188405797101,0.8355089662447256,0.777185689090451,0.7121048760510172,0.7167508417508417,0.6523319615912208,0.7613256308908483,0.775422138836773,0.8115009746588694,0.7289737654320988
