,18A2,868Z11,A23,A6,NYE-S1,TCR2-T,TCR3,TCR6,TCR7,T1,FLT3DY
0,0.7726320403243481,0.6802067824648471,0.7615427457532721,0.7355568687430477,0.7001760538583963,0.7566757281553397,0.6506401066224884,0.7624870931537598,0.7009561541432197,0.6484710351377018,0.7306805074971164
1,0.8304121584753995,0.7289446664446664,0.8240086953679185,0.8168886198547215,0.7413449006190941,0.7444664031620554,0.6694005647130647,0.8011725561367923,0.8151433999732677,0.8414056531703591,0.7661637931034484
2,0.8730658436213993,0.7615682137834038,0.8139914772727272,0.8261965811965811,0.7596227058701702,0.7235959595959596,0.6654972310592671,0.7910296887116429,0.8075326864933654,0.8418954248366014,0.7599640125955917
3,0.8851960237829802,0.827981277981278,0.8602102102102102,0.826954365079365,0.7593308913308913,0.7239858906525574,0.6590567085795082,0.8056771407897702,0.7877580856904164,0.823062015503876,0.7493941955480418
4,0.9018170426065163,0.8241053817976894,0.8384180790960452,0.8136288998357964,0.8127112914131169,0.7207777777777777,0.639937641723356,0.7944494136354602,0.8012360232915373,0.8215277777777777,0.7856369820655535
