,18A2,868Z11,A23,A6,NYE-S1,TCR2-T,TCR3,TCR6,TCR7,T1,FLT3DY
0,0.8221929824561404,0.7468960437710438,0.6995251661918328,0.7729590965008201,0.6941560811496846,0.6487065388764418,0.6157156662843549,0.761735505742355,0.7866514261282136,0.8544575725026853,0.7296193160982765
1,0.801507170032192,0.7584787852987086,0.8653174603174603,0.7906392245472705,0.7360889050387597,0.6755971301425848,0.595798012943214,0.7715809409888358,0.7694142850187449,0.8490028490028491,0.8272524928774928
2,0.829290527150218,0.8077564102564102,0.9027777777777778,0.7980779113989106,0.7298381840865501,0.7280945419103313,0.6008482999329682,0.7755325814536341,0.7474273607748184,0.832823282328233,0.835794166151309
3,0.8699206349206349,0.7944750816993463,0.9253131313131314,0.7874065861870739,0.783010593742301,0.7143844270709941,0.5798225308641975,0.7793819655521782,0.8287868993751347,0.8071895424836603,0.8657816257816258
4,0.8887191240132416,0.8199134199134198,0.9350507416081187,0.781757016532103,0.7799524853801169,0.7063311688311688,0.5967463908640379,0.7857332725753778,0.8366831581117294,0.8057971014492754,0.8575102880658436
