,18A2,868Z11,A23,A6,NYE-S1,TCR2-T,TCR3,TCR6,TCR7,T1,FLT3DY
0,0.8351885136484513,0.6985556787386056,0.8306923222033579,0.8066290680473372,0.6869848674248199,0.7527479001498089,0.6114254838392769,0.7123299853525843,0.7857977207977208,0.8431955922865014,0.7114470284237727
1,0.884156378600823,0.7640550807217473,0.8479391371340524,0.7651021414097157,0.7483749910220499,0.7413898892890489,0.6592361592361593,0.7585256410256411,0.8394962725355669,0.8506189613526569,0.6988095238095239
