,18A2,868Z11,A23,A6,NYE-S1,TCR2-T,TCR3,TCR6,TCR7,T1,FLT3DY
0,0.8245482456140351,0.7282262841668782,0.8216987680027764,0.7939081917032164,0.7599773242630384,0.7492194174757282,0.6472603009999132,0.7388764320498896,0.7899015682349017,0.8565656565656566,0.8251799036112762
1,0.8205257593233372,0.7595897435897436,0.8406666666666668,0.7875526858577705,0.785094246031746,0.7381109228935316,0.6234508547008547,0.7729273504273504,0.8038044131794132,0.8567977915804003,0.7918063537675607
2,0.8277168458781362,0.7430848570089076,0.8739796408335735,0.7859009650371777,0.7901776942725217,0.741326416778224,0.6624603174603174,0.7796839872074982,0.7887240422484784,0.8397824397824397,0.8243520923520924
3,0.867937062937063,0.8034109477124183,0.8633596236335963,0.7721456344998233,0.8254863715928983,0.7212560386473431,0.6550009227690843,0.76258020938872,0.8306737588652483,0.8454651941097723,0.8235819735819736
4,0.8562388591800357,0.8054605887939221,0.8380028735632182,0.7895890118112341,0.8552206052206052,0.7130102040816326,0.6585490753911807,0.7674864817721959,0.8178030303030303,0.8551183476556611,0.8096256684491978
