,18A2,868Z11,A23,A6,NYE-S1,TCR2-T,TCR3,TCR6,TCR7,T1,FLT3DY
0,0.8005100780119312,0.7011296046383766,0.7689474855362706,0.7701497314296847,0.7007197532673239,0.7408854166666666,0.6319086255191732,0.7572640854548288,0.7843660298092776,0.8412729658792651,0.6953635960536526
1,0.8678094860615669,0.7272707084166111,0.8342911877394638,0.7857395020438499,0.7135424540186445,0.7182017543859649,0.6664730832350969,0.7739510489510489,0.7876100381027461,0.8453045304530454,0.8022719896137618
2,0.9115520282186949,0.7909604519774011,0.833746693121693,0.7976696026003984,0.7710876654000595,0.7288011695906432,0.6412385129490393,0.79008971124194,0.8218883205456095,0.817426400759734,0.7879088504088504
