,18A2,868Z11,A23,A6,NYE-S1,TCR2-T,TCR3,TCR6,TCR7,T1,FLT3DY
0,0.8655493951612904,0.6220959595959595,0.8325281803542673,0.7838182117028271,0.8069411000267553,0.7251028806584362,0.7532308377896614,0.7685467111304431,0.853744821486757,0.9586206896551724,0.8387134502923977
