,18A2,868Z11,A23,A6,NYE-S1,TCR2-T,TCR3,TCR6,TCR7,T1,FLT3DY
0,0.8506413339746673,0.6956521739130435,0.8094904815229563,0.7566012221809323,0.6800511164917945,0.7498035620743845,0.6151601403024552,0.7506196581196581,0.7742932921961055,0.8438016528925619,0.7760852935551731
1,0.8910487601116612,0.7559149445941898,0.8225308641975309,0.8341633114360386,0.7988749046529366,0.7761479591836734,0.6231224279835391,0.7728205128205129,0.8491171081126104,0.8173611111111111,0.7460815047021944
