,18A2,868Z11,A23,A6,NYE-S1,TCR2-T,TCR3,TCR6,TCR7,T1,FLT3DY
0,0.7931002995105559,0.7335997335997336,0.8060640732265446,0.7422888683296783,0.7314037830453093,0.7294995158557249,0.630113148863149,0.7252022774947559,0.7987705761316871,0.8552929943907387,0.6641331616821814
1,0.771351415786385,0.7257867294204504,0.8106873910878765,0.7561634582911179,0.74128751596424,0.7263135366506153,0.630332668922573,0.7474336357526882,0.7992587934296527,0.8535137701804368,0.6666706577266922
2,0.7804968483500185,0.7361930998294635,0.8056187107911246,0.776338313103019,0.780479242979243,0.7332278481012658,0.5922542735042735,0.7634291233362441,0.8014435961534131,0.8645764576457645,0.7056776556776557
3,0.8331571469167377,0.7430193865740741,0.8154568436258577,0.7879765859832304,0.8122427510698492,0.7166488603988603,0.6202281746031746,0.7557870370370371,0.81092007881584,0.8463616557734205,0.7713286713286713
4,0.8291396103896105,0.7459967320261439,0.7782030834662415,0.8021892967713401,0.8281226570700255,0.7025613275613276,0.6091391941391942,0.7711805555555555,0.7770007770007771,0.8708333333333332,0.8183127572016461
5,0.8573272792022792,0.7585585585585587,0.7815999138673556,0.8366529304029305,0.8402777777777777,0.6825036075036075,0.6452292884699519,0.7499103942652331,0.8317391304347824,0.8252525252525252,0.7720164609053498
