,18A2,868Z11,A23,A6,NYE-S1,TCR2-T,TCR3,TCR6,TCR7,T1,FLT3DY
0,0.8509531506568143,0.770283696938948,0.8507949691504507,0.7577067183462532,0.7448185364852032,0.7413630229419703,0.6635097001763669,0.7294783010156971,0.7619183285849953,0.8651265126512652,0.7545970695970695
1,0.8641625615763546,0.7817460317460317,0.8096631205673758,0.7716333845366102,0.8058226495726496,0.7302168021680217,0.6711412151067323,0.7628004179728318,0.8166922683051715,0.9183700209643607,0.7789224664224664
