,18A2,868Z11,A23,A6,NYE-S1,TCR2-T,TCR3,TCR6,TCR7,T1,FLT3DY
0,0.8259410430839003,0.6785914702581369,0.8253070175438597,0.7722861214821952,0.760653867894057,0.763425925925926,0.7010038986354775,0.767218527086948,0.708545524691358,0.875,0.7838958333333333
