,18A2,868Z11,A23,A6,NYE-S1,TCR2-T,TCR3,TCR6,TCR7,T1,FLT3DY
0,0.8299135015608741,0.6963691796008868,0.8169018560894991,0.7569582348305751,0.7297420634920635,0.7683295540438397,0.6672701338599957,0.7512554927809165,0.7829333541114747,0.8405705705705705,0.7119104853479854
1,0.889515455304929,0.7678649237472767,0.8049057829759585,0.8260373155109998,0.8046485260770976,0.7703956582633052,0.6824074074074075,0.7918381344307269,0.7953658536585366,0.9078373015873016,0.7793040293040293
