,18A2,868Z11,A23,A6,NYE-S1,TCR2-T,TCR3,TCR6,TCR7,T1,FLT3DY
0,0.8694558756287152,0.787043900831892,0.8132090132090132,0.7801932367149759,0.7768933126075983,0.7585241491491491,0.669381313131313,0.7761228465955701,0.8307892628205128,0.8246527777777777,0.8050767515650459
