,18A2,868Z11,A23,A6,NYE-S1,TCR2-T,TCR3,TCR6,TCR7,T1,FLT3DY
0,0.8353756946524241,0.7111243386243387,0.8183352623456791,0.7367758784425451,0.6536606060606062,0.7371535723366387,0.630867320522493,0.7681952781112443,0.7532689532689533,0.8410559495665879,0.7727329192546583
