,18A2,868Z11,A23,A6,NYE-S1,TCR2-T,TCR3,TCR6,TCR7,T1,FLT3DY
0,0.78013398013398,0.6835814722911498,0.7622110832637148,0.7354830031155893,0.7007366093435304,0.7552051779935276,0.6492356420712798,0.7631425892295458,0.7251375786163522,0.6491547958214624,0.7308727412533642
1,0.8447627535862829,0.7305957930957931,0.8219329214474845,0.7888137468622011,0.7594990079365079,0.743507539159713,0.6742487471178947,0.796880341880342,0.8163224876362873,0.8408454290807232,0.7638010855683269
2,0.8722588590497379,0.7604430379746837,0.8125236742424242,0.822410329985653,0.749937564339187,0.7265268515268515,0.6688095238095239,0.8028061224489796,0.8083918974782968,0.8415686274509805,0.7562753036437248
3,0.8924264007597341,0.8042534722222222,0.8637387387387386,0.831950456950457,0.753978021978022,0.7217813051146384,0.6695188492063492,0.8242663706025776,0.7891902374985081,0.8204780361757106,0.7466892082276697
4,0.896467113977374,0.8133680555555557,0.8389830508474576,0.8166666666666668,0.8082435344827585,0.717361111111111,0.640088813303099,0.8008800142946484,0.8047368985103418,0.8199404761904762,0.7588115828092242
