,18A2,868Z11,A23,A6,NYE-S1,TCR2-T,TCR3,TCR6,TCR7,T1,FLT3DY
0,0.8326553192905394,0.7112301587301587,0.8238970588235294,0.7585588793922127,0.6440107511536083,0.7362509534706331,0.6315625970798385,0.7701263197586727,0.7515373515373516,0.8428684003152087,0.7746100759144238
