,18A2,868Z11,A23,A6,NYE-S1,TCR2-T,TCR3,TCR6,TCR7,T1,FLT3DY
0,0.7950015884782378,0.7527271310581268,0.8061926605504587,0.7909973536790734,0.7542041856831544,0.6809871915026555,0.6546169239565466,0.7611466780480866,0.7768932435190855,0.8636067708333334,0.7357603092783505
1,0.873710549793688,0.7504225932797363,0.8477494727494728,0.8010994502748626,0.7798866065619482,0.7052177620359439,0.6696302124311565,0.781990997508239,0.7865179340470038,0.8791801510248112,0.8340081546832602
2,0.899084595959596,0.7432098765432099,0.8466942148760329,0.8439797556176867,0.8490695128626163,0.7018748276812793,0.7036754145449797,0.7928888888888889,0.8246560846560845,0.8867521367521367,0.843271372876636
