,18A2,868Z11,A23,A6,NYE-S1,TCR2-T,TCR3,TCR6,TCR7,T1,FLT3DY
0,0.8305224867724869,0.7113375130616509,0.7756558641975309,0.7773962344886606,0.7392584892584892,0.7496346686822877,0.6886926328502415,0.7680211202938475,0.7768429487179488,0.8557936507936508,0.805926916221034
