,18A2,868Z11,A23,A6,NYE-S1,TCR2-T,TCR3,TCR6,TCR7,T1,FLT3DY
0,0.8628118794785461,0.6982872200263505,0.8257503813059369,0.7814625850340136,0.7810830662393163,0.7212833963994955,0.6413131041890442,0.7285552316164562,0.7695473251028807,0.8825536062378169,0.8435886479364739
