,18A2,868Z11,A23,A6,NYE-S1,TCR2-T,TCR3,TCR6,TCR7,T1,FLT3DY
0,0.8139175482129642,0.7658730158730158,0.8541666666666666,0.8188492063492063,0.7705539591315453,0.7472899728997291,0.6401275065791913,0.7737373737373737,0.7757631257631257,0.9444444444444445,0.6779205094422486
