,18A2,868Z11,A23,A6,NYE-S1,TCR2-T,TCR3,TCR6,TCR7,T1,FLT3DY
0,0.8129642661662366,0.7880174745163303,0.8254746835443038,0.7810831426392068,0.7420016542597189,0.7099099099099099,0.6786470143612999,0.7146915584415584,0.7813786008230452,0.8457309941520469,0.7786298061015154
