,18A2,868Z11,A23,A6,NYE-S1,TCR2-T,TCR3,TCR6,TCR7,T1,FLT3DY
0,0.800265522875817,0.7972359251429019,0.8432214948172394,0.7547321428571429,0.8045602286967418,0.6921742762703861,0.6190135743155647,0.7695697577276525,0.8062737554731454,0.8307162534435261,0.7704096669613912
1,0.8052753835809036,0.749485596707819,0.8236144740382029,0.7337352565547292,0.8516304347826087,0.6867283950617283,0.6167204301075269,0.8193931181736059,0.8366858237547893,0.80703166935051,0.7600574712643677
