,18A2,868Z11,A23,A6,NYE-S1,TCR2-T,TCR3,TCR6,TCR7,T1,FLT3DY
0,0.8213584905660377,0.6965765765765766,0.8104890046296296,0.7881205673758865,0.8012124756335283,0.6799687010954617,0.6752564102564103,0.7285171717171717,0.772523616734143,0.8725658648339061,0.7590037277537278
