,18A2,868Z11,A23,A6,NYE-S1,TCR2-T,TCR3,TCR6,TCR7,T1,FLT3DY
0,0.8328300222954311,0.7098015873015874,0.805538617886179,0.7657283985630553,0.6537252525252525,0.7339117721840834,0.6332610331547962,0.7682843137254901,0.7499647788109328,0.8417651694247438,0.7710904071773635
