,18A2,868Z11,A23,A6,NYE-S1,TCR2-T,TCR3,TCR6,TCR7,T1,FLT3DY
0,0.8462566137566138,0.7413416011728794,0.8120089786756454,0.7885675571041425,0.7402003205128205,0.7196415165165165,0.6413926241512448,0.7589950980392156,0.8069711538461538,0.8492753623188406,0.7861721611721612
