,18A2,868Z11,A23,A6,NYE-S1,TCR2-T,TCR3,TCR6,TCR7,T1,FLT3DY
0,0.8254122807017543,0.7337583051868766,0.8232306773124763,0.7411728395061729,0.7198947427670831,0.6551885369532429,0.6344127105422358,0.7646595353117093,0.7801137808288838,0.8550543024227234,0.6304306036139946
1,0.8249536891405405,0.745742284535388,0.8359375,0.7558359122824531,0.7841631700494406,0.7600308641975309,0.6583337309919196,0.7804659498207887,0.7703936688311689,0.8638834100372561,0.7620987654320989
2,0.829156223893066,0.7539258626215147,0.8382539682539681,0.7824609415150582,0.8147646272646272,0.7624238162212845,0.6782591122868902,0.7845315271730366,0.8110672514619884,0.8637222222222222,0.7932214796249885
3,0.8487784679089027,0.7629032258064515,0.8726851851851851,0.8103925353925354,0.8057686842853083,0.751624231782265,0.6823637187088275,0.77062251984127,0.8164624973135611,0.8401424963924965,0.8442416958041958
4,0.8614770897379592,0.8339335734293717,0.8870998116760829,0.8117536488279522,0.8365425084175083,0.7537557392102846,0.6931833794578893,0.7804065040650406,0.8306599832915623,0.8054213633923779,0.8124183006535949
