,18A2,868Z11,A23,A6,NYE-S1,TCR2-T,TCR3,TCR6,TCR7,T1,FLT3DY
0,0.8077352203044724,0.7462647306397306,0.8392753623188406,0.6956810678506375,0.7285352295539845,0.7085905349794239,0.6638796891573046,0.6995552520853326,0.7838004192872118,0.8550543024227234,0.7491515837104071
1,0.8289486537368571,0.768182230383822,0.8397329228721192,0.7514818427370948,0.69648395663374,0.6965150704476546,0.6692753069924287,0.7355200448556211,0.7271786492374727,0.8494776828110161,0.7124654934437543
2,0.8598290598290598,0.7847298899930478,0.8266249254621347,0.7712820512820512,0.7831964092739955,0.6935881370091895,0.6283469524103197,0.7417043740573153,0.8350832596522251,0.8525757575757577,0.7481919789612097
3,0.8436609686609686,0.7601495726495727,0.8028549382716049,0.7969888534404662,0.799499783370751,0.6929510155316606,0.6152920410783055,0.7282539682539683,0.8246419135029899,0.8519410977242302,0.7949954086317721
4,0.8459656084656085,0.7673611111111112,0.8508333333333332,0.7907962962962963,0.8062087912087912,0.7038690476190478,0.607346189164371,0.7585941043083899,0.8336482231219073,0.8396650326797386,0.8128540305010893
