,18A2,868Z11,A23,A6,NYE-S1,TCR2-T,TCR3,TCR6,TCR7,T1,FLT3DY
0,0.8387727898176814,0.7767595774468626,0.8052139695031973,0.7350968923549569,0.7171828389475449,0.7856560336670153,0.6630176812626083,0.7737590187590189,0.7787559315963829,0.8757655293088366,0.7664049807146135
1,0.8706506754893852,0.7751524390243901,0.7781947261663286,0.7249042810155206,0.7984931009440813,0.7477437880918893,0.6920319602103712,0.7782828282828284,0.8004226184769757,0.8752723311546841,0.773539886039886
2,0.8738383838383839,0.7352435923864494,0.7987786023500308,0.7775918775918775,0.8131602696820087,0.7019579092634122,0.679013605442177,0.8059703556219237,0.7917595406957109,0.8680555555555555,0.8124194667459611
