,18A2,868Z11,A23,A6,NYE-S1,TCR2-T,TCR3,TCR6,TCR7,T1,FLT3DY
0,0.816432770326213,0.7414239800603437,0.8109276122858465,0.753672182821119,0.7493237303036451,0.7498956866426747,0.6294205625512617,0.7679726030315619,0.8021354106111692,0.8402702702702703,0.7474380279739649
1,0.8936724973310338,0.7550835148874365,0.808641975308642,0.7684375937991065,0.7698765824461041,0.7733796296296296,0.6906733367833936,0.778974358974359,0.8288440860215053,0.814781746031746,0.7389548768225239
