,18A2,868Z11,A23,A6,NYE-S1,TCR2-T,TCR3,TCR6,TCR7,T1,FLT3DY
0,0.7912777777777779,0.6767576509511993,0.7609579504316346,0.734558740572956,0.7179557537300635,0.7514881850175966,0.6465780446879913,0.7577720672800461,0.7508051279929383,0.6482811016144349,0.7316416762783545
1,0.8539084383753502,0.7288197913197912,0.8217040959759405,0.798554361716438,0.6675429503911015,0.7431377130194062,0.6700988247863249,0.791078349944629,0.8080002149151085,0.8408454290807232,0.7672892720306513
2,0.8838952820492151,0.7655338488671822,0.8136126893939394,0.8018666666666667,0.7674012755148657,0.7350176263219742,0.6705202821869488,0.7769851980378296,0.788201287610038,0.8415686274509805,0.7595366621682412
3,0.8851258309591644,0.796875,0.8634384384384384,0.7830783214664444,0.7694754901960784,0.748962459913224,0.6602205882352941,0.8028549382716049,0.7953385096242238,0.8204780361757106,0.7463510848126232
4,0.8834786821705426,0.8151041666666666,0.8335844318895167,0.8293103448275861,0.8371813371813372,0.7427450980392157,0.6380859556298152,0.7988043702329417,0.821608527131783,0.8189484126984127,0.7846706864564007
