,18A2,868Z11,A23,A6,NYE-S1,TCR2-T,TCR3,TCR6,TCR7,T1,FLT3DY
0,0.8048718054438879,0.7563024781935274,0.8267568850902184,0.7487661389692488,0.736039686250065,0.7504635334154784,0.6656943909639327,0.7012536075036074,0.7924897495229976,0.855542754736303,0.7643350103199174
1,0.854384280593958,0.7751494537208824,0.8454690544293827,0.7617542586509817,0.7540040577634564,0.7561451247165533,0.6712473572938689,0.7320703378817415,0.8028031387993794,0.8417904290429042,0.8086956521739131
2,0.8690399435080286,0.6596749811035526,0.8412860576923077,0.7882339015151515,0.7775577301439371,0.7787311676082863,0.6563460693895476,0.6992424242424242,0.7877745478036177,0.8138528138528138,0.7894567663130826
