,18A2,868Z11,A23,A6,NYE-S1,TCR2-T,TCR3,TCR6,TCR7,T1,FLT3DY
0,0.7965459423205902,0.6629684418145957,0.7674677347574543,0.7498955067920585,0.7005453099160578,0.7423321759259259,0.633589991928975,0.7531818181818183,0.7919412124923454,0.8405293088363953,0.6991187229797141
1,0.8745541022592151,0.7243393293359981,0.8357110660356096,0.774447601010101,0.7193832983927324,0.7178153717627401,0.6662619650900902,0.7785208047553726,0.7963873755716976,0.8430243024302432,0.7964946445959105
2,0.9133885438233263,0.7889423076923077,0.8666266025641026,0.7924636521275178,0.7548532196969697,0.7303921568627452,0.6673715538847119,0.7831458602249676,0.8278100150440576,0.8160018993352326,0.7897727272727272
