,18A2,868Z11,A23,A6,NYE-S1,TCR2-T,TCR3,TCR6,TCR7,T1,FLT3DY
0,0.7662412412412412,0.6932017543859649,0.8441898772087452,0.7499651116427432,0.765931293612453,0.7536617671643326,0.6111179361179362,0.7479066472002748,0.7463910201761864,0.8399238095238095,0.6526692708333334
1,0.8326352899700336,0.7085326953748007,0.860748106060606,0.8194283842121491,0.788050624589086,0.7732166290817822,0.6696528751753155,0.7583804143126177,0.7144264069264068,0.8468784378437842,0.6572722567287784
2,0.8718153928237963,0.7339275103980986,0.8757326007326007,0.8425933673611693,0.7991666666666667,0.7872574955908288,0.6487896871528586,0.7811870255348516,0.807597623089983,0.8164108618654073,0.772260569456428
