,18A2,868Z11,A23,A6,NYE-S1,TCR2-T,TCR3,TCR6,TCR7,T1,FLT3DY
0,0.7976331674256062,0.6804343995065644,0.7673787271918114,0.7705393671203139,0.6985252559083963,0.7421875,0.6343684600276892,0.7117937510118181,0.7659933962750864,0.8410542432195975,0.6944005653475225
1,0.8702681096622933,0.7115034421496781,0.8358688302907371,0.7854174408522234,0.7137314184933232,0.7446969696969697,0.6669527078565981,0.7506700779727096,0.8329304743339833,0.8446444644464446,0.8141025641025642
2,0.912742504409171,0.7724616858237549,0.8331679894179894,0.7922668240850058,0.7713436817851079,0.7516121031746031,0.643953634085213,0.7570391414141414,0.826031746031746,0.8160018993352326,0.8068783068783069
