,18A2,868Z11,A23,A6,NYE-S1,TCR2-T,TCR3,TCR6,TCR7,T1,FLT3DY
0,0.8161497105045492,0.8028997867803837,0.8130298520923521,0.7878513356562137,0.7525352733686068,0.7263353160298006,0.6732378129117259,0.7775959690405694,0.7244654088050314,0.8608124253285544,0.7756632386914077
