,18A2,868Z11,A23,A6,NYE-S1,TCR2-T,TCR3,TCR6,TCR7,T1,FLT3DY
0,0.8472222222222222,0.7705026455026455,0.8080246913580247,0.8422187715665976,0.7475633528265107,0.6492886958003238,0.5909863945578232,0.7470486111111111,0.8302331349206349,0.8561320754716982,0.744453044375645
