,18A2,868Z11,A23,A6,NYE-S1,TCR2-T,TCR3,TCR6,TCR7,T1,FLT3DY
0,0.8117291255752793,0.7219308469308469,0.8195514488981432,0.7733286252354049,0.7159807256235827,0.7413229773462783,0.6391093828668145,0.7532656792347844,0.7896857414763323,0.8540398615586585,0.7489571549773756
1,0.8019730173709413,0.7482616716333191,0.8442106710671067,0.7818867924528302,0.688922034583881,0.7278944797264288,0.6644336887392442,0.773714083791603,0.784202089854678,0.8494776828110163,0.72978270609319
2,0.8626937261935952,0.747843567251462,0.8353767560664113,0.755825293080195,0.7136254558129558,0.7010714285714285,0.6770097047999094,0.7692307692307692,0.8025191326530613,0.8603960396039604,0.7938821138211383
3,0.8662787997027128,0.7767735566448802,0.846995596995597,0.7444432752230289,0.7655183584106878,0.711778846153846,0.6407918858600351,0.7731234741052413,0.799518137704028,0.8158268733850128,0.8039351851851851
4,0.8433101851851852,0.8066993464052287,0.826896551724138,0.7808493589743589,0.8507579607046071,0.7298474945533769,0.6594464830129434,0.7897785039941904,0.7869967092528068,0.8072420634920635,0.8062878787878788
5,0.8898395721925133,0.8103553921568628,0.7712842712842712,0.7813786008230453,0.8546741929094871,0.7294823232323232,0.6456547619047619,0.793978243978244,0.7698435972629522,0.8425925925925926,0.8005319148936171
