,18A2,868Z11,A23,A6,NYE-S1,TCR2-T,TCR3,TCR6,TCR7,T1,FLT3DY
0,0.867336860670194,0.7228835978835978,0.8123314950980393,0.8119536942788361,0.725255000990295,0.7515237624577876,0.6008033294618661,0.7671813725490196,0.7729714729714731,0.8509751773049645,0.7456025039123632
