,18A2,868Z11,A23,A6,NYE-S1,TCR2-T,TCR3,TCR6,TCR7,T1,FLT3DY
0,0.8625231198470171,0.6778683798698625,0.824045745920746,0.732750929993772,0.7017301587301588,0.7006406217181266,0.6341266464990231,0.7533422459893049,0.7938799762329175,0.8438351254480287,0.6864949374627755
