,18A2,868Z11,A23,A6,NYE-S1,TCR2-T,TCR3,TCR6,TCR7,T1,FLT3DY
0,0.8301597968936679,0.6913424448783276,0.8078667413213886,0.7688232203835041,0.6815049357422239,0.7514777725621099,0.6126444712782474,0.7570621468926554,0.7726220923151869,0.8428650137741047,0.7737903996940142
1,0.8971421532397142,0.7571499013806706,0.8165204678362574,0.8221267979332496,0.7808386629896927,0.7769982993197279,0.6211419753086419,0.7734726179170623,0.8538401253918494,0.8131944444444444,0.7455154998258445
