,18A2,868Z11,A23,A6,NYE-S1,TCR2-T,TCR3,TCR6,TCR7,T1,FLT3DY
0,0.8495608660130719,0.7265052021149582,0.7988849064117881,0.7977276462853387,0.6915445665445666,0.7482201881515382,0.612893810006272,0.7608060249189282,0.7791887125220459,0.8396696696696697,0.7891093474426808
1,0.8968599033816425,0.7704751921733054,0.8170119271814187,0.8088613834273509,0.8017079736377982,0.7354444444444445,0.6158375139353399,0.7696023782980305,0.8164609053497943,0.8248677248677249,0.7656378600823045
