,18A2,868Z11,A23,A6,NYE-S1,TCR2-T,TCR3,TCR6,TCR7,T1,FLT3DY
0,0.8288519965277779,0.7011351909184725,0.8188470728793309,0.7547198366526097,0.6976587810990891,0.7683295540438397,0.6223484848484849,0.7781453867660764,0.8020594965675057,0.8809523809523809,0.7478435911132214
1,0.8919505786810848,0.7581727135298563,0.7972413793103449,0.8262117346938774,0.817389455782313,0.7149259703881553,0.60231949120838,0.7801262205286973,0.8425210897877005,0.9040674603174602,0.7656883298392732
