,18A2,868Z11,A23,A6,NYE-S1,TCR2-T,TCR3,TCR6,TCR7,T1,FLT3DY
0,0.8360344917147161,0.7086167800453514,0.8017003676470589,0.7964737477752352,0.7538697156752713,0.7412991939307729,0.6277209302325581,0.7469929558745347,0.720384584145549,0.964982269503546,0.8038194444444445
