,18A2,868Z11,A23,A6,NYE-S1,TCR2-T,TCR3,TCR6,TCR7,T1,FLT3DY
0,0.8058844558844559,0.7043537136622243,0.8172234259289203,0.7587999594238183,0.7070809862533065,0.745473289597001,0.6136599886599887,0.7531204229628835,0.7782057267351385,0.85752688172043,0.7182756166982921
1,0.8364624224839279,0.6786986986986987,0.8682896379525594,0.7990936368595944,0.7746231319038337,0.7595013313967561,0.6137268518518518,0.7811281676413255,0.7448213125406108,0.859020902090209,0.7261733203505356
2,0.8431186868686869,0.6488505747126437,0.904694835680751,0.7963597009051555,0.7558106575963719,0.782688492063492,0.629744413835323,0.7882394168769274,0.7905352223534042,0.9040084388185653,0.7408877131099354
