,18A2,868Z11,A23,A6,NYE-S1,TCR2-T,TCR3,TCR6,TCR7,T1,FLT3DY
0,0.8498985694615246,0.6415032679738563,0.8148982080870626,0.7536571334648258,0.6782745726495726,0.6959490134450846,0.6349231538653894,0.7756885090218423,0.7803590517512419,0.848996723996724,0.8316402589658404
1,0.9031318132730201,0.779140461215933,0.8265277777777778,0.7883538832199547,0.7710727969348659,0.7516280016280016,0.6196637426900584,0.7989807033924681,0.7794065656565657,0.8500150966183574,0.8623687858981977
