,18A2,868Z11,A23,A6,NYE-S1,TCR2-T,TCR3,TCR6,TCR7,T1,FLT3DY
0,0.8466371591371592,0.6921232876712328,0.8021017048794827,0.8100552566526101,0.7671116651948816,0.7011073573573574,0.6590909090909092,0.7198517628205128,0.7793367346938775,0.828125,0.739640022675737
