,18A2,868Z11,A23,A6,NYE-S1,TCR2-T,TCR3,TCR6,TCR7,T1,FLT3DY
0,0.8271987868762062,0.7738247863247864,0.8317514949242107,0.8065652173913044,0.7452470662678325,0.6733315295815295,0.667074773053034,0.7665375712250713,0.7774621212121211,0.8541041041041041,0.8048210470085472
1,0.8791869918699188,0.7164302600472814,0.8509687034277199,0.8238486842105264,0.7835397897897898,0.7048540557974521,0.6417800453514739,0.7746509456495776,0.7796502278209596,0.8472222222222223,0.7765567765567766
