,18A2,868Z11,A23,A6,NYE-S1,TCR2-T,TCR3,TCR6,TCR7,T1,FLT3DY
0,0.8086413216138939,0.7637463564868283,0.8221460195299569,0.7636716705399577,0.6874779541446209,0.7381687242798355,0.6857853223593965,0.7079239729718525,0.6251437773176903,0.8724510397738744,0.7763390483785221
1,0.8150973761408083,0.775314368171511,0.8048766018035121,0.7984958729025821,0.7793296917720881,0.7494491312012087,0.6836605049836265,0.7199480181936321,0.762014768702024,0.8756472491909385,0.8298374445526345
2,0.8647263539282991,0.7438423645320197,0.8268700995973722,0.8112636784511785,0.807852652621058,0.7758511979823455,0.680392156862745,0.7244444444444446,0.7758698092031425,0.8826358826358827,0.7882575757575757
