,18A2,868Z11,A23,A6,NYE-S1,TCR2-T,TCR3,TCR6,TCR7,T1,FLT3DY
0,0.8714349977507873,0.6903315727699532,0.8026977594878829,0.8436851136851137,0.7165156466627055,0.7197159565580619,0.6386446020488573,0.7666886253842775,0.7645900465449337,0.8435776201733649,0.7395720476706392
