,18A2,868Z11,A23,A6,NYE-S1,TCR2-T,TCR3,TCR6,TCR7,T1,FLT3DY
0,0.8474348072562359,0.6869082125603865,0.8193415637860082,0.7869912591084613,0.7853757243638196,0.7315220700152207,0.5993175369986964,0.7465277777777778,0.7866989894269526,0.872184039709813,0.7283766702780786
