,18A2,868Z11,A23,A6,NYE-S1,TCR2-T,TCR3,TCR6,TCR7,T1,FLT3DY
0,0.809141834141834,0.6744123931623931,0.8228487886382624,0.7787092464826838,0.6889861705302955,0.6121320037986705,0.6312338048511109,0.7640259502923975,0.7569701646090534,0.8557107053347655,0.7310814950980392
1,0.8107172783643373,0.6677862367517541,0.8519153197371018,0.78971868789313,0.7984359726295209,0.70484017897811,0.6366897347174164,0.7608475479744136,0.7704906204906204,0.8650230111768572,0.749259029500965
2,0.8395799829722828,0.6472954654772837,0.847770088427528,0.8028175809330823,0.8042735042735042,0.6765895061728395,0.6453057708871662,0.7624738356881213,0.8345400538382993,0.8676111111111111,0.8296492259455223
3,0.8598346552520039,0.75625,0.8516369047619047,0.7950168232973663,0.7890192245030955,0.6988589638157894,0.6450594730645881,0.7774974120082816,0.8529046539250621,0.8765582655826559,0.8100421885588126
4,0.8703174603174603,0.8230625583566761,0.8501180836707153,0.8278018278018279,0.8070393374741202,0.7624148322851152,0.6209713770565698,0.7914855072463768,0.8283197831978321,0.8447761194029851,0.8017741187384045
5,0.8869287634408604,0.821045751633987,0.830952380952381,0.8036816578483245,0.7900173988690735,0.7257751937984497,0.6583000333000333,0.7780913978494622,0.8028107158541942,0.8649237472766886,0.8018518518518518
