,18A2,868Z11,A23,A6,NYE-S1,TCR2-T,TCR3,TCR6,TCR7,T1,FLT3DY
0,0.8390009728037896,0.6756859635210151,0.7673787271918114,0.7675892683198352,0.6991323187708023,0.7420428240740741,0.6246655582310897,0.7564884468811538,0.7917615839967341,0.8415791776027998,0.6976984258951336
1,0.8686151763219786,0.7307638888888889,0.8351025467658327,0.7828781122259384,0.720163222521713,0.7448787878787879,0.6651440029586483,0.7741711991711991,0.7958072706483724,0.8456645664566458,0.7954690035702695
2,0.88624895572264,0.7618426770969143,0.8666266025641026,0.7951530879731572,0.7555108375420877,0.7516534391534391,0.6413690476190477,0.7916844957923264,0.8267999140339567,0.817426400759734,0.7810846560846562
