,18A2,868Z11,A23,A6,NYE-S1,TCR2-T,TCR3,TCR6,TCR7,T1,FLT3DY
0,0.8310529537802266,0.7294553708906774,0.8241736360015929,0.7618013145768137,0.6962758820937963,0.7577475434618292,0.6123333333333333,0.7640142021720968,0.7885949441504997,0.8414714714714714,0.7337932816537468
1,0.9119371255556272,0.8008535489667565,0.8318366858237548,0.7939306861720654,0.8134469696969697,0.7534380267944282,0.6651864035087719,0.7943782291608379,0.8248892580287929,0.9072420634920634,0.765237166991553
