,18A2,868Z11,A23,A6,NYE-S1,TCR2-T,TCR3,TCR6,TCR7,T1,FLT3DY
0,0.8663123795245234,0.698569585152239,0.8243114909781576,0.8064373897707231,0.7370273919753086,0.7803921568627451,0.6813687600644123,0.7384410554345194,0.8172974364632756,0.9173758865248227,0.7561193427142546
