,18A2,868Z11,A23,A6,NYE-S1,TCR2-T,TCR3,TCR6,TCR7,T1,FLT3DY
0,0.8370404411764706,0.7074146341463415,0.8337555117740876,0.750782061799289,0.7037261232176487,0.7554668534080299,0.5894486961451247,0.7110587989119063,0.780246913580247,0.8497474747474746,0.7046649429002371
1,0.9039296473506999,0.7618189102564102,0.8376800794833582,0.7292342664393482,0.7580861678004536,0.741392390289449,0.6187854348687725,0.7345009157509157,0.806921373200443,0.849411231884058,0.7815012873836403
