,18A2,868Z11,A23,A6,NYE-S1,TCR2-T,TCR3,TCR6,TCR7,T1,FLT3DY
0,0.8477046407470935,0.7290372670807453,0.8397530499803226,0.7965805526781137,0.7550140745953554,0.7369534676535087,0.6204810789049919,0.7281579298386021,0.7354103535353537,0.8151867512332629,0.7888799355358582
