,18A2,868Z11,A23,A6,NYE-S1,TCR2-T,TCR3,TCR6,TCR7,T1,FLT3DY
0,0.7481129826791674,0.7358743961352657,0.804728317659352,0.7347916666666666,0.8256093083679291,0.7289609053497942,0.6078869047619048,0.7292493112947658,0.7343669748330764,0.8400990099009901,0.7820986151682354
1,0.847267316017316,0.7258258258258259,0.8731078904991948,0.7528888888888888,0.8741674991674991,0.708888888888889,0.6372660024154589,0.7313492063492063,0.8148148148148149,0.8367283950617285,0.858641975308642
