,18A2,868Z11,A23,A6,NYE-S1,TCR2-T,TCR3,TCR6,TCR7,T1,FLT3DY
0,0.8388007054673722,0.739606647935616,0.8133256848838827,0.7887698412698413,0.7523274640760979,0.7186507936507937,0.6353245365467365,0.7679309384572542,0.7820255767624188,0.8393693693693693,0.7429756517991812
1,0.851095993953137,0.7504837929366232,0.8105776736924278,0.7986291486291486,0.803152557319224,0.7250142450142452,0.6443943943943943,0.7610657596371881,0.7610673057101628,0.842512077294686,0.7690972222222222
