,18A2,868Z11,A23,A6,NYE-S1,TCR2-T,TCR3,TCR6,TCR7,T1,FLT3DY
0,0.8358672936259143,0.7725538038038039,0.8230248917748918,0.7806737588652481,0.7355831363278172,0.679850479004387,0.5913622982588501,0.7392710170487948,0.781611800479725,0.8507978723404257,0.8296456629789963
