,18A2,868Z11,A23,A6,NYE-S1,TCR2-T,TCR3,TCR6,TCR7,T1,FLT3DY
0,0.8316986123589897,0.7046256038647343,0.8170492541152262,0.7553058234070713,0.6618545454545455,0.7347508263412154,0.6330862882587021,0.7619287715086034,0.7482037193575656,0.8421591804570528,0.7735058661145618
