,18A2,868Z11,A23,A6,NYE-S1,TCR2-T,TCR3,TCR6,TCR7,T1,FLT3DY
0,0.841796875,0.7403653653653652,0.8292806484295846,0.7001527726165406,0.7619650010541852,0.796815158234227,0.6389285714285714,0.8097656249999999,0.7407783189033189,0.7561728395061729,0.9051406926406926
