,18A2,868Z11,A23,A6,NYE-S1,TCR2-T,TCR3,TCR6,TCR7,T1,FLT3DY
0,0.8174603174603176,0.6843752573923071,0.8183031121399177,0.7958614059748275,0.7124836601307191,0.7326700406410551,0.6416142990382704,0.7323460852872617,0.7386463844797179,0.8671052631578947,0.792567155067155
