,18A2,868Z11,A23,A6,NYE-S1,TCR2-T,TCR3,TCR6,TCR7,T1,FLT3DY
0,0.8384089052287581,0.6946422051843738,0.8333680990126546,0.7980667192014709,0.7504036087369421,0.711381673881674,0.6245243282498184,0.7564500941619586,0.7842445620223398,0.8387687687687687,0.7144179894179894
1,0.9009063852813853,0.7587235996326905,0.8782172002510986,0.7667414889637111,0.7604565349663389,0.7365555555555554,0.6434151785714285,0.7599169123559367,0.7982363315696649,0.8552559912854031,0.6976136363636364
