,18A2,868Z11,A23,A6,NYE-S1,TCR2-T,TCR3,TCR6,TCR7,T1,FLT3DY
0,0.8216002530044276,0.6674258109040717,0.8192682760501909,0.8050250771604938,0.6711538461538461,0.6918648689592487,0.6282407407407408,0.7381630714964048,0.7905220352707225,0.8086309523809524,0.7866255144032923
1,0.8665824915824915,0.7312500000000001,0.8188888888888889,0.814960058097313,0.776154667981591,0.6957570207570208,0.6171376117496807,0.8111111111111112,0.7431752873563218,0.810374149659864,0.8620892610903711
