,18A2,868Z11,A23,A6,NYE-S1,TCR2-T,TCR3,TCR6,TCR7,T1,FLT3DY
0,0.9234068627450981,0.7554093567251462,0.8057613168724279,0.8206509539842873,0.7266586005242992,0.7003875968992248,0.6420138888888889,0.7261248852157943,0.82316715542522,0.8303030303030302,0.840096618357488
