,18A2,868Z11,A23,A6,NYE-S1,TCR2-T,TCR3,TCR6,TCR7,T1,FLT3DY
0,0.8897380791397018,0.7224785165083673,0.7905328798185941,0.798493748695973,0.776234493797519,0.6733539094650206,0.6185697674418603,0.7353128991060025,0.7668845315904139,0.929398148148148,0.7216655893126481
