,18A2,868Z11,A23,A6,NYE-S1,TCR2-T,TCR3,TCR6,TCR7,T1,FLT3DY
0,0.8206174503344315,0.7955266955266955,0.8345221764974852,0.787282608695652,0.7962595167163191,0.7559523809523809,0.6278949357520786,0.7447980019137516,0.8201310272536687,0.9061403508771929,0.7466465459423205
