,18A2,868Z11,A23,A6,NYE-S1,TCR2-T,TCR3,TCR6,TCR7,T1,FLT3DY
0,0.8207955059306412,0.7097934472934472,0.8319444444444444,0.798093820861678,0.7457989195366475,0.6819876341152936,0.5791085457752124,0.6972101972101972,0.8147213717085119,0.8507180650037793,0.6880997009862989
1,0.8317842515523847,0.7148263512700134,0.8683180115764385,0.7908901852752122,0.7742621363311019,0.7415454545454546,0.6733998633758057,0.7303448275862069,0.8307738731467545,0.8350415923945337,0.7565694444444445
2,0.8509019426456984,0.7682121971595656,0.8525599128540305,0.7774540274540275,0.8009157509157508,0.7325042517006803,0.6224596609477123,0.7007288797061525,0.8301656920077973,0.8462000962000961,0.8437244545054393
