,18A2,868Z11,A23,A6,NYE-S1,TCR2-T,TCR3,TCR6,TCR7,T1,FLT3DY
0,0.7981732500264745,0.6651873767258383,0.7693257676902535,0.7684587251828631,0.7281579380764164,0.740451388888889,0.6363018563357546,0.7114074204894992,0.7930149010002041,0.8415791776027998,0.6937215940583084
1,0.8684370458448937,0.7233177881412391,0.8363195853053865,0.7935172097406139,0.7651960784313725,0.7137868480725623,0.6656285191441441,0.7501624431448993,0.7949497242399785,0.8450045004500452,0.7983382018825056
2,0.9117724867724868,0.7656091554396639,0.8367642195767195,0.7954354147535966,0.818538099371367,0.7233275663206458,0.6683114035087719,0.7607954545454545,0.8283043197936815,0.817426400759734,0.7881794131794132
