,18A2,868Z11,A23,A6,NYE-S1,TCR2-T,TCR3,TCR6,TCR7,T1,FLT3DY
0,0.7798827673827674,0.6751778329197684,0.7602896129211918,0.7355858361142009,0.7005253447134548,0.7569190938511327,0.6448310925619133,0.7638517964604921,0.7252651577843979,0.6467236467236468,0.7314494425221069
1,0.8456160754668218,0.7287226662226662,0.8203311431466771,0.8103973765432099,0.7414059954382535,0.7436612501829893,0.6688511141636141,0.7961965811965812,0.8118248675568459,0.8405907817672524,0.7694284802043422
2,0.8783026113671276,0.7608884200656353,0.8127604166666668,0.8229894046887511,0.7652583902583903,0.722997347997348,0.6663932980599648,0.8029369440083726,0.7907064336705645,0.8418954248366014,0.779839208410637
3,0.8712145475249992,0.8215983363042186,0.8605855855855856,0.8298674668667166,0.7695535714285714,0.7260435038212817,0.6562205882352941,0.825343956809474,0.8228870581811757,0.8217700258397933,0.7505212735981966
4,0.8812093236021875,0.828261482107636,0.8433145009416196,0.8292321477805348,0.827588813303099,0.7195,0.6361366378910238,0.8039399624765479,0.8250330687830688,0.816765873015873,0.784786641929499
