,18A2,868Z11,A23,A6,NYE-S1,TCR2-T,TCR3,TCR6,TCR7,T1,FLT3DY
0,0.8014539636161256,0.6822786131996659,0.8129784156653316,0.7474273607748184,0.7082406949934125,0.7671759051745606,0.6532367451485099,0.7710084798194853,0.8038404975516777,0.8426290463692038,0.781628787878788
1,0.864963669834579,0.6839753346602663,0.8060520361990949,0.7687647754137116,0.7784001950668618,0.7665151515151516,0.654403659611993,0.7934000523286239,0.8048995460253066,0.8415686274509805,0.7570448755633942
2,0.8805673758865248,0.7394527986633249,0.7681349989042298,0.7923914469369016,0.8016156462585035,0.7544642857142857,0.6794933461600129,0.8175443016712859,0.8296511627906976,0.8164767331433999,0.749294532627866
