,18A2,868Z11,A23,A6,NYE-S1,TCR2-T,TCR3,TCR6,TCR7,T1,FLT3DY
0,0.8131838639085016,0.7488799283154123,0.8169428583250579,0.715903164570165,0.7346096022485865,0.7319590132090132,0.6331252636284083,0.7608312603648425,0.808127536231884,0.8518290598290599,0.7441024765805743
1,0.8218529040404041,0.7640467171717171,0.7979427549194992,0.7752583490863264,0.8004038521279901,0.7296952316689159,0.616388658176449,0.787125307125307,0.8074340970682434,0.7977346278317152,0.7519980019980018
2,0.8538267288267288,0.7516666666666666,0.8523415977961433,0.7924082090748757,0.8182350718065002,0.7785481714053143,0.6187657828282829,0.7985722610722611,0.8174943171883197,0.798076923076923,0.7799482681061628
3,0.8983291562238932,0.6983585858585859,0.8580687830687831,0.7996114996114997,0.806780303030303,0.7713804713804713,0.5782767956681,0.7667748917748917,0.8115530303030303,0.8054806828391734,0.8477083333333333
