,18A2,868Z11,A23,A6,NYE-S1,TCR2-T,TCR3,TCR6,TCR7,T1,FLT3DY
0,0.8558922643177685,0.6704130116959064,0.7919207317073171,0.7923649134450529,0.7450343434343433,0.7071006765279212,0.6515679442508712,0.7530727762803234,0.7677910052910053,0.839243498817967,0.6981575963718821
