,18A2,868Z11,A23,A6,NYE-S1,TCR2-T,TCR3,TCR6,TCR7,T1,FLT3DY
0,0.8681952662721893,0.7593509724106738,0.8008333333333333,0.794758018257207,0.7084449667058363,0.7423321759259259,0.6391289437585733,0.7527879076158767,0.8019784742006965,0.9515625,0.787632850241546
