,18A2,868Z11,A23,A6,NYE-S1,TCR2-T,TCR3,TCR6,TCR7,T1,FLT3DY
0,0.819304435483871,0.7384057971014494,0.8321399176954731,0.8128612405106971,0.756930278393693,0.667145400792851,0.6239149305555555,0.7268281101614434,0.7081815421979356,0.8329765545361876,0.8285919540229885
1,0.8902134497209736,0.7801519468186134,0.8113625478927203,0.8472758472758474,0.823931623931624,0.6773514093137255,0.6420190433348328,0.7358958333333335,0.7861242699952378,0.878080985915493,0.7935267857142857
