,18A2,868Z11,A23,A6,NYE-S1,TCR2-T,TCR3,TCR6,TCR7,T1,FLT3DY
0,0.8233321771303039,0.8017592592592592,0.8229527104959632,0.7372236662465869,0.8164790938228439,0.7119572346845073,0.5924568263277941,0.7458891142663963,0.7993827160493828,0.8722222222222222,0.8442908146705616
1,0.8731762065095398,0.8095760233918128,0.8387704565030146,0.7257971729125575,0.8312347374847375,0.7245080500894455,0.6447192513368983,0.6771929824561402,0.8214285714285715,0.8380952380952381,0.8324622531939605
