,18A2,868Z11,A23,A6,NYE-S1,TCR2-T,TCR3,TCR6,TCR7,T1,FLT3DY
0,0.8342442847159829,0.7801203051643193,0.8115997942386831,0.7640940656565656,0.6440266083123226,0.7364035087719297,0.631608457645375,0.7610324129651861,0.747640180332488,0.8435776201733649,0.7720427881297446
