,18A2,868Z11,A23,A6,NYE-S1,TCR2-T,TCR3,TCR6,TCR7,T1,FLT3DY
0,0.8319065921267179,0.7027173913043478,0.8212009803921569,0.7462121212121212,0.6634060606060607,0.7376366641240782,0.6267252474149027,0.7260101010101011,0.7516150516150516,0.8414499605988969,0.7714768806073153
