,18A2,868Z11,A23,A6,NYE-S1,TCR2-T,TCR3,TCR6,TCR7,T1,FLT3DY
0,0.8612962962962962,0.7345890410958904,0.8169849537037037,0.7913123993558777,0.7519927971188475,0.7250925925925925,0.6598211512004615,0.7424889955982392,0.7520723104056438,0.8417651694247438,0.8489583333333334
