,18A2,868Z11,A23,A6,NYE-S1,TCR2-T,TCR3,TCR6,TCR7,T1,FLT3DY
0,0.8055584415584417,0.7222751322751323,0.7805059523809524,0.7845496894409938,0.7799383180382128,0.7127057613168724,0.5791152263374485,0.7344509232264335,0.7864311405035388,0.7371527777777778,0.8332092515386144
