,18A2,868Z11,A23,A6,NYE-S1,TCR2-T,TCR3,TCR6,TCR7,T1,FLT3DY
0,0.8024649363322132,0.6804808666510794,0.8210534591194968,0.7477514350392109,0.7180032649729621,0.7380818713450292,0.6652082152082153,0.763175230566535,0.7847581520871261,0.8355428571428573,0.7807191842254143
1,0.8743308976962642,0.7302590171871217,0.794932079414838,0.7688160370531191,0.8374012454689096,0.7268556005398111,0.7139306949089558,0.78590610308358,0.8028584063374429,0.8321111111111112,0.7948784722222223
2,0.8906368102796675,0.7717309145880574,0.8057291666666667,0.8004126984126985,0.854718234981393,0.7510333994708995,0.7139699381078692,0.8125514403292181,0.7809544359333981,0.898856990962254,0.7851851851851851
