,18A2,868Z11,A23,A6,NYE-S1,TCR2-T,TCR3,TCR6,TCR7,T1,FLT3DY
0,0.836587519623234,0.715945165945166,0.8404091035669984,0.7843375445416262,0.6997248782963069,0.7199428104575164,0.6217563717563718,0.7335069444444445,0.7647019647019647,0.8758503401360543,0.7281704781704782
