,18A2,868Z11,A23,A6,NYE-S1,TCR2-T,TCR3,TCR6,TCR7,T1,FLT3DY
0,0.7782830907830908,0.6819437551695616,0.7618769145084934,0.735771227289581,0.7008746355685131,0.759065170940171,0.6652432216905901,0.7107173663024727,0.695030619000331,0.6475973409306743,0.7324106113033447
1,0.8498259910024616,0.7302072927072927,0.8193831519074237,0.8156401331719128,0.7579778439153438,0.7503935458480914,0.6577072223972493,0.7562434691745036,0.8078585663208487,0.8400305576776166,0.7637531928480206
2,0.8748183379574579,0.7622100122100122,0.8117660984848486,0.831453634085213,0.747452320474633,0.7387171717171718,0.6603840877914952,0.7583928571428572,0.7948544973544974,0.8412418300653596,0.7567588843904635
3,0.8813154891586263,0.7995515046296297,0.832841587636108,0.8297568792995623,0.752034188034188,0.7433278867102396,0.6452365298519145,0.776532803362573,0.8037818037818037,0.8243540051679586,0.7516705516705517
4,0.8890898883413386,0.8068594104308389,0.7995471960989203,0.7997757073844031,0.8130763167060807,0.7511230907457321,0.6128373579545454,0.791025641025641,0.8265180878552973,0.8231150793650793,0.7554945054945055
