,18A2,868Z11,A23,A6,NYE-S1,TCR2-T,TCR3,TCR6,TCR7,T1,FLT3DY
0,0.8400666521375904,0.722516835016835,0.8119851316053848,0.7850179536226047,0.7736662749706228,0.7486333587592169,0.6269612332112332,0.7102106105038656,0.780036855036855,0.8640070921985816,0.8042052469135802
