,18A2,868Z11,A23,A6,NYE-S1,TCR2-T,TCR3,TCR6,TCR7,T1,FLT3DY
0,0.8208442176457486,0.6868958333333333,0.8221071295259424,0.7972862799906825,0.7284600389863548,0.7302936485599024,0.6405899603243056,0.7495664448477516,0.7965603974092939,0.8390690690690691,0.7637254901960784
1,0.9080009496676164,0.7463318660797652,0.8491379310344828,0.8424416579588994,0.7791905064632338,0.7271225071225071,0.6504195393084281,0.7771945701357467,0.8201626016260163,0.853034420289855,0.738717863841995
