,18A2,868Z11,A23,A6,NYE-S1,TCR2-T,TCR3,TCR6,TCR7,T1,FLT3DY
0,0.807926107441343,0.6823854260426043,0.7957246376811593,0.733307718579235,0.7191474562798091,0.6956113600531078,0.6800711548987411,0.7787470983123157,0.6918645918645918,0.8550543024227234,0.7917621808701906
1,0.7887911414565826,0.7346153846153847,0.8312047994740301,0.7598213371032844,0.7492734724292102,0.6755449827602075,0.6798562548562549,0.7458521346754599,0.7115155422698943,0.8415091264667535,0.8042715484363082
2,0.7895593869731803,0.7175339896858883,0.8595625660232402,0.7765358550039401,0.7968921661732119,0.7204434516422603,0.6720354113971135,0.7507246376811594,0.79763025737602,0.8437156215621563,0.7862011316872427
3,0.844835510401548,0.7355967078189299,0.8513885786613059,0.7969318693002904,0.8045966569767442,0.759642094017094,0.6653692019545678,0.7512997469519208,0.7988320328131252,0.8469967532467533,0.8112127203822705
4,0.8627016698152129,0.7348153547133137,0.8624921531701193,0.8235449735449736,0.8375850340136054,0.7453636510240284,0.6403503727981906,0.7840170940170941,0.8326236263736265,0.8389842047930283,0.8414285714285713
