,18A2,868Z11,A23,A6,NYE-S1,TCR2-T,TCR3,TCR6,TCR7,T1,FLT3DY
0,0.8240418772873134,0.7430004409171076,0.8248142519419114,0.7588643948145295,0.7470136852394917,0.690098261526833,0.6963070942662779,0.7122032288698955,0.8007059228650139,0.8290010193679919,0.8157516339869281
1,0.8424603174603175,0.7053535353535353,0.8813364055299538,0.7589605734767025,0.7843406593406593,0.6717836257309941,0.6935004695915512,0.7552910052910052,0.7786913058230888,0.7998188405797101,0.7316630355846042
