,18A2,868Z11,A23,A6,NYE-S1,TCR2-T,TCR3,TCR6,TCR7,T1,FLT3DY
0,0.7764891518737672,0.6756741108354012,0.7603313840155946,0.7357422599184279,0.6995324009520992,0.7535741100323624,0.6661150983519405,0.70896228675484,0.7262409660156681,0.6492307692307693,0.732314494425221
1,0.8491751424277375,0.7290279165279165,0.8214916151809355,0.8142823513586226,0.7408072662104921,0.7447884643536818,0.6626975849441431,0.755202890978753,0.8210700450317582,0.8400305576776166,0.7644157088122605
2,0.8778395061728395,0.7629278012189404,0.8107244318181818,0.8247313797313799,0.758803428174625,0.7240202020202019,0.6542866345758102,0.7578439153439153,0.8079564701897018,0.8399346405228759,0.7741187384044528
3,0.8847674861825805,0.8254180460062813,0.8643393393393394,0.8286507936507937,0.7584761904761904,0.7188861655773421,0.6576727228901142,0.7795545212765956,0.7923123123123123,0.8166020671834625,0.7471400394477318
4,0.8907052986000354,0.8347301587301588,0.8389830508474576,0.8334362139917696,0.8253212396069539,0.7216386554621849,0.6369331065759637,0.7985784057212628,0.8034508627156788,0.7404636150234741,0.758942610062893
