,18A2,868Z11,A23,A6,NYE-S1,TCR2-T,TCR3,TCR6,TCR7,T1,FLT3DY
0,0.798322970858182,0.7147871376811595,0.8412105028927458,0.751156391501219,0.7364592771569516,0.6913531914893617,0.6033677944862155,0.6956072351421189,0.7395202020202021,0.8520683760683762,0.7033464998902786
1,0.8673639976842367,0.6742742742742743,0.8346743295019158,0.8008187464709203,0.7785178463399879,0.7153115159694107,0.654637058933934,0.7551652354931043,0.7927596179714823,0.8843684368436845,0.7169620253164557
2,0.8856060606060607,0.6437365343182518,0.8462580348943985,0.7916040100250626,0.8185913185913186,0.7168190805734058,0.6365914786967419,0.721017439233758,0.7976408817923545,0.8822115384615384,0.8143145161290323
