,18A2,868Z11,A23,A6,NYE-S1,TCR2-T,TCR3,TCR6,TCR7,T1,FLT3DY
0,0.8329197143852317,0.7019124168514413,0.819568868980963,0.7890778533635676,0.7825995484400656,0.7129629629629629,0.6073668179646441,0.7410916179337231,0.7775545076745377,0.8402702702702703,0.8010809451985922
1,0.8883249791144529,0.7154139433551198,0.7865740740740742,0.8203405017921147,0.8093494482813369,0.7275816993464052,0.663469033446712,0.7483124999999999,0.7753036437246964,0.8596020567851554,0.7727861319966584
