,18A2,868Z11,A23,A6,NYE-S1,TCR2-T,TCR3,TCR6,TCR7,T1,FLT3DY
0,0.8428170594837261,0.7066399286987521,0.8194753086419754,0.7913614238654801,0.7733281893004116,0.6853572322322322,0.671743587441262,0.6998820754716982,0.7519961763382815,0.8427387914230019,0.802133655394525
