,18A2,868Z11,A23,A6,NYE-S1,TCR2-T,TCR3,TCR6,TCR7,T1,FLT3DY
0,0.8088667674731181,0.690661601772713,0.823043796084414,0.7979163248564397,0.7530991141279338,0.7385838999412407,0.7008629898240287,0.7608024691358025,0.7661744801279684,0.8123805623805623,0.7308495063999841
1,0.8527348924065749,0.678896103896104,0.800843253968254,0.7987540849673204,0.7507706207482993,0.7305916305916306,0.6883110169053405,0.7664021164021163,0.768986307879652,0.823943661971831,0.7291490758983019
