,18A2,868Z11,A23,A6,NYE-S1,TCR2-T,TCR3,TCR6,TCR7,T1,FLT3DY
0,0.8740229885057471,0.6602146995030612,0.8289242843951984,0.7877394070575888,0.7747202416320064,0.7048524087997771,0.5671850079744817,0.7680099607182941,0.7806891025641024,0.76195987654321,0.7459490740740741
