,18A2,868Z11,A23,A6,NYE-S1,TCR2-T,TCR3,TCR6,TCR7,T1,FLT3DY
0,0.7810262185262186,0.6773779983457402,0.759871901977165,0.7351951654849413,0.7002633765721611,0.7561579288025889,0.6457072235673931,0.7624808603069472,0.6968891371510537,0.8335820895522388,0.728950403690888
1,0.8528519099947672,0.7301517926517928,0.8207561047366871,0.7965366054613936,0.7417033235581623,0.7436392914653784,0.6685649420024419,0.7957264957264957,0.8088549909149522,0.8326101249178173,0.7561486132914705
2,0.8624854726348107,0.7700108533441866,0.8112452651515151,0.8022412698412698,0.7636620136620137,0.7350470035252643,0.670257506905462,0.8004774986917843,0.7913624338624338,0.8453525641025642,0.7453275613275614
3,0.8918617614269788,0.802517361111111,0.8629129129129129,0.78748528396866,0.7729761904761906,0.7490567817392945,0.6613144841269841,0.8208359588321782,0.7992560849703708,0.8114676173499703,0.7383061383061383
4,0.8870772946859904,0.8181423611111112,0.8384180790960452,0.8296586555207245,0.824697656840514,0.7366111111111112,0.6479945054945055,0.8087606837606837,0.8318342151675485,0.8086419753086421,0.7570987654320988
