,18A2,868Z11,A23,A6,NYE-S1,TCR2-T,TCR3,TCR6,TCR7,T1,FLT3DY
0,0.8811612364243943,0.7582934609250399,0.9325396825396824,0.7590873015873015,0.7461245519713261,0.7076530269434925,0.6663459996793331,0.7213169971790662,0.8194202898550724,0.8292181069958847,0.8023809523809525
