,18A2,868Z11,A23,A6,NYE-S1,TCR2-T,TCR3,TCR6,TCR7,T1,FLT3DY
0,0.8201147690413618,0.7357284970921335,0.8205957602339181,0.7208058735113886,0.741290949003715,0.6133618233618234,0.6870072570340189,0.7400603297725158,0.770352018685352,0.8519513068385249,0.6729368932038836
1,0.8322063200280111,0.7307185462616174,0.8382407407407407,0.769670368147259,0.7640148652053416,0.6460934898434898,0.729634306023195,0.7515078965053764,0.7799946581196581,0.8550508399646332,0.7095356959988296
2,0.8660185185185186,0.7217533989685888,0.8522690568475452,0.812691237600534,0.7738479032338682,0.6853382307927762,0.7344025661587811,0.76130148005148,0.7789898854278555,0.8554994388327722,0.8562836340614117
3,0.9083938936880114,0.7362208565018046,0.8513986013986014,0.8304999843461381,0.798783287419651,0.6881339089912281,0.7195019298677835,0.801820218749639,0.774752533863787,0.850652610441767,0.8196457326892109
4,0.901850414078675,0.7824786324786325,0.8319245082402977,0.834733422939068,0.830362498125656,0.696953781512605,0.6988017429193899,0.8353468899521532,0.8219969278033794,0.8436567164179104,0.8300757575757576
