,18A2,868Z11,A23,A6,NYE-S1,TCR2-T,TCR3,TCR6,TCR7,T1,FLT3DY
0,0.8257020757020758,0.7323257080610022,0.8064345991561183,0.8010697032436163,0.7422295108519599,0.6685904654654654,0.5932400932400932,0.7551944904133862,0.7710602759622368,0.9305555555555555,0.7833585858585859
