,18A2,868Z11,A23,A6,NYE-S1,TCR2-T,TCR3,TCR6,TCR7,T1,FLT3DY
0,0.8181968943162974,0.7492156862745097,0.8285634118967452,0.7682595182595183,0.7429742388758781,0.7102615832235397,0.6975289224424173,0.7216363916256158,0.7805307539682541,0.8349331580100811,0.7697327411563034
1,0.828438888888889,0.7717536027568922,0.8528163580246914,0.8202193867743176,0.7750179211469533,0.7043740573152338,0.6702911123963755,0.7512896825396825,0.7843304843304844,0.8320634920634921,0.7903889642695613
2,0.8324849170437405,0.7281746031746031,0.9071259709557582,0.8352020202020202,0.7960713122003443,0.7421409214092142,0.7261850845410628,0.7616792929292929,0.8162857142857143,0.737814465408805,0.8616938616938615
