,18A2,868Z11,A23,A6,NYE-S1,TCR2-T,TCR3,TCR6,TCR7,T1,FLT3DY
0,0.8335621110778343,0.7839348591549297,0.8063177506775068,0.7674457994579945,0.6508974358974359,0.7377510806000509,0.6352972422646187,0.7688195278111243,0.7543900543900545,0.8424743892828999,0.7705935127674257
