,18A2,868Z11,A23,A6,NYE-S1,TCR2-T,TCR3,TCR6,TCR7,T1,FLT3DY
0,0.8557292380821794,0.7430461073318216,0.7815440969287123,0.7830364745541286,0.7689139377647441,0.6767862448009506,0.6388604821037255,0.7276976329643908,0.7926484319217884,0.7995840760546642,0.8471014492753625
