,18A2,868Z11,A23,A6,NYE-S1,TCR2-T,TCR3,TCR6,TCR7,T1,FLT3DY
0,0.8532828282828282,0.7433996383363471,0.80331541218638,0.7398214285714285,0.7238397937411096,0.7003105590062111,0.6699988550820047,0.7294355033589484,0.7758499956234135,0.8421833008988973,0.84903219385978
1,0.8821748665141115,0.7503472222222222,0.8543083900226759,0.7918826534445196,0.797650234182742,0.722840909090909,0.6746345029239765,0.8121816168327797,0.7797284016796212,0.8440476190476192,0.8792846880131363
