,18A2,868Z11,A23,A6,NYE-S1,TCR2-T,TCR3,TCR6,TCR7,T1,FLT3DY
0,0.7576742976066596,0.7581699346405228,0.7919281856663262,0.8037852512490193,0.8119321826948945,0.6544143258139201,0.6548665978019115,0.7741587741587742,0.7456287683031869,0.8527146464646465,0.7573696145124716
1,0.8832446971086253,0.7559687786960515,0.792183908045977,0.785953945044854,0.8661415050784859,0.7375478927203064,0.6709581268404797,0.7617686750813686,0.7506172839506173,0.8427687198067634,0.7688453159041395
