,18A2,868Z11,A23,A6,NYE-S1,TCR2-T,TCR3,TCR6,TCR7,T1,FLT3DY
0,0.8748798076923077,0.7177747105283337,0.8043050699300699,0.8072638571065345,0.7315680989376884,0.6929681229216834,0.6328188309404768,0.7573477247390293,0.8145911047345767,0.840661938534279,0.738329475308642
