,18A2,868Z11,A23,A6,NYE-S1,TCR2-T,TCR3,TCR6,TCR7,T1,FLT3DY
0,0.7878898635477584,0.7019115890083633,0.8233490566037736,0.776656378600823,0.7332344517184942,0.6402852256214395,0.5746309844692594,0.7648180751173709,0.7721644782539562,0.8565104166666666,0.703125
1,0.8366516146688561,0.6754319871408478,0.8074660633484164,0.8037825059101654,0.7755153343388638,0.710172064777328,0.6182178932178931,0.7714422550629446,0.8226401950539882,0.7746031746031745,0.7642719007434197
2,0.9073101839059285,0.7353767560664113,0.8009390782828283,0.8005791722896985,0.8137230165405102,0.7163746854674073,0.6540637860082305,0.7626480731743891,0.8221898116373065,0.8292181069958847,0.7322530864197532
