,18A2,868Z11,A23,A6,NYE-S1,TCR2-T,TCR3,TCR6,TCR7,T1,FLT3DY
0,0.8784570230607965,0.7648124467178175,0.8010016025641026,0.7376276233692569,0.7897258127692911,0.7139284426820476,0.6511740661176751,0.7437438167988453,0.796369583869584,0.8138644509612251,0.7231379731379731
