,18A2,868Z11,A23,A6,NYE-S1,TCR2-T,TCR3,TCR6,TCR7,T1,FLT3DY
0,0.8219712386379053,0.6791798582843359,0.8515972222222222,0.7771353684859698,0.745890522875817,0.6857717445952739,0.6755920982217941,0.7540064102564102,0.8220840203598824,0.8310185185185185,0.7871782496782497
