,18A2,868Z11,A23,A6,NYE-S1,TCR2-T,TCR3,TCR6,TCR7,T1,FLT3DY
0,0.8116343490304709,0.7430976968664608,0.8041353383458647,0.7440014466010569,0.7163183403992228,0.6381462783171521,0.61774303526203,0.7183997584541061,0.802566534914361,0.8521004893185345,0.6695898161244696
1,0.7900974025974027,0.7511444028297961,0.8370784313725491,0.7536008230452675,0.7875468393613555,0.6659502326637159,0.640379509175465,0.7266187956664147,0.7926448697501329,0.8664694280078896,0.7347950268817204
2,0.8395782889426956,0.7802071346375143,0.8217366946778712,0.735892828999212,0.8032323232323232,0.6776936895615947,0.6378803333154388,0.7176581872234046,0.8032855737154104,0.8652222222222222,0.7911769547325104
3,0.8764048829408306,0.7677015250544662,0.8190559440559441,0.7634701480855326,0.7979692760942761,0.7021131982204647,0.6552187948350072,0.7398259074796968,0.7951436562420545,0.81828165374677,0.844175180169478
4,0.8976875,0.7467757936507936,0.8287507846829881,0.7717107545137557,0.8079931972789116,0.7209054834054834,0.6526315789473683,0.7810344827586206,0.7797349556687417,0.8166666666666668,0.8112637362637364
