,18A2,868Z11,A23,A6,NYE-S1,TCR2-T,TCR3,TCR6,TCR7,T1,FLT3DY
0,0.7797965422728231,0.701506109690253,0.8032631277312129,0.7734832926881445,0.6927083333333334,0.742563025210084,0.6148438634713145,0.767026654164107,0.7695704119266532,0.8129960317460316,0.7648243912949795
1,0.9022863736822547,0.7188453159041394,0.7904761904761904,0.809618291761149,0.772490773246917,0.730638888888889,0.551206509539843,0.7450306801486475,0.8239361581536647,0.8234031132581857,0.7733478576615832
