,18A2,868Z11,A23,A6,NYE-S1,TCR2-T,TCR3,TCR6,TCR7,T1,FLT3DY
0,0.7820863334376847,0.7149940262843488,0.7851068481171776,0.7664213582340583,0.6869120165276651,0.7374383005310841,0.6452284557547715,0.7644365801595326,0.7782996303544248,0.8459098862642169,0.7296506734006734
1,0.8343079922027291,0.7373504273504273,0.8200812597364321,0.7623234900020615,0.8172764433633999,0.7335470085470085,0.6656349206349207,0.7948091080294469,0.7895640594336978,0.8559120617944148,0.7682951968666254
2,0.8752795031055901,0.6992975734355045,0.8720978441127695,0.7836687306501547,0.8325954037528991,0.7627698138078761,0.6240037950664137,0.8017832647462276,0.7696969696969697,0.8588864838864838,0.7847222222222223
