,18A2,868Z11,A23,A6,NYE-S1,TCR2-T,TCR3,TCR6,TCR7,T1,FLT3DY
0,0.809892584892585,0.7586064728921871,0.831550343249428,0.7003791454989585,0.7405282687237573,0.7593042071197411,0.6464883661604974,0.7860864817386557,0.7464660493827161,0.853920515574651,0.7601809954751131
1,0.8125816993464051,0.7410137504614248,0.8532897603485838,0.7049074074074074,0.7106270384091701,0.7618513431013431,0.6163765312701482,0.7947214076246333,0.7628664091899386,0.8518518518518517,0.776439872184553
2,0.8395799829722826,0.742370829327351,0.8512355699855699,0.7252225460457186,0.7304272586227474,0.7738963293650795,0.6772386259468327,0.7897690353830705,0.7919902214552774,0.8684444444444445,0.7536492978566148
3,0.8600549750304252,0.7354166666666666,0.8338426413768879,0.7963989488379731,0.7630568356374808,0.7282267115600449,0.6897317772317773,0.8017716117645746,0.8112101406219053,0.7372269203664553,0.776302470332321
4,0.8774801587301587,0.7609418767507002,0.8513586225450632,0.8269188596491227,0.7855991354875284,0.7242772108843537,0.6857047032828283,0.8049114331723027,0.8588831969824401,0.7361111111111112,0.7498285322359397
