,18A2,868Z11,A23,A6,NYE-S1,TCR2-T,TCR3,TCR6,TCR7,T1,FLT3DY
0,0.7854938271604938,0.7786078098471987,0.8114169215086647,0.7241194843168527,0.7600975529100529,0.7186410496719775,0.6466762630978318,0.7647531654573908,0.737768959435626,0.8321326821326821,0.818827399380805
1,0.7737899436090224,0.7709392057218145,0.8270427489177489,0.7828357798669526,0.7603601807549176,0.7711399049548344,0.6725220458553792,0.7538793103448276,0.7854561878952123,0.7951574569221629,0.7811117453974598
2,0.8342929292929293,0.773405972558515,0.8290849673202615,0.786831119544592,0.7915277777777779,0.7928130511463846,0.6302659602098593,0.7754843630816172,0.8355858262108263,0.8112535612535612,0.7916187739463604
3,0.8626262626262626,0.889114724480578,0.8331823671497585,0.8225757575757576,0.8275793650793651,0.8942917547568711,0.564659977703456,0.7493796526054591,0.8688292572463768,0.8187893081761005,0.7363178294573643
