,18A2,868Z11,A23,A6,NYE-S1,TCR2-T,TCR3,TCR6,TCR7,T1,FLT3DY
0,0.8738871794871795,0.6538461538461539,0.8544326241134752,0.795780495169082,0.752526395173454,0.7612853271389856,0.6589662562202608,0.7825268817204302,0.7482638888888888,0.7971230158730158,0.8916316526610645
