,18A2,868Z11,A23,A6,NYE-S1,TCR2-T,TCR3,TCR6,TCR7,T1,FLT3DY
0,0.8747263273125343,0.695662308705787,0.8181951793062904,0.7498234548285105,0.7532215320910973,0.7232292917166867,0.607657179112626,0.7794238683127572,0.810688758934373,0.8023003472222223,0.7374196253844003
