,18A2,868Z11,A23,A6,NYE-S1,TCR2-T,TCR3,TCR6,TCR7,T1,FLT3DY
0,0.8106017791732077,0.7633082497212932,0.7891402116402116,0.7389506809871448,0.7434815581664099,0.6803469477382521,0.6326387923175575,0.7798875960640667,0.7867176013442553,0.8552534630120837,0.8024065540194573
1,0.8433096926713949,0.7111750497300369,0.8001851851851852,0.7489148239148239,0.8019804951237809,0.6565362123256859,0.6605516975308642,0.7697163621932012,0.749793956043956,0.8427886710239653,0.844593457831615
2,0.8412298387096775,0.7084257206208425,0.797119341563786,0.7881439393939393,0.8445767195767196,0.6677425138963601,0.6324955908289241,0.7406798245614034,0.7424529384756657,0.8625336927223719,0.8402901785714286
