,18A2,868Z11,A23,A6,NYE-S1,TCR2-T,TCR3,TCR6,TCR7,T1,FLT3DY
0,0.832944095752445,0.7062385872454522,0.7820216049382717,0.7586386762322052,0.7623057840449144,0.6867109323856729,0.5664911477411478,0.7579811492854972,0.7593212632275131,0.7440972222222223,0.7815696649029983
