,18A2,868Z11,A23,A6,NYE-S1,TCR2-T,TCR3,TCR6,TCR7,T1,FLT3DY
0,0.8339353547686881,0.7570422535211266,0.8468792866941016,0.759280303030303,0.7850462755635169,0.6746527777777778,0.6562100562100562,0.7620400432900434,0.818507495590829,0.8466520039100685,0.8179414592458071
