,18A2,868Z11,A23,A6,NYE-S1,TCR2-T,TCR3,TCR6,TCR7,T1,FLT3DY
0,0.8003202450570871,0.7115494757247335,0.8451131687242799,0.7029399698215019,0.7239977904040406,0.7481361231361231,0.669434915189632,0.7202649518588798,0.7869739057239057,0.8643809523809525,0.5774662628053585
1,0.8043565860747787,0.7365213314580403,0.8369752852511473,0.7525000000000001,0.738301138065289,0.7761553273427472,0.6886378239451701,0.7320171957671958,0.7304924773385665,0.8589869281045752,0.6851522633744856
2,0.8621913580246914,0.709892290249433,0.8181878306878306,0.7779224537037036,0.7670171012054948,0.82,0.6533905228758171,0.6945558228637619,0.7363354037267081,0.8421717171717171,0.7252127994955865
