,18A2,868Z11,A23,A6,NYE-S1,TCR2-T,TCR3,TCR6,TCR7,T1,FLT3DY
0,0.8342359655252736,0.7150132275132274,0.8038109756097561,0.7652304292929294,0.6643272727272728,0.737490465293669,0.626081746771402,0.7605122048819529,0.7506809429886353,0.8424743892828999,0.7723878536922015
