,18A2,868Z11,A23,A6,NYE-S1,TCR2-T,TCR3,TCR6,TCR7,T1,FLT3DY
0,0.7836105336105336,0.6770636889991728,0.7614870509607351,0.7357187696170747,0.7188532555879495,0.7546563106796116,0.6465939743426362,0.7624452515756862,0.7524153839788149,0.649724596391263,0.7333717800845828
1,0.8445822833882536,0.7278207903207904,0.8170622078389068,0.8235428385098231,0.7550567138735903,0.7440052700922267,0.673810476571581,0.7956196581196582,0.811880314738365,0.8405907817672524,0.7861728395061728
2,0.8681012426900585,0.7615682137834038,0.8214731585518101,0.8305144212156407,0.7549382716049383,0.7337054445750097,0.6673349371825715,0.8077731092436974,0.7957681769580326,0.8399346405228759,0.7859283573569288
3,0.8706349206349207,0.8205797470503353,0.8772929292929293,0.8217745098039216,0.7602864732637694,0.7447808589574295,0.6644502457002457,0.8177519879647539,0.8319219219219219,0.819186046511628,0.750335176805765
4,0.8804942810457517,0.8277683854606931,0.8565843621399177,0.8203189300411523,0.8234883396173718,0.7379444444444445,0.6391868512110727,0.801329534662868,0.8457918050941307,0.7428110328638496,0.763924963924964
