,18A2,868Z11,A23,A6,NYE-S1,TCR2-T,TCR3,TCR6,TCR7,T1,FLT3DY
0,0.7668283668283667,0.7330435767935768,0.73632656602464,0.7536378380847953,0.7038295088566828,0.7496634615384616,0.6636047165706159,0.7301905007870917,0.8110865173473868,0.8547559374627044,0.7485270550527904
1,0.803310415075121,0.6655669079040726,0.8126313025210085,0.7420042207060463,0.7192866900858704,0.7625548801080716,0.6626293742196706,0.7807017543859649,0.8093045491143318,0.8528015194681862,0.7224325213956551
2,0.827662570404506,0.6814574314574315,0.832375478927203,0.7551165980795611,0.7675049309664694,0.7896607152346032,0.6662826706304967,0.7921623750543242,0.7787034955603013,0.8580246913580246,0.7335056918390253
3,0.8731031378600823,0.7182239057239057,0.8325254557648923,0.7687783532056686,0.8151041666666666,0.766491074041557,0.6663493038493039,0.8141358024691359,0.7820741758241758,0.841585497835498,0.7732856799352964
4,0.8591108452950559,0.7256269371653987,0.8304887960060374,0.76984865910875,0.8568541666666668,0.7685185185185185,0.6566682228446935,0.8417679837892603,0.7829571222428365,0.868491680085883,0.7852118119975261
5,0.8733615648316193,0.8051851851851852,0.8316727053140096,0.776969696969697,0.8737354969239027,0.7569767441860464,0.664866255144033,0.8184795321637427,0.7463095238095239,0.8553459119496857,0.7795875420875421
