,18A2,868Z11,A23,A6,NYE-S1,TCR2-T,TCR3,TCR6,TCR7,T1,FLT3DY
0,0.8536605369938703,0.7409233176838811,0.7772569444444444,0.7871980676328502,0.7451377987092273,0.7255658436213991,0.6485143715767534,0.7756410256410255,0.7892829680891964,0.8641493055555557,0.8353463353463354
