,18A2,868Z11,A23,A6,NYE-S1,TCR2-T,TCR3,TCR6,TCR7,T1,FLT3DY
0,0.8333333333333334,0.7562888140665919,0.8023014525561214,0.7715408805031446,0.755249828252689,0.7053523035230352,0.6249455337690631,0.7194953077898146,0.7839652895680059,0.9089556277056277,0.7536942829457365
1,0.8863192252356717,0.8086627732854149,0.8350694444444443,0.7810215053763442,0.8135601462807345,0.7315529530062402,0.653259348705269,0.7592592592592592,0.8004989753185422,0.9723526343244653,0.7522633744855968
