,18A2,868Z11,A23,A6,NYE-S1,TCR2-T,TCR3,TCR6,TCR7,T1,FLT3DY
0,0.7813387635756056,0.671264146090535,0.7691700044503783,0.7488470916057123,0.7309508124725516,0.740451388888889,0.6323980166779356,0.7117863923352025,0.7915166360481732,0.8415791776027998,0.6957238665336437
1,0.873127572016461,0.7279887482419127,0.8353279242731575,0.7722592124187869,0.7602100489318535,0.7138366750208855,0.6677790490719552,0.7501827485380117,0.7941930656443369,0.8450045004500452,0.7964946445959104
2,0.9152777777777779,0.7832145467836259,0.8666266025641026,0.7973184223184223,0.8087674631152892,0.7294891640866873,0.6420217209690894,0.7611426767676769,0.8292284547603695,0.817426400759734,0.7842111592111592
