,18A2,868Z11,A23,A6,NYE-S1,TCR2-T,TCR3,TCR6,TCR7,T1,FLT3DY
0,0.7841648532172726,0.7242359229147848,0.8536305302262749,0.7859167809785094,0.6841683923914711,0.6693114413257506,0.6062407898614796,0.7584945269155795,0.8119115829682059,0.8365840220385675,0.7255478896103895
1,0.9161084529505582,0.7164777021919879,0.8505649717514124,0.7162316849816851,0.7995831329164663,0.7401944444444446,0.625347456990459,0.7547479402318112,0.7896825396825397,0.8478873239436621,0.7166132478632479
