,18A2,868Z11,A23,A6,NYE-S1,TCR2-T,TCR3,TCR6,TCR7,T1,FLT3DY
0,0.8482907973174366,0.7167405764966741,0.8203502415458939,0.782521064435958,0.6527324057269611,0.7555832023747162,0.6101467803030304,0.7774119129648261,0.7819580610021787,0.8504982254982254,0.6989858906525573
1,0.8756793945648434,0.7653246753246753,0.8371610845295056,0.7724400871459695,0.7604012149466696,0.7508237670068026,0.6088205128205129,0.7843776106934003,0.8032314592057976,0.8246376811594204,0.7381659734600912
