,18A2,868Z11,A23,A6,NYE-S1,TCR2-T,TCR3,TCR6,TCR7,T1,FLT3DY
0,0.7753407845715539,0.6655541770057899,0.7616262879420774,0.7358870967741935,0.7179900531641229,0.756789644012945,0.6428929845800944,0.7591467797584818,0.7258823651108903,0.6487749287749288,0.7330834294502114
1,0.8302838069274054,0.6730676328502415,0.8186803308162531,0.8160587935386796,0.6653990733455721,0.744122383252818,0.6798366013071896,0.7913690673380596,0.809514389543403,0.8405907817672524,0.7649824393358876
2,0.8782716049382717,0.7427653867871259,0.8108664772727273,0.8261782661782663,0.7711656890155876,0.7191212121212122,0.6731872294372293,0.7853316326530613,0.7873253624140498,0.8412418300653596,0.7595029239766081
3,0.8858115013006317,0.8014784946236558,0.86006006006006,0.8293273318329583,0.7836067997043606,0.7200605936819171,0.6686885749385749,0.8100982709868817,0.7939949368520797,0.819186046511628,0.7525127399440047
4,0.899248120300752,0.7780555555555556,0.8375,0.82884006025661,0.8522176870748299,0.7195555555555555,0.6419973544973545,0.7902025177887246,0.8185400516795865,0.7451584507042254,0.7576694139194139
