,18A2,868Z11,A23,A6,NYE-S1,TCR2-T,TCR3,TCR6,TCR7,T1,FLT3DY
0,0.8649467231061158,0.6814661452342611,0.832271586553046,0.8348710491567634,0.6668381344307269,0.6961198563932616,0.5637115077904552,0.7135767396184063,0.796354202858268,0.8533950617283951,0.7163911845730028
