,18A2,868Z11,A23,A6,NYE-S1,TCR2-T,TCR3,TCR6,TCR7,T1,FLT3DY
0,0.7816556941556941,0.6800909842845327,0.7611250348092454,0.7347699179301147,0.7012661793495866,0.7570236299648064,0.6476798458009431,0.7624304146043276,0.7519843732759571,0.6477302943969611,0.7296232218377546
1,0.850398947457771,0.7306651681651681,0.8206416920009154,0.7983063458434221,0.7420169436298467,0.7585451125823797,0.6701789529914529,0.7956196581196581,0.8075264247894808,0.8403106697224345,0.7677841634738186
2,0.8687718590260963,0.7683150183150182,0.8122395833333332,0.8000921980513818,0.7648314523314523,0.7317532467532467,0.6705248151118238,0.808875402012657,0.7882538431217974,0.8409150326797387,0.7790780647923506
3,0.8840852974186307,0.7998408564814815,0.8612612612612613,0.787251857264645,0.7685218253968253,0.7165468902493123,0.6616617063492064,0.8222418146987112,0.7972902258616544,0.8198320413436693,0.7546231546231547
4,0.8744274136715996,0.807766439909297,0.833888888888889,0.8300069662138627,0.8257558578987151,0.7214052287581699,0.6449358974358975,0.7957892416225749,0.8196382428940568,0.8175595238095238,0.756219474969475
