,18A2,868Z11,A23,A6,NYE-S1,TCR2-T,TCR3,TCR6,TCR7,T1,FLT3DY
0,0.7849496120287195,0.67010631644778,0.8312549251379039,0.7758924082453494,0.7754133813455848,0.754040404040404,0.6414242292661746,0.7335823067222815,0.7822331831283238,0.8402702702702703,0.8132895457033388
1,0.8907322654462243,0.7841880341880342,0.8807572209211553,0.787429650406057,0.8225339944406881,0.7369166666666667,0.6593643317450755,0.7591874999999999,0.8373152709359606,0.7444444444444445,0.6861152447089948
