,18A2,868Z11,A23,A6,NYE-S1,TCR2-T,TCR3,TCR6,TCR7,T1,FLT3DY
0,0.7872764068416244,0.7120322817314747,0.8443702714730752,0.7811624284651383,0.7327649968949084,0.6520877192982456,0.5549640610961365,0.7347470872406934,0.8130787037037037,0.8141276041666666,0.7478956228956228
1,0.86178955453149,0.7195968120018753,0.8325967540574283,0.8293592171717172,0.8165177756372725,0.7091687552213868,0.6058912285202901,0.7284286097691894,0.8346185977764925,0.8170677361853832,0.7214430306535569
2,0.8634259259259259,0.7561576354679804,0.8747927031509121,0.8318250068250069,0.8184076537735074,0.7478395061728396,0.6359863945578231,0.7653944736184046,0.8140491452991453,0.813627730294397,0.8030555555555555
