,18A2,868Z11,A23,A6,NYE-S1,TCR2-T,TCR3,TCR6,TCR7,T1,FLT3DY
0,0.873741690408357,0.7074970657276994,0.835736763841339,0.8019986367398607,0.6963316993464052,0.7654232804232803,0.6065323565323565,0.7693658998006825,0.7649017649017648,0.8180851063829788,0.7798237798237798
