,18A2,868Z11,A23,A6,NYE-S1,TCR2-T,TCR3,TCR6,TCR7,T1,FLT3DY
0,0.8319122694122695,0.7265684945185465,0.8226055334414468,0.7759665621734587,0.6676757602621964,0.7134194930026396,0.6841659930469298,0.7671497584541062,0.7774135419062956,0.873140857392826,0.6358455882352941
1,0.8555868954923461,0.7206831831831831,0.8227357609710552,0.8074457593688362,0.7328404770801084,0.6949900793650793,0.6589746031746032,0.773736903047248,0.826819257327732,0.8763616557734205,0.7117399267399267
2,0.8479944371248719,0.7630892255892255,0.7800854700854701,0.786388013043361,0.8302276635609968,0.6997647849462365,0.6486277298970798,0.7719712495173602,0.8328579916815211,0.7521097046413502,0.7016129032258065
3,0.847953216374269,0.7476794976794977,0.772979797979798,0.7370356673241288,0.8454415954415954,0.7462037037037037,0.6409846153846154,0.7638836259525914,0.84156162464986,0.756060606060606,0.7618801652892563
