,18A2,868Z11,A23,A6,NYE-S1,TCR2-T,TCR3,TCR6,TCR7,T1,FLT3DY
0,0.7984485862543683,0.7002849002849003,0.7674677347574543,0.7535854113016351,0.7001859566124496,0.7426215277777778,0.6248375568551007,0.7531673881673883,0.7811357150628071,0.8415791776027998,0.6956961534197982
1,0.8699893186077915,0.73258547008547,0.8357110660356096,0.7841352365334924,0.7201257861635221,0.7195313681027966,0.6660570233224695,0.7790923639689072,0.7900451101475934,0.8443444344434444,0.7986757546251217
2,0.9156084656084656,0.7968119451170299,0.867948717948718,0.7931084198385236,0.7564315025252526,0.7274880540451475,0.640794695071011,0.7822699612760465,0.8212464654892689,0.8160018993352326,0.7840007215007215
