,18A2,868Z11,A23,A6,NYE-S1,TCR2-T,TCR3,TCR6,TCR7,T1,FLT3DY
0,0.7827520189362295,0.6724610097805974,0.7685803293279929,0.7686398931284962,0.7009011743526408,0.7413194444444445,0.6329260439808106,0.7537301587301588,0.7970524596856502,0.8421041119860018,0.6958139341536415
1,0.8655035577449371,0.7311342592592593,0.8364097363083164,0.7838969404186796,0.7322877299067775,0.7184210526315788,0.6683569100617155,0.7798238798238798,0.7927133777239711,0.8456645664566458,0.8100319160445744
2,0.9136363636363636,0.7636293399005263,0.8661458333333334,0.7901027077497664,0.7743889293125287,0.7295106639146886,0.6433792815371763,0.7826080275370336,0.8257898130238556,0.8188509021842355,0.807347670250896
