,18A2,868Z11,A23,A6,NYE-S1,TCR2-T,TCR3,TCR6,TCR7,T1,FLT3DY
0,0.8103025723091513,0.7469444444444445,0.8145650584795322,0.7695618621286678,0.6891481676657225,0.5952608018177176,0.6178283546704598,0.7666765932102441,0.6900478854140181,0.8577441077441078,0.7258119089219845
1,0.8227585388994306,0.7535391796755433,0.8098635493801482,0.7568327505827505,0.7448709504293521,0.6758091787439614,0.6403386969424706,0.7873443428998984,0.7693356135986734,0.834407188253342,0.7840602472715558
2,0.8242116076014381,0.7405507439484788,0.8004706152433424,0.7383562492258146,0.7492374727668846,0.681972367005874,0.6634038800705467,0.7966048454469506,0.8102008788449466,0.834388888888889,0.7728468113083498
3,0.8553921568627452,0.7156923714759534,0.8121246246246246,0.7773248792270531,0.7996604938271606,0.7320540156361052,0.6281185031185031,0.7940066425120773,0.820141291810842,0.8412200435729847,0.7563908313908314
4,0.8546558265582656,0.7084082060497154,0.8086032741205154,0.7918482207697894,0.8292673107890499,0.7239711934156379,0.5928225806451614,0.8229798425876856,0.828544061302682,0.8463919082125604,0.7850803633822503
