,18A2,868Z11,A23,A6,NYE-S1,TCR2-T,TCR3,TCR6,TCR7,T1,FLT3DY
0,0.850865800865801,0.7031604679587916,0.807474804031355,0.7664592533119229,0.6752912812234847,0.754902727794294,0.6079030341364308,0.7339433720266002,0.7719996211044804,0.8405705705705705,0.7713711990820423
1,0.8952589807852966,0.7567385444743935,0.8187946718648473,0.8209921798631475,0.7823417238749046,0.7791721132897603,0.6376803751803751,0.7548941798941801,0.8543644844244543,0.8173611111111111,0.746168582375479
