,18A2,868Z11,A23,A6,NYE-S1,TCR2-T,TCR3,TCR6,TCR7,T1,FLT3DY
0,0.8437549270015451,0.6961180124223603,0.801472168493445,0.7663312368972747,0.682441381593924,0.7522427371824962,0.6053514269833056,0.7611350574712644,0.7769523268244495,0.8434710743801652,0.7690667431631287
1,0.9010119047619046,0.7543322062552832,0.8029239766081872,0.8037037037037037,0.7931718500797448,0.7765731292517005,0.622145061728395,0.7772556390977443,0.8586024448093413,0.8163690476190476,0.7425113200975271
