,18A2,868Z11,A23,A6,NYE-S1,TCR2-T,TCR3,TCR6,TCR7,T1,FLT3DY
0,0.8231226153312522,0.7095497659522051,0.8076614408361329,0.7634173890202259,0.6778108896752965,0.7537578481374876,0.6128049949207445,0.7557804980121364,0.7654693161231884,0.8396696696696697,0.7756358768406962
1,0.8998175027586792,0.7590518455903071,0.8165204678362574,0.8132316330314106,0.795903110047847,0.7538796768707483,0.583033128487674,0.7717632162076606,0.8510318704284222,0.8157738095238095,0.7460815047021944
