,18A2,868Z11,A23,A6,NYE-S1,TCR2-T,TCR3,TCR6,TCR7,T1,FLT3DY
0,0.8566645036770822,0.7579191033138403,0.8241864647093404,0.7975845410628019,0.6438691883372735,0.7442158026645561,0.6419769662250866,0.7207082133552722,0.753615520282187,0.839558707643814,0.77212615815557
