,18A2,868Z11,A23,A6,NYE-S1,TCR2-T,TCR3,TCR6,TCR7,T1,FLT3DY
0,0.7799924924924925,0.6652564102564102,0.7598997493734335,0.7347699179301147,0.701623920789848,0.7503318250377075,0.6638397129186603,0.701200335544879,0.7241410818713451,0.647977207977208,0.7316416762783545
1,0.8302432474306668,0.6733393719806764,0.8218838874178679,0.7980247006994888,0.739349136526556,0.74122611386051,0.651966564927858,0.7265973654761423,0.8170385327757729,0.8394703335879807,0.7653416347381864
2,0.8754970760233918,0.7527879728966687,0.8120028409090909,0.8027174603174604,0.7645468270468271,0.7238260988260988,0.6509551495016611,0.7412310429551808,0.8080271380979015,0.8399346405228759,0.7573211875843455
3,0.8840484911913483,0.8032930107526882,0.8634384384384384,0.7874852839686599,0.7803084648493543,0.7350898692810457,0.6531832836180662,0.7606174414210128,0.7877580856904166,0.819186046511628,0.7488118718887949
4,0.8966471734892787,0.7811045470819907,0.8347143753923415,0.8260884709160571,0.8227324263038548,0.7208333333333332,0.6133153163513695,0.7859105180533752,0.8036294787982711,0.8173611111111111,0.7849799010513295
