,18A2,868Z11,A23,A6,NYE-S1,TCR2-T,TCR3,TCR6,TCR7,T1,FLT3DY
0,0.8003381361590317,0.723339275103981,0.8319179894179894,0.7070396191858457,0.5945029877260981,0.7476850271881328,0.6344137701971356,0.7061560472085234,0.7971372377622377,0.8422529037913652,0.793732492997199
1,0.8434545896280591,0.7164902998236332,0.8273211227756683,0.7613661346348327,0.7523501824972413,0.6942663817663818,0.6677079348888606,0.7170988973598308,0.7580588235294118,0.8773946360153256,0.8030603655603654
2,0.8801615051615052,0.6741025641025642,0.8304347826086956,0.8179098679098679,0.7451131687242799,0.6994949494949495,0.6799460118425635,0.7557237319879219,0.7864197530864198,0.8928571428571429,0.8186314363143632
