,18A2,868Z11,A23,A6,NYE-S1,TCR2-T,TCR3,TCR6,TCR7,T1,FLT3DY
0,0.8697444136424731,0.70959672021419,0.8076648841354723,0.7626779163609685,0.752730294396961,0.6702569916855632,0.6326699474115888,0.7603040540540542,0.7785374592003264,0.8596681096681097,0.7405045351473923
1,0.8909774436090224,0.7216457023060796,0.7814907550077042,0.791684704184704,0.7272085647766229,0.7591597536450477,0.539475981008239,0.7638687600644123,0.7847264730553855,0.806423611111111,0.7803801169590643
