,18A2,868Z11,A23,A6,NYE-S1,TCR2-T,TCR3,TCR6,TCR7,T1,FLT3DY
0,0.8533774250440916,0.7256784916271245,0.8151643012402506,0.7771974579305406,0.7996180270713701,0.7427930154023556,0.6510175374218308,0.762859477124183,0.7326837855885389,0.7347269950362735,0.7409825528007347
