,18A2,868Z11,A23,A6,NYE-S1,TCR2-T,TCR3,TCR6,TCR7,T1,FLT3DY
0,0.7862048665620094,0.7155676328502416,0.8586366033755274,0.7803548058746547,0.7199284842141985,0.7719456298403667,0.6136645108022568,0.7215728715728716,0.8063151386680798,0.9022108843537415,0.8405372215303721
