,18A2,868Z11,A23,A6,NYE-S1,TCR2-T,TCR3,TCR6,TCR7,T1,FLT3DY
0,0.8756112321471798,0.7737347792998478,0.820336852689794,0.7775026689660836,0.7454851752021563,0.7020318930041153,0.6260836658868859,0.7450253739316239,0.7576320638820638,0.8374310480693459,0.8251003182510033
