,18A2,868Z11,A23,A6,NYE-S1,TCR2-T,TCR3,TCR6,TCR7,T1,FLT3DY
0,0.8670394905273938,0.7017497348886533,0.818421910102725,0.7495981087470449,0.7211426000899684,0.7608624031007752,0.6802339449103624,0.771908349026993,0.7986759828865092,0.8137175324675324,0.774941211052322
1,0.9120284371058366,0.6979717813051147,0.8262499999999999,0.7588460671624971,0.7680187459599225,0.8045033670033671,0.7039068100358423,0.8085180055401663,0.8013187429854097,0.7557218309859155,0.7098946986201887
