,18A2,868Z11,A23,A6,NYE-S1,TCR2-T,TCR3,TCR6,TCR7,T1,FLT3DY
0,0.824406432748538,0.7444031662781662,0.8145537993590789,0.7707956760588339,0.7126017073496064,0.6517144293614882,0.6414781309252177,0.7659088164251208,0.7845216049382716,0.8383084577114427,0.7324005146585791
1,0.8242284436056062,0.7514674080939141,0.8420723322332234,0.7713977992318073,0.7453718891116375,0.654669887278583,0.603647722211618,0.763019990942615,0.775237225572047,0.8363935969868174,0.7214533011272142
2,0.835755514326943,0.7423287671232877,0.8443854995579133,0.7726119894598155,0.7993096646942801,0.6818922305764411,0.6011767620463272,0.7728176894843563,0.7997350464576073,0.8720291146761734,0.7988008130081301
3,0.8562656449553002,0.756404797388404,0.8452932098765432,0.7861237087427564,0.7762300531914894,0.6980947293447294,0.6180103884372177,0.7780365769496204,0.8055728088336784,0.8454780361757107,0.8291909852012154
4,0.8590605301131617,0.8037504475474401,0.8548850574712644,0.7959126984126984,0.8020892687559354,0.6757902591235925,0.6399382716049383,0.7983539094650206,0.8180133258258259,0.7811032863849766,0.8785307621671259
5,0.8594560404807083,0.7884384384384383,0.8466643175945502,0.8101077666295059,0.8372584541062801,0.6915784832451499,0.5779637029637029,0.794412377745711,0.8230221806659394,0.7870370370370371,0.8334507869391591
