,18A2,868Z11,A23,A6,NYE-S1,TCR2-T,TCR3,TCR6,TCR7,T1,FLT3DY
0,0.8113355780022445,0.6976774042950513,0.7820755633255633,0.7763175613122592,0.745159420289855,0.6930254557963537,0.5850662495399338,0.7362200435729848,0.7355893629478535,0.8563457152166829,0.8469421487603306
