,18A2,868Z11,A23,A6,NYE-S1,TCR2-T,TCR3,TCR6,TCR7,T1,FLT3DY
0,0.8590337132003799,0.6675278219395867,0.8013758599124453,0.793321043675553,0.8029162866119387,0.6533428165007112,0.5468966861598441,0.7630652260904363,0.8014077425842133,0.8599537037037037,0.7816073059360731
