,18A2,868Z11,A23,A6,NYE-S1,TCR2-T,TCR3,TCR6,TCR7,T1,FLT3DY
0,0.8562437996031745,0.6948737373737374,0.825795998872922,0.7717713365539453,0.7581892489068126,0.6793498898762057,0.6450052140841614,0.7789702581369248,0.7731987200706169,0.8802083333333334,0.8303751803751803
