,18A2,868Z11,A23,A6,NYE-S1,TCR2-T,TCR3,TCR6,TCR7,T1,FLT3DY
0,0.8276314684139785,0.6957632903154117,0.8080347144456889,0.7692610062893083,0.6767916640797997,0.7496813340317793,0.6106654783125371,0.7597495894909688,0.77452333590441,0.8425895316804408,0.7767211703958692
1,0.8875661375661376,0.7580656522964215,0.816358024691358,0.8271254208754208,0.7744626337303683,0.7543048469387754,0.6244598765432099,0.7705026455026456,0.8603539500091224,0.814781746031746,0.7451236502960641
