,18A2,868Z11,A23,A6,NYE-S1,TCR2-T,TCR3,TCR6,TCR7,T1,FLT3DY
0,0.8629848043113348,0.7093994314143567,0.8097222222222221,0.8068803278887313,0.7320231750645995,0.6955359919154228,0.6104084854084855,0.7798558279327509,0.7353780864197531,0.8733850129198966,0.7976190476190478
