,18A2,868Z11,A23,A6,NYE-S1,TCR2-T,TCR3,TCR6,TCR7,T1,FLT3DY
0,0.806715414697735,0.7089904420549581,0.8193528993824124,0.7867711008388975,0.6694286616161617,0.7617759224902082,0.6559086395233367,0.76193650377364,0.8020159932659933,0.8423228346456693,0.8085087342497137
1,0.8600411522633745,0.7093189276733581,0.8436329588014981,0.8224577861163228,0.6937060687060687,0.7644983591186123,0.6545645980428588,0.8242848178888224,0.7901364358471171,0.8453045304530454,0.7519947527858921
2,0.9052877189523153,0.768279989591465,0.8682848384340921,0.8219903206291592,0.7759989053092501,0.7119114877589453,0.6185614185614186,0.8116056986437726,0.7852029914529915,0.8548245614035088,0.7161828181565024
