,18A2,868Z11,A23,A6,NYE-S1,TCR2-T,TCR3,TCR6,TCR7,T1,FLT3DY
0,0.7866158451684768,0.7469534050179211,0.8249388072986203,0.7470566318926974,0.6457455571760385,0.7415351773979912,0.6728019185566355,0.775477340694732,0.719491193737769,0.8486495726495726,0.8246386054421769
1,0.8276708410636981,0.7399928774928775,0.8351851851851851,0.7898114478114477,0.7049325560128029,0.7274061890838207,0.66670527785203,0.7800811359026368,0.7642184557438796,0.9094471947194719,0.8220457079152732
2,0.8596049783549784,0.7520576131687243,0.8387607417458164,0.8113996349290468,0.8357397286347444,0.7503779289493576,0.6497906454248366,0.7752820603697796,0.7794006642512077,0.8904761904761905,0.7710271848202884
3,0.8740530303030303,0.7537851037851038,0.816600529100529,0.8037179487179488,0.8464484126984128,0.7851851851851852,0.6872106481481483,0.7815670919119194,0.7930555555555555,0.9475308641975309,0.8038524782710829
