,18A2,868Z11,A23,A6,NYE-S1,TCR2-T,TCR3,TCR6,TCR7,T1,FLT3DY
0,0.8547619047619047,0.7330891330891331,0.8085748792270531,0.6776234567901235,0.7886662137681161,0.6926767676767677,0.6304464766003227,0.7412698412698413,0.7915032679738562,0.8212121212121212,0.7704933954933955
