,18A2,868Z11,A23,A6,NYE-S1,TCR2-T,TCR3,TCR6,TCR7,T1,FLT3DY
0,0.8680888888888889,0.7146164021164022,0.8619453463203465,0.803712316968131,0.7561305474570781,0.7617370892018779,0.5783492822966507,0.7429237429237429,0.7826824635767725,0.8591820987654321,0.7712391774891775
