,18A2,868Z11,A23,A6,NYE-S1,TCR2-T,TCR3,TCR6,TCR7,T1,FLT3DY
0,0.8459770114942528,0.7046536796536796,0.7828106852497095,0.7713414634146342,0.7575414781297134,0.7077829294608229,0.563677758870612,0.717015873015873,0.7905061924669768,0.8271929824561403,0.7146990740740741
