,18A2,868Z11,A23,A6,NYE-S1,TCR2-T,TCR3,TCR6,TCR7,T1,FLT3DY
0,0.8259988468321802,0.7058091787439613,0.803539972899729,0.7458964646464646,0.6525050505050505,0.7385138571065345,0.6267474370922647,0.7275176514306949,0.760874125874126,0.8421197793538218,0.7708971704623878
