,18A2,868Z11,A23,A6,NYE-S1,TCR2-T,TCR3,TCR6,TCR7,T1,FLT3DY
0,0.8309377763041557,0.7316512345679013,0.7970881069285326,0.7338648670170409,0.7751983247105199,0.7354455406780988,0.6516062245375008,0.7522839506172839,0.772314049586777,0.8423723723723723,0.8198573975044563
1,0.8408103592314117,0.7518251981643721,0.8043055555555555,0.7867756869772999,0.7898204378467536,0.7781784188034188,0.6534445195702802,0.7542025796197812,0.8451499118165785,0.8148893360160966,0.7906158625730993
