,18A2,868Z11,A23,A6,NYE-S1,TCR2-T,TCR3,TCR6,TCR7,T1,FLT3DY
0,0.8521147062813729,0.6650336803429272,0.859139231824417,0.7755086654958934,0.6751376195820641,0.7000266773376017,0.6462441860465117,0.7789379084967321,0.8115068059512504,0.9063573883161512,0.853529820900713
