,18A2,868Z11,A23,A6,NYE-S1,TCR2-T,TCR3,TCR6,TCR7,T1,FLT3DY
0,0.852700409304183,0.7104784074969409,0.8125285779606767,0.7780892594722383,0.7565015506696469,0.7191815611015019,0.6255344013964704,0.7604756717501816,0.6756840016708437,0.8427895981087471,0.8255677655677656
