,18A2,868Z11,A23,A6,NYE-S1,TCR2-T,TCR3,TCR6,TCR7,T1,FLT3DY
0,0.8387436732507155,0.6643860946745562,0.7674121050289274,0.7697566168489605,0.7308753293807642,0.7407407407407408,0.6255351068302565,0.7530230880230881,0.7910798122065729,0.8412729658792651,0.6938393747921516
1,0.8767281105990783,0.7248278925161004,0.8363195853053865,0.7831258516041126,0.7655410312273058,0.7189871504157218,0.6669295934170076,0.778988603988604,0.7924527508743612,0.8453045304530454,0.7922362869198313
2,0.903660511823777,0.7660437490945965,0.8371362433862434,0.7978006710705672,0.805660007833921,0.7251812489701764,0.6408730158730159,0.783868092691622,0.8261766602192134,0.817426400759734,0.7815656565656566
