,18A2,868Z11,A23,A6,NYE-S1,TCR2-T,TCR3,TCR6,TCR7,T1,FLT3DY
0,0.8347839506172839,0.7092309145880575,0.8020662768031189,0.7923612373966984,0.7135567064239381,0.72598276025386,0.627453376267418,0.7670648641352313,0.7838423977975171,0.8151105651105651,0.7048097150506788
1,0.8933440091976678,0.7618245951579286,0.798132183908046,0.8131313131313131,0.7523933102652826,0.7212878787878787,0.6558641975308642,0.7779838662191603,0.8240404040404039,0.8148148148148149,0.7832874196510561
