,18A2,868Z11,A23,A6,NYE-S1,TCR2-T,TCR3,TCR6,TCR7,T1,FLT3DY
0,0.8317485275032445,0.7818515258215962,0.817820859053498,0.757253086419753,0.5724524658348188,0.7412598525298755,0.6262592641902988,0.7609923969587835,0.7496595285056825,0.8410559495665879,0.7722360248447204
