,18A2,868Z11,A23,A6,NYE-S1,TCR2-T,TCR3,TCR6,TCR7,T1,FLT3DY
0,0.770273942581635,0.6756492969396195,0.7609579504316346,0.7358258047159086,0.7034971338431854,0.7534384549566068,0.6447594091160104,0.7637331006896225,0.6895343705174888,0.6472934472934473,0.7333717800845828
1,0.8282678303981821,0.7307761682761683,0.8195139093197344,0.8237792451292085,0.7415281850765721,0.7497162637612077,0.6691182081807082,0.7968376068376068,0.8139772263303543,0.8389101094983449,0.766882183908046
2,0.8747530864197531,0.7613103609939054,0.8107717803030304,0.8307261420828493,0.7544268406337372,0.7311866969009825,0.6713505004603642,0.8104640004149807,0.7926851851851852,0.8402614379084968,0.7614484930274404
3,0.8813185564080706,0.8277777777777778,0.8331928345626975,0.8286671593988667,0.7562148962148961,0.7073631535947712,0.6651225490196079,0.8275224090082617,0.8006125356125356,0.819186046511628,0.7524475524475526
4,0.9172248803827752,0.8347301587301588,0.8005921281783351,0.8206275720164609,0.8091615956727519,0.7391518737672583,0.6448076923076923,0.7964065255731922,0.8179653679653679,0.8135912698412698,0.7590811965811967
