,18A2,868Z11,A23,A6,NYE-S1,TCR2-T,TCR3,TCR6,TCR7,T1,FLT3DY
0,0.8628918495297806,0.632406015037594,0.8112389719984656,0.7883739837398375,0.6988818021000699,0.7002598534006248,0.6569845482694977,0.7450617283950617,0.8175357374918778,0.8441935483870968,0.7929982658243527
