,18A2,868Z11,A23,A6,NYE-S1,TCR2-T,TCR3,TCR6,TCR7,T1,FLT3DY
0,0.8194813409234661,0.7173233270794247,0.8269623655913979,0.7852243461487158,0.7360637584870474,0.7101182099634112,0.6312908106386367,0.7416587527698639,0.7897400506096158,0.8396696696696697,0.7010495686449502
1,0.8903152189416631,0.7853399221323749,0.8269557823129251,0.7599524658348188,0.7584876543209876,0.7064666989195292,0.6595925925925926,0.8000743218134523,0.7925925925925926,0.8482035024154588,0.7706874416433239
