,18A2,868Z11,A23,A6,NYE-S1,TCR2-T,TCR3,TCR6,TCR7,T1,FLT3DY
0,0.8552651515151516,0.7286786786786786,0.8367424242424243,0.7723748353096177,0.7651748971193415,0.7014742014742015,0.67599451303155,0.7402298850574712,0.8077710805843691,0.8562008978675646,0.8097735597735598
1,0.8457074586106844,0.7254249815225425,0.862614611061816,0.8323091787439614,0.7841634738186464,0.7088023088023089,0.6126962560386473,0.7721878224974201,0.7666724058769514,0.8714596949891068,0.8867965367965368
