,18A2,868Z11,A23,A6,NYE-S1,TCR2-T,TCR3,TCR6,TCR7,T1,FLT3DY
0,0.8882138364779874,0.7110902199540394,0.8296686375954669,0.7752223320158103,0.7521895736181451,0.7146103896103897,0.5962462462462462,0.7655154369440084,0.7879332206255283,0.8464347079037801,0.7761891643709825
