,18A2,868Z11,A23,A6,NYE-S1,TCR2-T,TCR3,TCR6,TCR7,T1,FLT3DY
0,0.8355106621773288,0.7163681014102877,0.8146723646723647,0.7980189400373705,0.7045417200696704,0.7150127659574469,0.6372077845021953,0.7540942513368983,0.7586058479532163,0.890862840862841,0.7533858904386497
1,0.8503765358699961,0.7040956119903488,0.837043485470298,0.7520107577914886,0.7530818540433925,0.7279485633916014,0.6501332666999834,0.7574338624338625,0.7447720561092654,0.8856285628562857,0.7760998964803313
2,0.8694074074074073,0.7518214936247724,0.8429208126036484,0.7841017007683675,0.766374269005848,0.7284474206349206,0.6456328994529335,0.7353555842399656,0.7940844616376532,0.9050632911392406,0.7708495966692688
