,18A2,868Z11,A23,A6,NYE-S1,TCR2-T,TCR3,TCR6,TCR7,T1,FLT3DY
0,0.8728951350655206,0.7280291005291004,0.8079377637130802,0.8303326343068554,0.7484878369493755,0.6960466234078346,0.5667867990389411,0.7596687370600415,0.7787945492662475,0.8807992202729045,0.7872538089929394
