,18A2,868Z11,A23,A6,NYE-S1,TCR2-T,TCR3,TCR6,TCR7,T1,FLT3DY
0,0.7804783950617283,0.7249745681336338,0.8304131054131054,0.783538836642285,0.6848830914299029,0.7524465362704628,0.6377505596255596,0.7350797666736946,0.8030478395061729,0.8456654456654457,0.7561303827751197
1,0.8570650922262003,0.7492054359142967,0.8357683982683982,0.7920265151515151,0.7715070643642074,0.7581309041835359,0.6624940898345154,0.7846771284271284,0.8061322975517892,0.8433243324332435,0.8113509644364075
2,0.8525270061728395,0.7382291666666667,0.8645726495726495,0.7625953159041394,0.7927217468959755,0.7459057071960298,0.6590322580645162,0.7881078357268834,0.7813692480359148,0.8534752284752285,0.8303864067621184
