,18A2,868Z11,A23,A6,NYE-S1,TCR2-T,TCR3,TCR6,TCR7,T1,FLT3DY
0,0.8516897274633123,0.7359098228663447,0.8102175602175602,0.7498841106832121,0.7747500084456607,0.7446224256292906,0.6405131837162291,0.7464610042735043,0.7489316239316239,0.8986254295532646,0.7747414622414622
