,18A2,868Z11,A23,A6,NYE-S1,TCR2-T,TCR3,TCR6,TCR7,T1,FLT3DY
0,0.8185448232323232,0.7819284802043422,0.8079722222222222,0.766485760971055,0.731696040380904,0.7476764335223692,0.5605198097757622,0.7417464717741936,0.8082510446753064,0.8560224089635854,0.8508756038647344
1,0.8623659778376759,0.7848484848484848,0.8438356164383561,0.7852103804484757,0.808982683982684,0.7789098972922502,0.565771349862259,0.7676449001500761,0.7396541950113379,0.8663793103448275,0.8126343526801193
2,0.8799791040877629,0.7711365211365212,0.9096631205673759,0.7931487179487179,0.8541007800969851,0.7243416305916307,0.5645859516827259,0.8083484573502723,0.7495754076086957,0.8796296296296298,0.6886609686609687
