,18A2,868Z11,A23,A6,NYE-S1,TCR2-T,TCR3,TCR6,TCR7,T1,FLT3DY
0,0.79780260510431,0.6501427925706772,0.7653871829105473,0.7646078595085024,0.7311223649538867,0.7408854166666666,0.6237004548408057,0.7548124098124097,0.7663760339816678,0.8421041119860018,0.6950587518013522
1,0.8751354207953495,0.6839779653070792,0.8360265945458644,0.7848414467979685,0.7569849849849849,0.7448787878787879,0.6670451656149595,0.7791569541569542,0.8320207927225471,0.845964596459646,0.7918987341772152
2,0.9182971014492752,0.772295321637427,0.8363921957671957,0.7996094159588969,0.8077098837968403,0.7497519841269842,0.641969507101086,0.7824543610547666,0.830510992275698,0.8188509021842355,0.778529341029341
