,18A2,868Z11,A23,A6,NYE-S1,TCR2-T,TCR3,TCR6,TCR7,T1,FLT3DY
0,0.8385310676977343,0.6929448621553885,0.8232028388278388,0.7363306982872201,0.6846977124183007,0.7434456238635806,0.6104276895943562,0.7375245098039217,0.7511620932673564,0.8403467297084318,0.751752738654147
