,18A2,868Z11,A23,A6,NYE-S1,TCR2-T,TCR3,TCR6,TCR7,T1,FLT3DY
0,0.8601336062027886,0.7476134585289514,0.8293057153816648,0.7470311726867886,0.7586603872318158,0.7675044091710759,0.6988122171945701,0.7655847239180572,0.8008268964151318,0.9081286549707602,0.6790798387788355
