,18A2,868Z11,A23,A6,NYE-S1,TCR2-T,TCR3,TCR6,TCR7,T1,FLT3DY
0,0.836265848058301,0.7143518518518519,0.8065887533875339,0.7641256313131312,0.6541212121212121,0.7316421568627453,0.6331725023239344,0.7605202080832333,0.7488964027425565,0.8421591804570528,0.77311939268461
