,18A2,868Z11,A23,A6,NYE-S1,TCR2-T,TCR3,TCR6,TCR7,T1,FLT3DY
0,0.8365340649291265,0.7263816819042912,0.8134162808641975,0.8183019976498237,0.6960372670807454,0.7280555555555556,0.6578666064438422,0.7692612398494751,0.7540504367427444,0.8492021276595745,0.7771428571428571
