,18A2,868Z11,A23,A6,NYE-S1,TCR2-T,TCR3,TCR6,TCR7,T1,FLT3DY
0,0.7975618006765548,0.7367176214740385,0.8152130625248905,0.8109613656783469,0.7373519268256109,0.6912519643792562,0.6344734931009441,0.7348137685708306,0.7692194364084431,0.8158613158613158,0.7283163265306122
1,0.9115179252479022,0.7786261940673705,0.8521421107628004,0.8016098484848485,0.77857606980414,0.7374074074074075,0.661116372053872,0.7978988603988605,0.8362601626016261,0.8166666666666668,0.6669318181818182
