,18A2,868Z11,A23,A6,NYE-S1,TCR2-T,TCR3,TCR6,TCR7,T1,FLT3DY
0,0.8000617741536941,0.6735395189003436,0.7687472185135737,0.7706263393726865,0.7016408141620091,0.7411747685185185,0.6326620303293731,0.753008658008658,0.7908430291896306,0.8415791776027998,0.6950656800798137
1,0.8688391175679312,0.7186527724502408,0.8363871985575839,0.7845689334819769,0.7217605071378657,0.7136278195488721,0.6679350715391905,0.776291723822588,0.7908469531880549,0.8456645664566458,0.7956507627393702
2,0.9087034963294761,0.777922642329422,0.8229276895943562,0.7966996959211493,0.7700356606606608,0.7291236670106639,0.6416040100250627,0.7826080275370336,0.8256823554695895,0.8160018993352326,0.7855639730639731
