,18A2,868Z11,A23,A6,NYE-S1,TCR2-T,TCR3,TCR6,TCR7,T1,FLT3DY
0,0.8306557031414717,0.6908186104100196,0.8106017732503301,0.8099174597401548,0.7259477717281712,0.7702889479997914,0.6253859020310634,0.7550701941445644,0.7871785197761428,0.8446831955922866,0.820246613851265
1,0.8933007399577167,0.7419278252611586,0.8110033524904215,0.8074238742697618,0.737691601327965,0.7523055555555556,0.6210583191609977,0.7931286549707602,0.8238907153961822,0.8570261437908497,0.748787997903564
