,18A2,868Z11,A23,A6,NYE-S1,TCR2-T,TCR3,TCR6,TCR7,T1,FLT3DY
0,0.833469696969697,0.7697222222222222,0.831081081081081,0.7911203379953381,0.739399011637175,0.751953125,0.6115680898289594,0.7422939068100359,0.7177107362552864,0.8323529411764706,0.8281071585419412
