,18A2,868Z11,A23,A6,NYE-S1,TCR2-T,TCR3,TCR6,TCR7,T1,FLT3DY
0,0.8297474747474748,0.7023583484026522,0.8005128205128204,0.7655085174565693,0.7426542991059121,0.6888941045567551,0.6701293563639137,0.740573476702509,0.824163000977517,0.8619266055045872,0.8055092163525899
1,0.8134044260979246,0.6691880341880342,0.8050587845669813,0.7635902031063321,0.811936936936937,0.7746759080990887,0.6539511494252873,0.7999917877966657,0.8678135888501742,0.822085289514867,0.8732193732193733
