,18A2,868Z11,A23,A6,NYE-S1,TCR2-T,TCR3,TCR6,TCR7,T1,FLT3DY
0,0.864459585371535,0.702261420171868,0.8138020833333334,0.8059786625534239,0.7111519607843139,0.726538265954742,0.5926785714285715,0.7424009603841536,0.7479166666666667,0.8513297872340425,0.7353113553113554
