,18A2,868Z11,A23,A6,NYE-S1,TCR2-T,TCR3,TCR6,TCR7,T1,FLT3DY
0,0.8438022262163782,0.6884772290744005,0.8288058856819468,0.7945942265795208,0.7196736453201971,0.7486772486772487,0.596654601763186,0.7392786885245902,0.8063132742249891,0.8476999726999725,0.7437641723356009
1,0.8954381210478771,0.7611888111888113,0.847165991902834,0.7948814655172414,0.8171640451052214,0.7057623049219689,0.6168679805043441,0.7749553281351527,0.8473898467432951,0.8457880434782609,0.7233608815426997
