,18A2,868Z11,A23,A6,NYE-S1,TCR2-T,TCR3,TCR6,TCR7,T1,FLT3DY
0,0.7975343287796957,0.6762040708432462,0.7689474855362706,0.7695715778474398,0.7016861694333382,0.7418981481481483,0.6313065456067485,0.7531457431457431,0.7948969177383138,0.8410542432195975,0.698668384879725
1,0.8757167393314836,0.7175020244640499,0.8359364435429345,0.7930336507464167,0.7202193770589997,0.7182017543859649,0.6630116959064328,0.7708513708513709,0.7932850753295669,0.8443444344434444,0.805154170723791
2,0.9124779541446207,0.7661923006750593,0.8666266025641026,0.7926423324150598,0.7664025632775634,0.7301771585827312,0.6452850877192983,0.7723499361430396,0.8253599828067912,0.8160018993352326,0.7867000172503019
