,18A2,868Z11,A23,A6,NYE-S1,TCR2-T,TCR3,TCR6,TCR7,T1,FLT3DY
0,0.8428086419753086,0.7208602150537633,0.8291906405830457,0.7477409510169982,0.7395125895125897,0.7084564419375056,0.5925886524822696,0.7325326797385622,0.7183404995904996,0.8480019493177388,0.807704315886134
