,18A2,868Z11,A23,A6,NYE-S1,TCR2-T,TCR3,TCR6,TCR7,T1,FLT3DY
0,0.8327707047325102,0.754251012145749,0.8300945573672847,0.7484488660676081,0.7910783179012345,0.6798260073260073,0.7035185185185185,0.7459893974567754,0.829433311786253,0.8450490196078432,0.820447118241236
