,18A2,868Z11,A23,A6,NYE-S1,TCR2-T,TCR3,TCR6,TCR7,T1,FLT3DY
0,0.869753086419753,0.7826576576576576,0.766765873015873,0.814051689051689,0.7320987654320987,0.6769886363636363,0.5861507936507936,0.7575396825396825,0.8730583142347849,0.8836477987421384,0.892636684303351
