,18A2,868Z11,A23,A6,NYE-S1,TCR2-T,TCR3,TCR6,TCR7,T1,FLT3DY
0,0.8134316032866757,0.7829556712931401,0.8072244289970208,0.7500108295429934,0.6879927248677249,0.6708296661385907,0.6205525606469003,0.7423953823953825,0.7997359571848062,0.8484444444444446,0.8077119883040935
1,0.8133045814387656,0.7712498768836799,0.8212505932605599,0.7829828292375551,0.7268363698383982,0.6912878787878789,0.6397331982438366,0.7451968460214338,0.7699568862632772,0.8574800290486566,0.7543269230769231
2,0.879336846728151,0.7436658249158249,0.8259209005477662,0.7866362033028699,0.8151422764227642,0.7112065414401054,0.6638572237044224,0.7670454545454546,0.7961257673801226,0.8655884502923977,0.7931466302367941
