,18A2,868Z11,A23,A6,NYE-S1,TCR2-T,TCR3,TCR6,TCR7,T1,FLT3DY
0,0.7832532720690616,0.6688528806584362,0.7671005785491767,0.7665177701706049,0.700796508341881,0.7411747685185185,0.6317669596574261,0.7105280586339352,0.7910920596040008,0.8428477690288715,0.6967908214166944
1,0.8576862145733447,0.7291842475386779,0.8342911877394638,0.7869333680503893,0.7129566641471404,0.7452323232323232,0.6664846404548922,0.7471958465211839,0.8003678482887407,0.8459645964596461,0.8012463485881208
2,0.907333268235524,0.8172391763723034,0.833746693121693,0.789761248852158,0.7675708087422857,0.7502066798941799,0.6434576023391813,0.7694026447788418,0.8205673758865247,0.817426400759734,0.7869468494468493
