,18A2,868Z11,A23,A6,NYE-S1,TCR2-T,TCR3,TCR6,TCR7,T1,FLT3DY
0,0.8358415693321354,0.71255291005291,0.8185924639917695,0.758440170940171,0.6633252525252525,0.7406369183829137,0.6275092826816965,0.7660344137655062,0.7528693528693529,0.8424743892828999,0.770703933747412
