,18A2,868Z11,A23,A6,NYE-S1,TCR2-T,TCR3,TCR6,TCR7,T1,FLT3DY
0,0.772772298926145,0.6753928866832094,0.7592592592592592,0.7357190860215054,0.7015816678638328,0.7526806013934726,0.6505418737521771,0.7631366544410022,0.7475191023943507,0.8332622601279317,0.7340445982314495
1,0.8497518436964803,0.7302072927072927,0.8185168840508646,0.8172522703662746,0.7439841968067774,0.7493828736806266,0.6695074023199022,0.7955555555555556,0.8078487974522791,0.8322594784133246,0.8180876594669698
2,0.8712811171827566,0.762669948429442,0.8110085227272728,0.8255905583961002,0.7604328466397433,0.7469189969189968,0.665367621067515,0.8021389324960753,0.7874655104454081,0.8436858974358975,0.7758438818565402
3,0.8927327201783722,0.8242775742775743,0.8617117117117118,0.818969474969475,0.7689087301587302,0.7333521976985474,0.6596929758117457,0.8239289446185998,0.7953667953667954,0.8101604278074866,0.7444067370537959
4,0.8880249867091973,0.8261971455248767,0.833888888888889,0.8226363008971704,0.8151845130066547,0.7574175824175825,0.6418839758125472,0.8039846332529259,0.8272486772486772,0.8043478260869565,0.7738927738927739
