,18A2,868Z11,A23,A6,NYE-S1,TCR2-T,TCR3,TCR6,TCR7,T1,FLT3DY
0,0.8553394243049416,0.707312925170068,0.8058201058201058,0.7484506601934605,0.8092892156862744,0.6898823496534764,0.6513914728682171,0.7953666216824112,0.8251488095238096,0.8461654589371981,0.8171296296296298
