,18A2,868Z11,A23,A6,NYE-S1,TCR2-T,TCR3,TCR6,TCR7,T1,FLT3DY
0,0.8383967883967886,0.6796553497942387,0.8090533088235294,0.7936017786561265,0.602813492063492,0.7355072463768115,0.6472172619047619,0.7592705167173253,0.7884793052475979,0.839558707643814,0.747985347985348
