,18A2,868Z11,A23,A6,NYE-S1,TCR2-T,TCR3,TCR6,TCR7,T1,FLT3DY
0,0.7668197043197043,0.7055902777777777,0.810233918128655,0.7702755648426276,0.7161178755346077,0.7402714932126697,0.6555949348099216,0.6885644553962829,0.772552294197031,0.6927255460588794,0.6317197051420352
1,0.7992827434003905,0.7466712580348944,0.812005990515018,0.770164609053498,0.7774611316931067,0.7614972667175185,0.63370711349148,0.7350974462365593,0.7728207918739635,0.813699494949495,0.6361402734170591
2,0.8293906810035843,0.7381542699724518,0.8019136036377416,0.7701724410694509,0.8195396579684505,0.7300950683303625,0.6927632529250326,0.7480683231457226,0.813999183006536,0.810897435897436,0.6551641900568704
3,0.8743569958847738,0.733068783068783,0.7993827160493828,0.7520471151423532,0.8272618154538635,0.7187091503267974,0.6617488568708082,0.7867866782340466,0.8480596971163009,0.8080699233716474,0.7527289377289378
4,0.8553009772521968,0.7676470588235293,0.7776153346328784,0.7696078431372549,0.8577289377289375,0.6999580280830281,0.6561727330228279,0.7821895424836601,0.8569696969696969,0.8081632653061225,0.7641587555082365
