,18A2,868Z11,A23,A6,NYE-S1,TCR2-T,TCR3,TCR6,TCR7,T1,FLT3DY
0,0.8022273425499232,0.7201037929007278,0.8579861111111112,0.7934748612088512,0.6755048127223269,0.7645382395382395,0.6303693181818182,0.7719667260843731,0.7230220734126984,0.8932782369146004,0.8006592292089248
1,0.8459794174079889,0.7300411522633744,0.8372916666666667,0.8210317460317459,0.7453541666666667,0.7451137506284565,0.6366840277777778,0.74912476285474,0.7989266547406082,0.8473060585736641,0.734324236517219
