,18A2,868Z11,A23,A6,NYE-S1,TCR2-T,TCR3,TCR6,TCR7,T1,FLT3DY
0,0.8670411510110233,0.7367533164634613,0.7920833333333333,0.7770007770007771,0.7769578007709476,0.7186136426401547,0.6393422185955846,0.7327353395061728,0.7931669637551991,0.8492021276595745,0.7692991452991453
