,18A2,868Z11,A23,A6,NYE-S1,TCR2-T,TCR3,TCR6,TCR7,T1,FLT3DY
0,0.823281377968878,0.7315167129079138,0.7981503267973856,0.7505715592135346,0.7273966802168021,0.6705903335116817,0.6807148407148408,0.7622492586778301,0.7682439446366782,0.846704331450094,0.7451980969222349
1,0.8561068485365161,0.7915147265077138,0.7968728379687283,0.7999999999999999,0.8273809523809522,0.7425084175084175,0.6811493768015507,0.754161618880962,0.7905372405372404,0.8654214559386973,0.7919327049761833
2,0.9075308641975308,0.7232142857142857,0.8972517730496454,0.8396909603806155,0.8482022849462365,0.761204058321575,0.6766763285024154,0.792103948025987,0.7857282502443793,0.8867924528301887,0.8078542392566783
