,18A2,868Z11,A23,A6,NYE-S1,TCR2-T,TCR3,TCR6,TCR7,T1,FLT3DY
0,0.7763640873015873,0.7618816906607604,0.7945424836601306,0.7821911084489702,0.7333884510742097,0.7762791594370543,0.5931031787898325,0.7551756885090218,0.7203199404761905,0.8706486042692939,0.7678898358585858
1,0.8594337606837607,0.7277170613236187,0.8315172270651723,0.7733936026618954,0.7887555427029111,0.7258297258297258,0.6690528366204043,0.7781003584229391,0.7749293446381912,0.8726797385620916,0.7696731609775087
2,0.8707577284946236,0.7101351351351352,0.7632575757575758,0.8174786324786325,0.8289884135472371,0.7266347022444584,0.6917045454545455,0.7725146198830409,0.803864734299517,0.8073192239858905,0.8707202842377262
