,18A2,868Z11,A23,A6,NYE-S1,TCR2-T,TCR3,TCR6,TCR7,T1,FLT3DY
0,0.7979120336051396,0.6529575525969756,0.7681241655540721,0.7708394287704632,0.7002941114902347,0.7414641203703703,0.6260893246187363,0.7537662337662336,0.7907246376811594,0.8421041119860018,0.6951765325351956
1,0.8751354207953493,0.6818565400843881,0.8358688302907371,0.7926120864950653,0.7145691609977325,0.744919191919192,0.6664904190647897,0.7806462056462057,0.7899221482378262,0.8459645964596461,0.7954949691658552
2,0.9169987922705314,0.7719298245614036,0.836020171957672,0.7991727941176471,0.7714110545180155,0.7516534391534391,0.6403247702589808,0.7967764238181662,0.8246722544594886,0.8179012345679012,0.7815656565656566
