,18A2,868Z11,A23,A6,NYE-S1,TCR2-T,TCR3,TCR6,TCR7,T1,FLT3DY
0,0.7930467836257309,0.6772043010752689,0.7599554441659705,0.736404164349277,0.7011844903592906,0.7531857605177995,0.6630688463583202,0.7113553047728579,0.7370041652874324,0.649116809116809,0.7296232218377546
1,0.8524944900821478,0.7295967920967921,0.8232404955705926,0.8169748519177121,0.7544022817460317,0.7436392914653784,0.6534078647182143,0.755773249738767,0.8172963090259877,0.8405907817672524,0.7684786079182632
2,0.8720540843491663,0.7679080179080179,0.8127604166666668,0.8251831501831502,0.7476655154139942,0.7342048570309441,0.6519268774703557,0.7585185185185185,0.7998469868173258,0.8405882352941177,0.760042735042735
3,0.8798558897243107,0.7895688657407408,0.8641891891891892,0.8225375708302537,0.7516336996336997,0.7468873797396718,0.6482733790426098,0.7780581435472739,0.7890410550184986,0.819186046511628,0.7522399475524475
4,0.8791092745638199,0.8478641456582633,0.8384180790960453,0.8203588681849551,0.8129870129870129,0.7374999999999999,0.6122060448232324,0.8000626566416039,0.801914764405387,0.8205357142857143,0.7812306740878169
