,18A2,868Z11,A23,A6,NYE-S1,TCR2-T,TCR3,TCR6,TCR7,T1,FLT3DY
0,0.8774881592421915,0.6784992784992786,0.792755315525714,0.7601936159079017,0.6952451342695246,0.6945827442784847,0.5927083333333333,0.7398512979473578,0.7616925064599483,0.8092983405483406,0.685515873015873
1,0.892074592074592,0.7045614035087718,0.8206780448159758,0.762372076023392,0.8435729847494553,0.7691086520054163,0.6336988304093568,0.7775362318840578,0.7925101214574899,0.8134920634920636,0.7212121212121212
