,18A2,868Z11,A23,A6,NYE-S1,TCR2-T,TCR3,TCR6,TCR7,T1,FLT3DY
0,0.8788077731092437,0.7165986394557824,0.8348214285714285,0.7837024087024087,0.7772839506172841,0.7578449328449328,0.654827264239029,0.814950980392157,0.8325238095238096,0.7431818181818182,0.8829107400535973
