,18A2,868Z11,A23,A6,NYE-S1,TCR2-T,TCR3,TCR6,TCR7,T1,FLT3DY
0,0.7599718249873049,0.8035595857565555,0.8188169934640523,0.7537218018775396,0.7241492576533964,0.7220798898071625,0.6676701770451771,0.7615909353682507,0.723541019479124,0.8564323607427055,0.8072377501725327
1,0.8312455411473415,0.7728647014361302,0.8253528878528877,0.8080285254198297,0.7705890400250156,0.738065775724578,0.6793816543816544,0.7725308641975309,0.76005291005291,0.8105576841209025,0.7858509631922944
2,0.8557575757575758,0.6406969099276791,0.8683712121212123,0.8000459136822773,0.7572829746742791,0.7308302808302809,0.6842650103519669,0.7510683760683761,0.7739766081871345,0.7971230158730158,0.8434782608695652
