,18A2,868Z11,A23,A6,NYE-S1,TCR2-T,TCR3,TCR6,TCR7,T1,FLT3DY
0,0.8444683908045977,0.8198099415204679,0.7913043478260869,0.8655094905094906,0.852199074074074,0.694795321637427,0.5398496240601504,0.7598579182630907,0.8220899470899471,0.9827586206896552,0.7212873931623932
