,18A2,868Z11,A23,A6,NYE-S1,TCR2-T,TCR3,TCR6,TCR7,T1,FLT3DY
0,0.8239426234130134,0.7245685026583902,0.8361830065359478,0.7250704106050018,0.7293813236795693,0.6833774250440917,0.6376454427925017,0.7669270833333334,0.8026724419745016,0.8126750700280111,0.7392086821367219
1,0.8566326530612245,0.7768959435626103,0.8939144736842105,0.7446160446160447,0.790220111032919,0.7220692757534862,0.6410947836186436,0.798989898989899,0.7828977272727272,0.8104005167958657,0.6892566974088713
2,0.8664215686274509,0.7559523809523809,0.8965425531914893,0.8203152211772902,0.7949259259259259,0.6737500000000001,0.6633680555555556,0.797611531986532,0.8346726190476191,0.8025252525252524,0.8082561728395062
