,18A2,868Z11,A23,A6,NYE-S1,TCR2-T,TCR3,TCR6,TCR7,T1,FLT3DY
0,0.8134421185891774,0.7526733500417713,0.8184117701661561,0.7451116395825076,0.7049570105820105,0.7158564814814815,0.608916083916084,0.7415107709750567,0.7816433566433568,0.8577188940092166,0.7820540935672514
1,0.8279177047784548,0.7529648713859239,0.8316197691197691,0.7743919912287259,0.7614241265557055,0.6941052774386107,0.6277762927321869,0.744684499314129,0.7709711641272387,0.8491919191919193,0.7895622895622895
2,0.8674357996440376,0.7394135055152004,0.8290998217468806,0.793166963755199,0.8308559983133038,0.7153248587570622,0.6159705159705159,0.7742746825461566,0.7806074134199134,0.8690545808966862,0.7525873655913978
3,0.8767160017160016,0.7138321995464852,0.8356481481481483,0.7930242272347535,0.8590375142099279,0.7800775193798449,0.6081959020489754,0.7802011231552827,0.8147727272727273,0.8734567901234569,0.7517006802721088
