,18A2,868Z11,A23,A6,NYE-S1,TCR2-T,TCR3,TCR6,TCR7,T1,FLT3DY
0,0.8436072575805711,0.7439665471923537,0.8088330737279334,0.7719139672587949,0.6961974191385956,0.6883680555555557,0.6498731435838354,0.7730325438502482,0.821559881736007,0.8557347670250895,0.7449652975310047
1,0.8373926542475889,0.7248393021120294,0.7924929476653615,0.796926984126984,0.7839317304726109,0.6943465122135483,0.6595238095238095,0.8067340067340067,0.8236911723753829,0.8503535353535353,0.8434065934065934
2,0.8232872200263506,0.7263157894736842,0.8151056014692378,0.8098967176004527,0.8497903063120454,0.7412221623563218,0.6832260101010101,0.7785594035594036,0.803587962962963,0.7975468975468974,0.8425478695877177
