,18A2,868Z11,A23,A6,NYE-S1,TCR2-T,TCR3,TCR6,TCR7,T1,FLT3DY
0,0.7835178157284419,0.7093901982790872,0.788766339869281,0.7117085953878407,0.7576215930451128,0.7044876684464785,0.6895836847135549,0.7619364094773932,0.7626626301326128,0.8135371572871573,0.8654985515372395
1,0.8752980011003118,0.6956539267860024,0.7774395003903201,0.7589468907828283,0.7805727554179566,0.7348148148148148,0.6987301587301588,0.7958333333333334,0.7580409356725145,0.8107394366197184,0.8389682539682539
