,18A2,868Z11,A23,A6,NYE-S1,TCR2-T,TCR3,TCR6,TCR7,T1,FLT3DY
0,0.7865775549986077,0.6709801569450692,0.8215041928721174,0.7763157894736841,0.6889513339920948,0.6882161824429865,0.6292581161408323,0.7761109291407359,0.6352819388625015,0.8444037444037443,0.6755373627114075
1,0.8525925925925927,0.6884743504330446,0.8173822301729278,0.746353838479311,0.7570016003657979,0.6720955882352943,0.6641744829244829,0.7811025043034038,0.7812685329069358,0.8436843684368438,0.7530207887350745
2,0.8815674978245865,0.7985185185185185,0.855462271973466,0.8199914199914201,0.7243969298245614,0.7451851851851852,0.6590816326530613,0.7788900913900912,0.7993819266837171,0.8361462728551338,0.7396462467644521
