,18A2,868Z11,A23,A6,NYE-S1,TCR2-T,TCR3,TCR6,TCR7,T1,FLT3DY
0,0.8513442708845007,0.7312770562770563,0.8032889660493826,0.771545247443168,0.7065007716049383,0.7441530557472587,0.641532728742031,0.7322967282150955,0.7611651169343477,0.8410559495665879,0.747598833719235
