,18A2,868Z11,A23,A6,NYE-S1,TCR2-T,TCR3,TCR6,TCR7,T1,FLT3DY
0,0.8259677419354837,0.7454004329004329,0.8233901515151515,0.7387626262626262,0.7622979016167871,0.6483693207377418,0.6191561731075409,0.7436903662665436,0.7440724206349207,0.7906204906204906,0.8143208760297368
1,0.8549558080808081,0.8144910644910645,0.8026785714285715,0.7821428571428571,0.8296703296703297,0.6718118686868687,0.5685442386831275,0.7591880341880343,0.7397382920110193,0.9821428571428572,0.7277877161598093
