,18A2,868Z11,A23,A6,NYE-S1,TCR2-T,TCR3,TCR6,TCR7,T1,FLT3DY
0,0.781664189272885,0.7174353270015117,0.8220283018867924,0.8016015247198043,0.6756071746880571,0.7436438567657753,0.6661743218346993,0.7571765968867418,0.7768258391704954,0.8443350831146107,0.80887623866751
1,0.8646667179802957,0.7168803418803419,0.8119281045751633,0.7463932432876533,0.7723765432098766,0.7336363636363638,0.6975034293552813,0.7632696799363465,0.8492414969771152,0.8489048904890488,0.8005555555555555
2,0.8684178743961354,0.725156376109766,0.796571484071484,0.7637085137085137,0.7986741519350214,0.7729114971050454,0.6691499482358209,0.7747326397995162,0.827132435465769,0.8193257359924027,0.8671369782480892
