,18A2,868Z11,A23,A6,NYE-S1,TCR2-T,TCR3,TCR6,TCR7,T1,FLT3DY
0,0.8539065255731922,0.7126815473739122,0.8266865079365079,0.8208508136282736,0.6282598039215687,0.7410704047700952,0.6481632038542607,0.7596426654397668,0.7537202380952381,0.8176418439716312,0.8383710541989279
