,18A2,868Z11,A23,A6,NYE-S1,TCR2-T,TCR3,TCR6,TCR7,T1,FLT3DY
0,0.812171052631579,0.7270486111111111,0.8212607748413375,0.7182881773399016,0.7259405566528602,0.7475931025055168,0.6655134170745233,0.7576914859523556,0.7567644032921811,0.8550543024227234,0.7440728695324283
1,0.8387316887783305,0.7451721611721611,0.8221875000000001,0.7782835414189457,0.7683277393565136,0.7844751866490997,0.6650311353815398,0.7683803763440861,0.7723954700457258,0.862095531587057,0.7353865432812802
2,0.8415494899365866,0.7369531423495448,0.8349753694581281,0.7965,0.7864471744471745,0.806490514905149,0.6756950493612078,0.7721225640548998,0.7717749529190208,0.8763616557734205,0.7475883170327614
3,0.8547691343743975,0.7325041459369818,0.8622685185185186,0.8008255633255633,0.7987268518518519,0.7615159496634475,0.6809787339883099,0.7821696874179144,0.7800356506238858,0.864313725490196,0.7827320827320827
4,0.8699197860962568,0.8290598290598291,0.8464646464646464,0.8054029304029303,0.8109211775878443,0.726878249955173,0.6996071829405163,0.7761818495514147,0.7654990842490842,0.8725845410628019,0.7345711759504864
