,18A2,868Z11,A23,A6,NYE-S1,TCR2-T,TCR3,TCR6,TCR7,T1,FLT3DY
0,0.82555605314226,0.7356046217157329,0.8172353961827646,0.7999878963931252,0.6889990894228183,0.7020160554643313,0.6163049768518518,0.7594115497076023,0.7028918449971081,0.8876603876603877,0.7625279912848756
1,0.8228905597326649,0.7316086691086691,0.7710743801652892,0.8180891964628989,0.7861450924608819,0.685530303030303,0.6166666666666666,0.8084742351046699,0.8171253349824777,0.8658730158730159,0.8002272727272727
