,18A2,868Z11,A23,A6,NYE-S1,TCR2-T,TCR3,TCR6,TCR7,T1,FLT3DY
0,0.8204061204061204,0.7320551788636895,0.8134552066440611,0.7649157412819014,0.7010892868080937,0.6659071666915684,0.6326265753510335,0.7444678231993587,0.7545602895319341,0.8516239316239317,0.8137492840778924
1,0.8472287489557226,0.7295853269537479,0.8325396825396826,0.8168046928916494,0.7551543284301906,0.7217995020863285,0.6729273534720243,0.7778530377668309,0.7769047619047619,0.8291503267973855,0.7242400141392719
2,0.8822655122655122,0.7133364121510674,0.8460428460428461,0.8466053087901827,0.7917467581998473,0.7398460487599833,0.6486291486291487,0.8271396938480793,0.8145306299603176,0.8755208333333333,0.7034251817833908
3,0.8753968253968254,0.7377083333333333,0.847123015873016,0.8651056014692378,0.8005430242272348,0.7852948085506225,0.6808427318295739,0.8412634408602151,0.8042328042328042,0.8755050505050505,0.7209876543209877
