,18A2,868Z11,A23,A6,NYE-S1,TCR2-T,TCR3,TCR6,TCR7,T1,FLT3DY
0,0.8417924096936442,0.7380134976525822,0.8594513125763127,0.726062252964427,0.5985725308641975,0.7563496158697397,0.6632866606443842,0.7584803921568627,0.7770268474215842,0.8516843971631207,0.8027065527065527
