,18A2,868Z11,A23,A6,NYE-S1,TCR2-T,TCR3,TCR6,TCR7,T1,FLT3DY
0,0.8849769392033542,0.7091604010025062,0.8139767932489451,0.7921884317233155,0.7579259951863971,0.6958371385083714,0.7035116279069767,0.7463606654783126,0.7950789473684209,0.8096064814814815,0.7132882882882883
