,18A2,868Z11,A23,A6,NYE-S1,TCR2-T,TCR3,TCR6,TCR7,T1,FLT3DY
0,0.8811199294532628,0.6462328767123288,0.7988207628730505,0.7431674468259835,0.6467929233886681,0.7537009803921567,0.6247240124119823,0.7616503267973856,0.8110324947589098,0.8083820662768031,0.7528299459737586
