,18A2,868Z11,A23,A6,NYE-S1,TCR2-T,TCR3,TCR6,TCR7,T1,FLT3DY
0,0.7893405071382911,0.7333430923737536,0.7939120900076277,0.746970785440613,0.6948665991219182,0.6548099254369881,0.6393585294148862,0.7357845117845119,0.7504703849812545,0.8562477622627999,0.745674740484429
1,0.778210303729335,0.7327153558052434,0.828036164961034,0.7608765172898041,0.7404468724708059,0.6893286689988339,0.6376722117418395,0.7462857238247863,0.7854192578772802,0.8358286252354049,0.7106455176767676
2,0.8471792839212577,0.7277091906721537,0.8489784205693297,0.7730262475360514,0.7862654320987654,0.6927274897199709,0.6385464929918117,0.7475754310344827,0.7829497354497353,0.841944194419442,0.7333022677850264
3,0.8793197278911564,0.7682291666666666,0.8675537425537425,0.7798353909465021,0.8350986083662714,0.7057637571157495,0.6714230019493176,0.7354251097602162,0.8107769423558898,0.8410317460317461,0.710573476702509
4,0.8943627450980393,0.7309303350970019,0.8567517278043594,0.8069381598793363,0.8712333022677852,0.7156996131786048,0.6531182795698924,0.7411084529505582,0.7942674609341275,0.9681159420289855,0.7112745098039216
5,0.9085368508118933,0.774928774928775,0.8698412698412699,0.8199300699300699,0.8814258658008658,0.7195793972109762,0.6222222222222222,0.7838498840396374,0.8295673076923077,0.9795454545454545,0.6954800194931773
