,18A2,868Z11,A23,A6,NYE-S1,TCR2-T,TCR3,TCR6,TCR7,T1,FLT3DY
0,0.8327666952666952,0.7541218637992831,0.8170610425240055,0.8019275284900286,0.6879628889599317,0.6868391812865496,0.6094004375254375,0.7562945632798574,0.6745457892930967,0.8573348694316435,0.7173969072164947
1,0.8660990657500441,0.8355448898927159,0.8059976422045388,0.8050950292397662,0.6907448107448108,0.7085245164192533,0.6142931081607612,0.7502923976608186,0.7831490364765145,0.8517171717171718,0.7749444444444444
2,0.8853904659240627,0.7961816305469555,0.798792495854063,0.8533333333333334,0.7782282282282282,0.692572975517891,0.6564020917469194,0.7495659722222222,0.8530715811965811,0.8481481481481482,0.747520908004779
