,18A2,868Z11,A23,A6,NYE-S1,TCR2-T,TCR3,TCR6,TCR7,T1,FLT3DY
0,0.8763221665520516,0.7814233888177551,0.8277216006884682,0.802910052910053,0.7168127351950883,0.7476480491186374,0.6575504075504076,0.7050253667900727,0.748614633230018,0.8424743892828999,0.8115842490842491
