,18A2,868Z11,A23,A6,NYE-S1,TCR2-T,TCR3,TCR6,TCR7,T1,FLT3DY
0,0.8449613291758377,0.7506613756613758,0.851909407464963,0.7827010993379507,0.738532968184131,0.7009457543201866,0.6969944005270093,0.7341409078251183,0.7544419083422843,0.8364473684210528,0.7787483912483912
