,18A2,868Z11,A23,A6,NYE-S1,TCR2-T,TCR3,TCR6,TCR7,T1,FLT3DY
0,0.8524383547968454,0.7703703703703703,0.8078760162601627,0.7932387845245065,0.7120455486542442,0.6946560846560846,0.6266747181964573,0.7821869488536155,0.8061444652908069,0.9087719298245615,0.6891627543035993
