,18A2,868Z11,A23,A6,NYE-S1,TCR2-T,TCR3,TCR6,TCR7,T1,FLT3DY
0,0.8621398662062293,0.7589071465832028,0.8077876984126983,0.7600748943699568,0.7198679471788716,0.7379168642326537,0.6368255813953488,0.7572875816993464,0.8239568764568764,0.80883487654321,0.7763384289590364
