,18A2,868Z11,A23,A6,NYE-S1,TCR2-T,TCR3,TCR6,TCR7,T1,FLT3DY
0,0.8414566584209441,0.789241622574956,0.8128427128427128,0.8097470872406934,0.7705477392977392,0.7129939096850862,0.6519782006503674,0.7730919540229886,0.7738680033416875,0.8456790123456791,0.6493365022776788
