,18A2,868Z11,A23,A6,NYE-S1,TCR2-T,TCR3,TCR6,TCR7,T1,FLT3DY
0,0.7494674859190988,0.7204040152646426,0.8388610763454318,0.8102004083387061,0.7079445175759348,0.6965520507719997,0.5978030895864127,0.7200274258848113,0.7994207424000724,0.8540314650934121,0.788723544973545
1,0.8253674960992035,0.7542583857442349,0.8472222222222223,0.808902208902209,0.7362514029180697,0.7191919191919193,0.6706593406593405,0.7402573529411764,0.8287080961416824,0.7977821265492498,0.7874747474747474
