,18A2,868Z11,A23,A6,NYE-S1,TCR2-T,TCR3,TCR6,TCR7,T1,FLT3DY
0,0.8385626680107526,0.6967315903931933,0.8080533781261665,0.7665158673789746,0.6786438608472508,0.7507736574001634,0.6083726256876162,0.7355175688509021,0.7733257554229421,0.8431955922865014,0.7776056607381908
1,0.8917857142857143,0.7585587489433644,0.8197693307342431,0.8222489875715682,0.7995920745920747,0.7761479591836734,0.6055308328035601,0.7586578031022476,0.8541979010494752,0.8157738095238095,0.7451236502960641
