,18A2,868Z11,A23,A6,NYE-S1,TCR2-T,TCR3,TCR6,TCR7,T1,FLT3DY
0,0.896784188034188,0.7438522674146798,0.8555286055286055,0.7668614718614718,0.7957123316498317,0.7847707847707848,0.6571655734446432,0.7355442176870749,0.7425427617855652,0.8435077519379846,0.8388019417084617
