,18A2,868Z11,A23,A6,NYE-S1,TCR2-T,TCR3,TCR6,TCR7,T1,FLT3DY
0,0.8303703703703703,0.8841666666666667,0.8590534979423868,0.7001671810699589,0.7933703703703704,0.7230555555555555,0.6189300411522635,0.7021011396011397,0.747848731884058,0.8943452380952381,0.8084656084656084
