,18A2,868Z11,A23,A6,NYE-S1,TCR2-T,TCR3,TCR6,TCR7,T1,FLT3DY
0,0.811439432123656,0.7057870370370369,0.8349502060439561,0.7973940388296418,0.7338014289233801,0.697146002710027,0.6013045751633986,0.7498456790123457,0.7363279994858942,0.861926605504587,0.7273967183075128
1,0.875,0.7291761148904006,0.8454661558109834,0.7780084582852749,0.7621052631578946,0.7287394957983193,0.6098026598026599,0.7871038740603957,0.7279491341991342,0.8129361245303274,0.7727347883597884
