,18A2,868Z11,A23,A6,NYE-S1,TCR2-T,TCR3,TCR6,TCR7,T1,FLT3DY
0,0.8847218128827324,0.6789485766758494,0.8157357046245934,0.7801017835759754,0.7341222879684418,0.6848585427532795,0.6323284823284824,0.7714536041417762,0.7911350574712644,0.801241134751773,0.8094871794871796
