,18A2,868Z11,A23,A6,NYE-S1,TCR2-T,TCR3,TCR6,TCR7,T1,FLT3DY
0,0.7977108263616787,0.6647867357001972,0.7693925233644859,0.7711168628760681,0.6986613217223838,0.7411747685185185,0.6335184648572073,0.7544011544011543,0.7926923862012657,0.8415791776027998,0.6939363706906109
1,0.8778921172988969,0.7245836109260493,0.8352828487716927,0.7681809736157561,0.7198325346910254,0.7166040100250627,0.6649417516122321,0.7784062850729517,0.7955970877051386,0.8450045004500452,0.7956637455371632
2,0.9149449035812672,0.7651745617847313,0.8341187169312169,0.792110177404295,0.7693921600171602,0.7303921568627452,0.6396459899749374,0.7824543610547666,0.8272942187835804,0.8188509021842355,0.7870971620971622
