,18A2,868Z11,A23,A6,NYE-S1,TCR2-T,TCR3,TCR6,TCR7,T1,FLT3DY
0,0.8358038914490526,0.746031746031746,0.8406986531986531,0.7511211737229179,0.7481482129525943,0.7486476608187136,0.6729592435987786,0.7741363819437991,0.7249412110523222,0.7546337157987644,0.8243922041390396
1,0.8184072871572871,0.7377525252525253,0.8466666666666667,0.7780063074180722,0.826530612244898,0.711078811369509,0.6729024943310659,0.7547008547008547,0.7441595441595442,0.827485380116959,0.7694099378881987
