,18A2,868Z11,A23,A6,NYE-S1,TCR2-T,TCR3,TCR6,TCR7,T1,FLT3DY
0,0.8319814648431,0.7117857142857144,0.8024898373983739,0.7377967711301044,0.6659676767676768,0.7383613018052378,0.637724462544081,0.7265300059417706,0.7531690531690532,0.8410559495665879,0.7718219461697723
