,18A2,868Z11,A23,A6,NYE-S1,TCR2-T,TCR3,TCR6,TCR7,T1,FLT3DY
0,0.7993801169590643,0.6870953120953122,0.78794242334615,0.7763907234890618,0.6504841238297121,0.7265444322209998,0.5964023637898564,0.7613490113490112,0.7471522585158948,0.85421888053467,0.6955653317152103
1,0.7852570500791844,0.7071121762132998,0.8297735760971054,0.7805809823929573,0.746843853820598,0.704452479338843,0.5895977698128235,0.7890749601275916,0.743936191626409,0.8485280151946818,0.6904813218390804
2,0.8294135802469137,0.7151259429740442,0.8629357533851917,0.7948350071736011,0.7775197798417612,0.68822489123241,0.6137509938382032,0.78676324173636,0.7930163706025773,0.846969696969697,0.7145665445665447
3,0.8691990661330284,0.7873341625207297,0.8376969696969697,0.796733688630491,0.7802545168571458,0.6886039886039885,0.5860526182901581,0.7737822522305281,0.7848428785928786,0.8506372549019607,0.7311853431256417
4,0.8685160427807487,0.8453129679544773,0.8371660595021252,0.7864145658263305,0.7704761904761904,0.7237465564738291,0.5443530701754385,0.7781009839833369,0.7969497607655502,0.8439764492753623,0.7341991341991342
