,18A2,868Z11,A23,A6,NYE-S1,TCR2-T,TCR3,TCR6,TCR7,T1,FLT3DY
0,0.81163872212026,0.7564649470899472,0.8129397057968486,0.7689150128136362,0.7051884700665189,0.7871793216253443,0.6896258503401361,0.7816876750700281,0.7718568909045099,0.8111607142857143,0.8100037379684141
1,0.8979639734788476,0.7847222222222223,0.7956944444444445,0.8090277777777778,0.7799062049062049,0.814100064977258,0.6546632317801673,0.8073380867498514,0.7639381094665647,0.8691019786910198,0.7629105520614955
