,18A2,868Z11,A23,A6,NYE-S1,TCR2-T,TCR3,TCR6,TCR7,T1,FLT3DY
0,0.8216529622601728,0.7398378191856453,0.8119502314814815,0.7778597883597884,0.738285103157545,0.7124118165784833,0.599302393133562,0.767887386955549,0.8203840605842049,0.8316004077471968,0.7737617135207496
1,0.8489338401082264,0.7649176954732511,0.8416509730069052,0.8024436090225565,0.8025473749611681,0.728409090909091,0.6666580507306313,0.7606707317073171,0.8332665598290597,0.7998188405797101,0.793820558526441
