,18A2,868Z11,A23,A6,NYE-S1,TCR2-T,TCR3,TCR6,TCR7,T1,FLT3DY
0,0.8337784100362717,0.7132142857142858,0.8052676151761519,0.7462752525252525,0.6487339743589744,0.7334922451055174,0.6271394547256617,0.7668347338935574,0.7534465534465534,0.8428684003152087,0.7718909592822637
