,18A2,868Z11,A23,A6,NYE-S1,TCR2-T,TCR3,TCR6,TCR7,T1,FLT3DY
0,0.7737911522633745,0.7145736478328247,0.8004650866462791,0.785977366255144,0.6827759197324417,0.6764198687910028,0.6436732403399071,0.7690166028097063,0.7801944444444443,0.843153980752406,0.7826319357530247
1,0.8503465388893643,0.6876776422230968,0.8212704898098157,0.7678902552090957,0.7434233591265369,0.6964285714285715,0.6023192233298617,0.7709876543209876,0.8005230880230881,0.8459645964596461,0.8069043803418804
2,0.885498320268757,0.7615819209039548,0.8050153274033871,0.8071690935327299,0.7917037037037037,0.7237037037037037,0.661337676962677,0.7771722041714705,0.780121154152718,0.8585526315789473,0.8136798088410991
