,18A2,868Z11,A23,A6,NYE-S1,TCR2-T,TCR3,TCR6,TCR7,T1,FLT3DY
0,0.8564469579433794,0.7225256769374416,0.813176406926407,0.7757426236044657,0.7518325617283951,0.6893422718230902,0.6386120857699805,0.7209727982553499,0.7721825599184089,0.8339035087719298,0.8365504535147391
