,18A2,868Z11,A23,A6,NYE-S1,TCR2-T,TCR3,TCR6,TCR7,T1,FLT3DY
0,0.776608187134503,0.716467155673111,0.751791277258567,0.7863846965622923,0.6953335690466781,0.7705849825752606,0.6052331491010736,0.7539809029991358,0.7842457644417228,0.858267716535433,0.7145135566188198
1,0.8587848932676518,0.709473275262749,0.84717868338558,0.7645494643982357,0.7689757727652465,0.7409600389863548,0.6510591638671147,0.7677236985413086,0.8061473127262602,0.8300970873786407,0.7714557672363579
2,0.8820326278659611,0.7817528735632183,0.8360470085470085,0.7895713050511812,0.7737759498629065,0.7231638418079096,0.6363928030594698,0.7582915336677306,0.7528829966329966,0.839031339031339,0.755246913580247
