,18A2,868Z11,A23,A6,NYE-S1,TCR2-T,TCR3,TCR6,TCR7,T1,FLT3DY
0,0.8309601814516129,0.6970841959972395,0.8078480776409108,0.7674525728520107,0.6770762194491008,0.7545994714605531,0.6146282559944799,0.760096254446537,0.7757885763000852,0.8444077134986226,0.7788296041308089
1,0.8994708994708994,0.750524109014675,0.8191195581546459,0.8203812316715542,0.7776506483600306,0.7757227891156463,0.6483539094650205,0.7739791073124406,0.8471133751306166,0.8179563492063492,0.7461250435388367
