,18A2,868Z11,A23,A6,NYE-S1,TCR2-T,TCR3,TCR6,TCR7,T1,FLT3DY
0,0.868483338035675,0.6647342995169083,0.8007911392405064,0.7738851095993953,0.7746354952237305,0.743240218461814,0.6584727322181422,0.7424879807692308,0.7825727513227513,0.8417651694247438,0.8313621042494281
