,18A2,868Z11,A23,A6,NYE-S1,TCR2-T,TCR3,TCR6,TCR7,T1,FLT3DY
0,0.8340000426693975,0.700287315268981,0.8080533781261665,0.7666850538481743,0.6788922000786407,0.751338688085676,0.6138591800356505,0.7602114121510674,0.772425878563986,0.8425895316804408,0.7786957353222412
1,0.8945942090999858,0.7567385444743935,0.822043534762833,0.8110599078341014,0.7719787204913063,0.7765731292517005,0.5790374331550803,0.7891328828828829,0.8506073667711599,0.8157738095238095,0.7451236502960641
