,18A2,868Z11,A23,A6,NYE-S1,TCR2-T,TCR3,TCR6,TCR7,T1,FLT3DY
0,0.889920424403183,0.6922438672438672,0.8544715447154472,0.7957087104814377,0.7911269841269841,0.6845967964650649,0.6011643017966968,0.7694173936565902,0.8132166257166258,0.8334649122807017,0.6666045548654244
