,18A2,868Z11,A23,A6,NYE-S1,TCR2-T,TCR3,TCR6,TCR7,T1,FLT3DY
0,0.8513271604938272,0.6946892655367232,0.8027856025039123,0.7578869047619047,0.7639890973224306,0.7278730936819171,0.6769103598371892,0.7601707349606509,0.7807974481658692,0.9180663221360895,0.7455120232172471
