,18A2,868Z11,A23,A6,NYE-S1,TCR2-T,TCR3,TCR6,TCR7,T1,FLT3DY
0,0.8236584107327141,0.7302371541501977,0.7906518959150538,0.7798115079365079,0.6972296494355318,0.7028897219618869,0.6435337502004169,0.7713459985549748,0.7585395269218799,0.8821303587051618,0.7677744983926393
1,0.8557132024265645,0.723206252811516,0.8435897435897436,0.7841708674648183,0.7803187803187802,0.6847781847781848,0.6419989061118093,0.772233653406493,0.810641514867881,0.8769586894586895,0.7417205565353714
2,0.9000411732969873,0.6839566256830599,0.8226990400903444,0.7869834074820226,0.7947715166806839,0.7632228807471265,0.6700763457556936,0.7773081052066559,0.8135190217391305,0.8735684147076551,0.7446581196581197
