,18A2,868Z11,A23,A6,NYE-S1,TCR2-T,TCR3,TCR6,TCR7,T1,FLT3DY
0,0.8884316415180612,0.7045739348370926,0.8298013482501435,0.8008232901849924,0.7898637820512819,0.7725494380423957,0.6468704906204907,0.7475728920409771,0.8041951726162253,0.8448830409356726,0.8229029733959313
