,18A2,868Z11,A23,A6,NYE-S1,TCR2-T,TCR3,TCR6,TCR7,T1,FLT3DY
0,0.8533163265306123,0.6972370766488414,0.8104166666666667,0.7885469843070524,0.7820218996689584,0.7670118751726043,0.657323990657324,0.7471992796910983,0.7862841214917339,0.9021990740740741,0.7248441043083901
