,18A2,868Z11,A23,A6,NYE-S1,TCR2-T,TCR3,TCR6,TCR7,T1,FLT3DY
0,0.844062244062244,0.6962962962962963,0.9197791872210477,0.86304012345679,0.8235653235653236,0.6989121989121988,0.74169061302682,0.7271634615384617,0.7116830065359476,0.888080808080808,0.8118466898954703
