,18A2,868Z11,A23,A6,NYE-S1,TCR2-T,TCR3,TCR6,TCR7,T1,FLT3DY
0,0.7984450563027287,0.6625164365548981,0.7685135736537605,0.7671613648381621,0.6996033158192209,0.7417534722222223,0.6242068952337271,0.7545743145743146,0.792112676056338,0.8415791776027998,0.6955090899013413
1,0.8745607081516713,0.7239618032422829,0.8342911877394638,0.7711042982782113,0.712761400856639,0.7190371762740183,0.6676172479948224,0.7785208047553728,0.7951178705945656,0.8456645664566458,0.8005582603050957
2,0.9118282473669996,0.7614197530864196,0.8651041666666667,0.7849806589302387,0.7679346214999865,0.7311016511867905,0.6431965329991646,0.7825619275923534,0.8268858800773694,0.817426400759734,0.7886604136604136
