,18A2,868Z11,A23,A6,NYE-S1,TCR2-T,TCR3,TCR6,TCR7,T1,FLT3DY
0,0.8681327160493827,0.6544117647058822,0.8066482843137255,0.7390755379885814,0.7009407536599546,0.7281791125541126,0.6482233044733045,0.7089705882352941,0.8141786283891547,0.8457602339181287,0.7451298701298702
