,18A2,868Z11,A23,A6,NYE-S1,TCR2-T,TCR3,TCR6,TCR7,T1,FLT3DY
0,0.8597370854802483,0.745677599796593,0.8150711264898116,0.7909190759637189,0.7707036408224863,0.8048707462192155,0.6681338917104754,0.7424501424501425,0.8012618563685637,0.8275427542754277,0.8313709382986492
1,0.8795801148742325,0.7546296296296297,0.8579710144927536,0.8253136200716845,0.8149184149184149,0.8346438746438748,0.6815575728619208,0.7362417276210379,0.7191022544283414,0.7994908655286014,0.8167848699763595
