,18A2,868Z11,A23,A6,NYE-S1,TCR2-T,TCR3,TCR6,TCR7,T1,FLT3DY
0,0.8122210801883477,0.7187141073657927,0.8261388888888889,0.7524478501489996,0.7183304220310108,0.707874677002584,0.6447158591000502,0.7489656978266562,0.778458605664488,0.8393267651888342,0.8348210646449824
1,0.7975249287749288,0.7266710069444443,0.8195833333333332,0.7628501899335233,0.7697122453266121,0.7144884638737098,0.6797655677655677,0.737537008011146,0.802763529654286,0.8505167958656331,0.8441916423001948
2,0.8081493669728964,0.7430313588850174,0.8746632996632996,0.7575014854426619,0.8113970588235295,0.7486742424242424,0.6914251207729469,0.7448370029015191,0.7703042328042328,0.8549382716049383,0.8317307692307692
