,18A2,868Z11,A23,A6,NYE-S1,TCR2-T,TCR3,TCR6,TCR7,T1,FLT3DY
0,0.8001712026545237,0.6833204732510287,0.7667334223408989,0.7689251621162785,0.7273962450592886,0.7477401763036008,0.6317379825493415,0.7524025974025973,0.7919861196162482,0.8410542432195975,0.6951765325351956
1,0.8719341563786008,0.7058738618698644,0.8345165652467884,0.7854484082744952,0.7533873873873874,0.7453882453882454,0.6672878672306589,0.7852652034750799,0.7930160411622276,0.8450045004500452,0.8000649139889647
2,0.9043868334983647,0.7492043475650033,0.8664262820512821,0.7996094159588969,0.8032793209876544,0.7544286680189316,0.6453634085213033,0.7935341114972229,0.8231244671781757,0.817426400759734,0.7891414141414143
