,18A2,868Z11,A23,A6,NYE-S1,TCR2-T,TCR3,TCR6,TCR7,T1,FLT3DY
0,0.8784348864994026,0.43993993993993996,0.8233695652173912,0.7568850902184235,0.8230707487673432,0.7306547619047619,0.5969756738987508,0.8195970695970697,0.8239613526570048,0.8932748538011696,0.8693055555555556
