,18A2,868Z11,A23,A6,NYE-S1,TCR2-T,TCR3,TCR6,TCR7,T1,FLT3DY
0,0.7980355819125279,0.6856995884773663,0.7661214953271028,0.7645245559038663,0.6959958273150377,0.7400173611111112,0.6261466574934067,0.7542063492063492,0.7914145744029394,0.8415791776027998,0.6953705243321139
1,0.8709835614045695,0.6926382411725517,0.8357110660356096,0.7932692307692308,0.7102985638699925,0.7146334089191232,0.6595153337480704,0.7776063100137174,0.7955130145278452,0.8453045304530454,0.7943135345666992
2,0.904655248133509,0.7719365763546797,0.8350281084656084,0.7845307393790849,0.7541412380122058,0.7256343713956172,0.6342342342342342,0.7827616940193005,0.8271007951859016,0.817426400759734,0.7806036556036556
