,18A2,868Z11,A23,A6,NYE-S1,TCR2-T,TCR3,TCR6,TCR7,T1,FLT3DY
0,0.8347101593956939,0.7067375010295692,0.8096036585365853,0.7455176767676767,0.6412595341166769,0.7356280193236714,0.6268287992425924,0.7607042817126851,0.7493073166150089,0.8421591804570528,0.7678467908902692
