,18A2,868Z11,A23,A6,NYE-S1,TCR2-T,TCR3,TCR6,TCR7,T1,FLT3DY
0,0.8736961451247165,0.7537501785799323,0.806982438365417,0.7899097857533818,0.7190816547541693,0.7583914728682171,0.6271497584541063,0.7537195314973092,0.7554799697656841,0.8647397397397398,0.8172477324263038
1,0.8567506459948321,0.7498917748917749,0.7884411050394656,0.8000180375180376,0.7929174788823912,0.693464820619993,0.6393650793650792,0.803881347410759,0.8062499999999999,0.8217592592592592,0.884650997150997
