,18A2,868Z11,A23,A6,NYE-S1,TCR2-T,TCR3,TCR6,TCR7,T1,FLT3DY
0,0.8493633085418075,0.7465118372490774,0.8162878787878788,0.8066686602870813,0.7920571492000064,0.740733574131407,0.6237520128824476,0.7055206698063842,0.7992796718286915,0.8756510416666666,0.7124534821903242
