,18A2,868Z11,A23,A6,NYE-S1,TCR2-T,TCR3,TCR6,TCR7,T1,FLT3DY
0,0.8299963924963926,0.6910531931108063,0.8434859831029186,0.8163498379015621,0.7233498209107965,0.7402085994040016,0.5783388067870826,0.6860715416270972,0.7740467516697024,0.8646057991852384,0.7712129305398935
1,0.8536660945842868,0.652,0.8141371340523884,0.7861471861471861,0.756084229390681,0.7357295482295482,0.6318966024848378,0.7303585049580472,0.8261396011396012,0.8976124885215796,0.8433106575963719
