,18A2,868Z11,A23,A6,NYE-S1,TCR2-T,TCR3,TCR6,TCR7,T1,FLT3DY
0,0.7957916203188727,0.7548285048285047,0.8089133089133088,0.7681387293774496,0.7086769434002584,0.6799280098512835,0.6160112496943018,0.7677323803084453,0.8097555844553245,0.865990990990991,0.7391445360195359
1,0.8536747273589378,0.76454307568438,0.8294733044733045,0.7771043771043771,0.7779761904761905,0.6421894078144078,0.558309614168248,0.7832577475434618,0.8323383527874305,0.827073552425665,0.7404100529100529
