,18A2,868Z11,A23,A6,NYE-S1,TCR2-T,TCR3,TCR6,TCR7,T1,FLT3DY
0,0.8323101706722397,0.6271164021164021,0.8388194444444445,0.8220829558038861,0.8031271102799855,0.7031400966183575,0.6409640537547513,0.7827777777777777,0.7744854644936425,0.8813657407407408,0.7668131868131868
