,18A2,868Z11,A23,A6,NYE-S1,TCR2-T,TCR3,TCR6,TCR7,T1,FLT3DY
0,0.8315239093540981,0.7093783068783068,0.8055047425474254,0.7384140550807218,0.6432733932733932,0.739747012458683,0.6363669898041994,0.766514605842337,0.7546786546786546,0.8410559495665879,0.7723878536922015
