,18A2,868Z11,A23,A6,NYE-S1,TCR2-T,TCR3,TCR6,TCR7,T1,FLT3DY
0,0.8664914376742333,0.6994824016563146,0.8175487064375954,0.7808968832597166,0.6782163007653205,0.7356773211567732,0.6523846437799926,0.7449828274389678,0.6836294796821113,0.8135074145712444,0.7570546737213403
