,18A2,868Z11,A23,A6,NYE-S1,TCR2-T,TCR3,TCR6,TCR7,T1,FLT3DY
0,0.7930730994152047,0.6764185277088502,0.7599554441659705,0.7348457197812385,0.7013253334460078,0.7567741100323625,0.6496737075740199,0.7622716049382716,0.7522084988414433,0.8332622601279317,0.7351018838908113
1,0.8540617556045328,0.7292082917082917,0.8207561047366873,0.8105131172839505,0.7392310198761812,0.7444737227345923,0.6747899159663865,0.7986504039002171,0.8080441748236717,0.8320403243480167,0.7879012345679012
2,0.8711174809617522,0.762037037037037,0.8117660984848486,0.8224866394801035,0.759123220583667,0.7398061104582844,0.6666221152989397,0.7839490968801314,0.7893487496167828,0.842852564102564,0.7868441082726797
3,0.8786148062463853,0.826923076923077,0.8629879879879879,0.828720238095238,0.7713483944302357,0.746588693957115,0.6631994766505637,0.8002645502645503,0.7943060800203657,0.808853238265003,0.7565411807359963
4,0.879399585921325,0.8286647992530346,0.8327777777777777,0.8262626262626261,0.8067871885596344,0.7364166666666666,0.6391048756667418,0.7927052622174573,0.8196705426356589,0.8043478260869565,0.786178107606679
