,18A2,868Z11,A23,A6,NYE-S1,TCR2-T,TCR3,TCR6,TCR7,T1,FLT3DY
0,0.8754599761051374,0.6248798835900392,0.8337816455696202,0.7930436847103514,0.8010984587071542,0.7414550264550265,0.6251526251526252,0.7524199205050269,0.790129513343799,0.839952718676123,0.7515885940543475
