,18A2,868Z11,A23,A6,NYE-S1,TCR2-T,TCR3,TCR6,TCR7,T1,FLT3DY
0,0.8261428571428571,0.6861550285463328,0.8180238564853949,0.7986318647771458,0.7821104632329122,0.7531481481481482,0.7161888111888112,0.7677990634312474,0.7356338481338481,0.840661938534279,0.7977665165165164
