,18A2,868Z11,A23,A6,NYE-S1,TCR2-T,TCR3,TCR6,TCR7,T1,FLT3DY
0,0.8382501119570085,0.7006012684292892,0.8168966450216449,0.7842858747813247,0.7484573002754821,0.7309027777777778,0.6460935950822922,0.7339470480827753,0.8157407407407407,0.8361842105263159,0.7441704718417048
