,18A2,868Z11,A23,A6,NYE-S1,TCR2-T,TCR3,TCR6,TCR7,T1,FLT3DY
0,0.8046141106781839,0.7216833890746934,0.8292535043367453,0.7705490578297596,0.7458017023234415,0.6940247584541063,0.6272581429265922,0.7614237614237614,0.7194477060230485,0.8559907834101382,0.7712129494655003
1,0.8536290322580644,0.670253164556962,0.8450126262626263,0.8007616089914226,0.7457739332739334,0.6971941070625282,0.6248471508926388,0.7544085863051381,0.6966442652329748,0.848939393939394,0.8263271604938272
2,0.8670596542936968,0.6602678571428572,0.8425478618715334,0.8053387056157139,0.7740193980887177,0.7333164324689748,0.5897004042165334,0.7686688311688311,0.826113962202672,0.8626666666666667,0.8529994340690434
3,0.8897817460317459,0.7673611111111112,0.8293404318249039,0.8558687689122472,0.7977335164835164,0.7493386243386243,0.6239204545454545,0.8112586970271979,0.8168991502324836,0.9505840071877808,0.8324074074074074
