,18A2,868Z11,A23,A6,NYE-S1,TCR2-T,TCR3,TCR6,TCR7,T1,FLT3DY
0,0.8873771730914588,0.7516519518018768,0.8394727338389311,0.7793650793650794,0.8153696051423324,0.7726344325609031,0.6315001870557425,0.7635333333333333,0.7819329554738562,0.8350980392156863,0.8381610219845514
