,18A2,868Z11,A23,A6,NYE-S1,TCR2-T,TCR3,TCR6,TCR7,T1,FLT3DY
0,0.7653365439743149,0.645537040092394,0.8304507337526205,0.7730737385544516,0.7032511593016912,0.7639558659002352,0.6568685021178283,0.7667394548167558,0.7423744292237444,0.8353523809523811,0.7764899380804954
1,0.8751998897160188,0.7497550460513424,0.8448832866479926,0.7765193989683786,0.7333402059279251,0.7262658227848101,0.6693200416604671,0.7771180791775758,0.7643419715447154,0.8315555555555556,0.7804487179487181
2,0.8723882850241546,0.7756729810568294,0.8491884014272074,0.7977214601255521,0.8035917148820374,0.7464846980976013,0.6733380517982593,0.7521666973999631,0.8360187553282182,0.8351973684210527,0.7711456671982987
