,18A2,868Z11,A23,A6,NYE-S1,TCR2-T,TCR3,TCR6,TCR7,T1,FLT3DY
0,0.8354176687510021,0.7232364210051837,0.8067759712580685,0.7969794871794872,0.7549235743680187,0.6395382395382395,0.6400046430534235,0.7693999620229128,0.8042218888055347,0.8154404404404404,0.6995431893687708
1,0.8915097107316786,0.7491276400367309,0.8095162147793727,0.8082954524709276,0.7252767625403888,0.6787955182072829,0.6970142602495543,0.7545940170940172,0.8303787878787879,0.8365079365079365,0.7920498084291188
