,18A2,868Z11,A23,A6,NYE-S1,TCR2-T,TCR3,TCR6,TCR7,T1,FLT3DY
0,0.8031459233332283,0.7155608619023254,0.8087913181999203,0.8067927501970055,0.7160112925993144,0.7577974234600741,0.6525621490042742,0.7797452625038832,0.7871928730975014,0.8431955922865014,0.7382369614512472
1,0.9129563492063492,0.757924767540152,0.8444212237315686,0.7790710034013605,0.7735792709705752,0.8061683006535948,0.6604938271604938,0.8162393162393163,0.8143089430894309,0.8120039682539683,0.7425344352617079
