,18A2,868Z11,A23,A6,NYE-S1,TCR2-T,TCR3,TCR6,TCR7,T1,FLT3DY
0,0.8408351081329108,0.7783450704225352,0.8063397507841953,0.7859154129542172,0.8022303921568628,0.6991708723864457,0.6561849261849262,0.7602324146441793,0.7131632110579479,0.8373226950354611,0.779179487179487
