,18A2,868Z11,A23,A6,NYE-S1,TCR2-T,TCR3,TCR6,TCR7,T1,FLT3DY
0,0.856829335539013,0.7460611743312165,0.8144201228878648,0.7454922027290448,0.7503804717850134,0.7244769678206211,0.636316785667435,0.7605894029622843,0.7486772486772487,0.8515219765219766,0.7421119663840546
1,0.8701127819548873,0.7984193677470989,0.8182083997873472,0.7986507936507937,0.8201058201058201,0.6759283819628648,0.6387609649122807,0.7739085239085238,0.8278490028490028,0.8217592592592592,0.7276524644945699
