,18A2,868Z11,A23,A6,NYE-S1,TCR2-T,TCR3,TCR6,TCR7,T1,FLT3DY
0,0.8586367880485528,0.7909270216962524,0.7326072272880784,0.821747388414055,0.7845130066545675,0.6854128871867231,0.6967120181405896,0.7515360983102918,0.7681642512077295,0.8884479717813051,0.8139880952380952
