,18A2,868Z11,A23,A6,NYE-S1,TCR2-T,TCR3,TCR6,TCR7,T1,FLT3DY
0,0.8333790888822334,0.722759484228474,0.8214460784313725,0.7694704417974411,0.6625252525252526,0.7324116450546656,0.6257562981700913,0.725205486234898,0.7478397670705363,0.8428684003152088,0.773464458247067
