,18A2,868Z11,A23,A6,NYE-S1,TCR2-T,TCR3,TCR6,TCR7,T1,FLT3DY
0,0.7968106886935648,0.6638519066403682,0.7675344904316868,0.757399381669214,0.70029760035726,0.7421875,0.6332576708844457,0.7534992784992784,0.7911328842620944,0.8317256817256817,0.6950448952444296
1,0.8703722364416856,0.7241838774150565,0.8356434527834122,0.7849054611409262,0.7119803476946335,0.7453232323232323,0.6679928576381666,0.7794289044289044,0.7916540556900727,0.8338333333333335,0.7956377799415774
2,0.9141386863504065,0.7609567901234567,0.8676682692307692,0.7936395202020202,0.7656978467674561,0.7515294312169312,0.6397504177109441,0.7838834593398488,0.8238770685579198,0.8088023088023087,0.7845418470418469
