,18A2,868Z11,A23,A6,NYE-S1,TCR2-T,TCR3,TCR6,TCR7,T1,FLT3DY
0,0.9048280423280423,0.7756390193009911,0.8068055555555556,0.8038358415499048,0.756338942196264,0.7474260769294127,0.6892712550607287,0.7537621692033456,0.7970069850552307,0.8465425531914894,0.7727462595883647
