,18A2,868Z11,A23,A6,NYE-S1,TCR2-T,TCR3,TCR6,TCR7,T1,FLT3DY
0,0.8591645037696205,0.6978703703703704,0.8176973353443943,0.7798953301127214,0.7383330236591106,0.7257158617922873,0.595219298245614,0.7494864612511671,0.774198717948718,0.8034336419753086,0.7504822530864198
