,18A2,868Z11,A23,A6,NYE-S1,TCR2-T,TCR3,TCR6,TCR7,T1,FLT3DY
0,0.7962373737373737,0.7445127504553734,0.890175400449373,0.7776539621016365,0.7605809498351599,0.7686206427015252,0.6442733494363929,0.7774696567800016,0.7791480228455018,0.9001937984496124,0.6646125116713352
