,18A2,868Z11,A23,A6,NYE-S1,TCR2-T,TCR3,TCR6,TCR7,T1,FLT3DY
0,0.8614342948717949,0.7110275689223058,0.8162472943722943,0.7846823718916743,0.7728508771929824,0.7124556062912227,0.6303077066965956,0.7584233693477391,0.7688984438984439,0.8164327485380117,0.7438438438438438
