,18A2,868Z11,A23,A6,NYE-S1,TCR2-T,TCR3,TCR6,TCR7,T1,FLT3DY
0,0.8342026887624372,0.704980369546715,0.8193640689300411,0.7685644734354321,0.6633333333333334,0.7356280193236714,0.6268509889199545,0.7673709483793517,0.7481919789612098,0.8417651694247438,0.7727329192546583
