,18A2,868Z11,A23,A6,NYE-S1,TCR2-T,TCR3,TCR6,TCR7,T1,FLT3DY
0,0.8932616487455197,0.665826357179097,0.8277597402597404,0.78300846673063,0.7157796451914099,0.7454983660130718,0.6763175230566535,0.7497086247086248,0.7844012605042017,0.8635964912280701,0.850503663003663
