,18A2,868Z11,A23,A6,NYE-S1,TCR2-T,TCR3,TCR6,TCR7,T1,FLT3DY
0,0.8805941358024691,0.6289248762932974,0.8624948111249481,0.787935018198176,0.7963068181818181,0.7361536628540305,0.7081998850291532,0.7601255175983437,0.7419605096940737,0.837015503875969,0.8321661998132587
