,18A2,868Z11,A23,A6,NYE-S1,TCR2-T,TCR3,TCR6,TCR7,T1,FLT3DY
0,0.8160967741935483,0.7724331926863574,0.8020267722473604,0.8072813238770685,0.7543589743589744,0.6393884015594541,0.6117549088359047,0.7605853247710286,0.7911324786324786,0.8895555555555555,0.6846689895470384
1,0.8579581736909323,0.8069444444444445,0.8259359903381642,0.8143794871794872,0.8075925925925928,0.7426406926406927,0.5610334110334111,0.7220430107526882,0.7883512544802866,0.90625,0.8087121212121211
