,18A2,868Z11,A23,A6,NYE-S1,TCR2-T,TCR3,TCR6,TCR7,T1,FLT3DY
0,0.796599881735017,0.7402307314678449,0.8188938077280429,0.8127228887074375,0.6891167425008424,0.7336111111111112,0.6645719145719146,0.7509361743287872,0.7792790542790543,0.8933289588801401,0.7668776862325251
1,0.8219886943907785,0.7029383659818441,0.8200059630292188,0.8377045549301646,0.7345206842062187,0.7538573999100316,0.6905965621840243,0.7764388524622442,0.7797851109254618,0.891111111111111,0.8116736111111112
2,0.8784820747520975,0.7107526881720431,0.814348025711662,0.8022275576897425,0.7879774489076815,0.6971877584780811,0.6842870481525943,0.7555777555777556,0.8262502133469876,0.8717948717948718,0.838519910888332
3,0.8788615804744837,0.8392857142857143,0.8224417426545086,0.8135416666666666,0.7930466524216525,0.710648148148148,0.7040404040404041,0.7617627172572883,0.8653061224489796,0.8456790123456791,0.8304263565891473
