,18A2,868Z11,A23,A6,NYE-S1,TCR2-T,TCR3,TCR6,TCR7,T1,FLT3DY
0,0.8886602652034751,0.6990458937198069,0.8078993055555556,0.7675395256916996,0.7116336044907473,0.7260945474080044,0.664047619047619,0.7427699284842143,0.7622339320452528,0.8525709219858156,0.7412567455375675
