,18A2,868Z11,A23,A6,NYE-S1,TCR2-T,TCR3,TCR6,TCR7,T1,FLT3DY
0,0.8084105763517527,0.7200369075369076,0.8366066557555919,0.7954374449295593,0.7347229730445936,0.6579437669376693,0.6516129190306809,0.7561163313851486,0.7872721928277483,0.8602009611183923,0.8344771241830066
1,0.8360131931560503,0.7190631808278867,0.922244990892532,0.780934065934066,0.7908950617283951,0.7749455337690633,0.6283846872082166,0.7558148765579107,0.7818108974358976,0.8658078368223295,0.813537675606641
