,18A2,868Z11,A23,A6,NYE-S1,TCR2-T,TCR3,TCR6,TCR7,T1,FLT3DY
0,0.7863155363155362,0.7202279202279201,0.8161001461988304,0.7627843137254903,0.6545809428047554,0.698532196969697,0.6658301876000915,0.7347013366750209,0.7604301156932737,0.8621212121212122,0.7954123112659698
1,0.8812673217435122,0.7764804639804641,0.856720430107527,0.7666765873015873,0.7395404663923183,0.6899963689179375,0.6303766298185941,0.7278557504873294,0.837189910360642,0.8628019323671499,0.8088369070825211
