,18A2,868Z11,A23,A6,NYE-S1,TCR2-T,TCR3,TCR6,TCR7,T1,FLT3DY
0,0.813868918779633,0.721805138471805,0.8424176356589147,0.8190688775510204,0.7977646212582306,0.7163282828282828,0.6738180201404287,0.7468261207391643,0.7861201298701298,0.8678667866786679,0.8620469442837863
1,0.8474816072439162,0.6162162162162163,0.8829365079365079,0.8036265432098766,0.8493027440395862,0.6782866256550467,0.6863553113553112,0.7680333622362608,0.7486413043478262,0.8962264150943396,0.8668055555555556
