,18A2,868Z11,A23,A6,NYE-S1,TCR2-T,TCR3,TCR6,TCR7,T1,FLT3DY
0,0.8069341542314515,0.7398175301401109,0.8268253968253969,0.7629737802622673,0.7509520067698259,0.7446469907407408,0.6317764305185688,0.7285781834628512,0.7394739057239058,0.8579144620811289,0.7351875715922107
1,0.8243183563748081,0.7714729532163743,0.8467724867724868,0.7980008222838935,0.7426762661370407,0.7659806567701305,0.6355003523608175,0.7542551892551893,0.7356206842435656,0.859967320261438,0.755315500685871
2,0.8219309372797744,0.7322233491097588,0.8077601410934744,0.818476962235728,0.786072261072261,0.7565042966339078,0.645147123407993,0.7462408990186767,0.7362962962962963,0.8849331926863573,0.8230936819172113
