,18A2,868Z11,A23,A6,NYE-S1,TCR2-T,TCR3,TCR6,TCR7,T1,FLT3DY
0,0.8089692891423245,0.7332138590203107,0.8071214596949892,0.7589365935053266,0.725324771781991,0.7735345889808133,0.6779418498168499,0.7651521392870874,0.7694932269296261,0.8097127739984883,0.7399355396065923
1,0.8273148148148147,0.6956203915586064,0.8288048552754436,0.8035309617918314,0.7523148148148149,0.7409649665288763,0.6222763034673634,0.7649398220826793,0.7627625611648169,0.8048128342245989,0.8108904983904983
2,0.8284118357487923,0.6999635701275045,0.8161965811965812,0.8266697303921569,0.7961814527706,0.7194594943240453,0.6640692640692641,0.7406462585034014,0.821704810341174,0.8141025641025642,0.7824453551912569
3,0.8689903846153847,0.7137037037037036,0.8469246031746032,0.8349758454106281,0.8113662131519274,0.7060975609756097,0.6835552268244577,0.7054988662131519,0.7903888888888889,0.8759920634920636,0.7926587301587301
