,18A2,868Z11,A23,A6,NYE-S1,TCR2-T,TCR3,TCR6,TCR7,T1,FLT3DY
0,0.7925461175461175,0.7032029890761815,0.8440698709390299,0.760703842940685,0.6664887368711996,0.7552108385441719,0.6046280414204942,0.7462841565522166,0.7034575247085604,0.8565104166666666,0.7899305555555557
1,0.8757926661152468,0.7289527932385075,0.8479650436953808,0.77538399603617,0.7537575215271293,0.7296647913736521,0.6488531629660662,0.7865517241379312,0.7796669263009531,0.8563106796116505,0.8333815048790895
2,0.8967845117845119,0.7241591080876795,0.8470209339774556,0.8064173480840148,0.7547052154195012,0.7225146198830409,0.6476190476190476,0.8196338672768878,0.7827721661054996,0.7510416666666666,0.8177404295051355
