,18A2,868Z11,A23,A6,NYE-S1,TCR2-T,TCR3,TCR6,TCR7,T1,FLT3DY
0,0.822888105496801,0.7238108509847642,0.8319535361314337,0.7863477366255145,0.695052357860707,0.6566978723404255,0.6379071379071379,0.7873432643875254,0.7793038713069769,0.8308709808709809,0.7260521885521886
1,0.8556771633384536,0.7339401709401709,0.8463514454893765,0.760329861111111,0.7194371675795823,0.6902164502164502,0.6654856277102756,0.794340770791075,0.8008582879612826,0.825982598259826,0.8662314023425134
2,0.8729494295405488,0.8129960317460316,0.8806975224885673,0.7505102040816327,0.7055330086580086,0.7061011904761906,0.6580901177675371,0.7995271867612294,0.7530410487857297,0.8351973684210527,0.8856662264981451
