,18A2,868Z11,A23,A6,NYE-S1,TCR2-T,TCR3,TCR6,TCR7,T1,FLT3DY
0,0.7739381985535831,0.6780397022332506,0.7610971874129769,0.735993589465432,0.7193134396615788,0.7500804424333835,0.6485612866913044,0.7623206210162733,0.7516774936555226,0.6471035137701805,0.728469819300269
1,0.7918753552145495,0.7302072927072927,0.8214098917982412,0.786464526357511,0.7562942564909519,0.741042033941505,0.6701484279609281,0.7973397435897436,0.8119559245313454,0.8408454290807232,0.7655970625798213
2,0.8542595733098842,0.7598358431691765,0.8131392045454545,0.8213518252829588,0.7566606606606606,0.7191717171717172,0.6661647212569425,0.8100295673825085,0.7888231944991898,0.8418954248366014,0.7755934541648827
3,0.8651368760064413,0.7920437405731523,0.8602102102102102,0.8259206121472978,0.7607218563100918,0.7200605936819171,0.6518661326319145,0.8240269070010449,0.7984615384615386,0.8217700258397933,0.7533013994552457
4,0.8803921568627452,0.8036281179138322,0.8384180790960452,0.8203065134099616,0.8244160476512042,0.7220833333333333,0.6353240740740741,0.7965608465608466,0.8217054263565892,0.8231150793650793,0.7522893772893773
