,18A2,868Z11,A23,A6,NYE-S1,TCR2-T,TCR3,TCR6,TCR7,T1,FLT3DY
0,0.7691861690912924,0.6771837366803042,0.8062650312650312,0.7246776710191344,0.7168833727344367,0.734156031031031,0.6423964382500967,0.7725074404761904,0.7821545477950642,0.9052631578947369,0.7479779158040026
