,18A2,868Z11,A23,A6,NYE-S1,TCR2-T,TCR3,TCR6,TCR7,T1,FLT3DY
0,0.8125067894193688,0.7439710924107837,0.8281456885137372,0.7555032987131752,0.6937129092827873,0.6634714491857349,0.6584933699131229,0.7525036075036075,0.6847896566033821,0.8275335775335776,0.7640344701710472
1,0.8101251852552581,0.7617604617604617,0.8389234539969834,0.7799654296980499,0.7480940059556412,0.7047458389563653,0.6813905180840664,0.7793139051000685,0.834717978100331,0.828922892289229,0.7817059483726151
2,0.8851177178209314,0.7394411955815464,0.8373808010171647,0.7965947564285515,0.7446882619296412,0.7197916666666666,0.6502234622439226,0.7761363636363635,0.8148917885579992,0.9095441595441596,0.843342151675485
