,18A2,868Z11,A23,A6,NYE-S1,TCR2-T,TCR3,TCR6,TCR7,T1,FLT3DY
0,0.8224429824561404,0.7088391932141932,0.8318364587722994,0.7712210363072431,0.7426742091635709,0.729635681433067,0.632127192982456,0.6901328502415458,0.7822206361028358,0.8508473564864542,0.6556132256824299
1,0.8202004682470002,0.7144806652382409,0.8246974697469747,0.790935960591133,0.7739850427350428,0.7612191711161964,0.6709073433294886,0.7179748822605966,0.8349683030684921,0.8549955791335101,0.7407274658170716
2,0.8273189014992294,0.793978748524203,0.8142183487011074,0.797060497641893,0.7769734019734019,0.7483317336258514,0.669942175376958,0.7556298116298116,0.8375594707106749,0.8580246913580246,0.802045177045177
3,0.8605594405594407,0.804090354090354,0.861595406115954,0.8153138528138527,0.8253712322695036,0.7390572390572391,0.7177568366592757,0.7718133718133718,0.8061794414735591,0.8546686746987951,0.8378618113912232
4,0.8650301464254952,0.7577872744539412,0.8813559322033898,0.8071829405162738,0.852105096549541,0.7245624745624745,0.7488273740868895,0.7858242858242859,0.8399237856602197,0.8724559023066485,0.8972693032015066
5,0.8799253034547152,0.7692307692307692,0.8667328042328042,0.8067515432098765,0.8765395894428152,0.7427849927849928,0.7385361552028219,0.8080118068732869,0.8401010101010101,0.8641975308641975,0.8344404186795491
