,18A2,868Z11,A23,A6,NYE-S1,TCR2-T,TCR3,TCR6,TCR7,T1,FLT3DY
0,0.8324223819506839,0.7079455289240316,0.8040481029810298,0.7592711301044633,0.6415449629735344,0.7372934146961606,0.6256971256971258,0.7595758303321328,0.7539349539349539,0.8424743892828999,0.7695997239475499
