,18A2,868Z11,A23,A6,NYE-S1,TCR2-T,TCR3,TCR6,TCR7,T1,FLT3DY
0,0.8337867292269808,0.784756455399061,0.8065887533875339,0.7626736111111111,0.6546545454545455,0.7380147058823529,0.6269249545111615,0.7612581699346405,0.7507714507714507,0.8428684003152088,0.774375431331953
