,18A2,868Z11,A23,A6,NYE-S1,TCR2-T,TCR3,TCR6,TCR7,T1,FLT3DY
0,0.817255547276039,0.7577214452214452,0.7992334694462354,0.7793482905982906,0.7671079638752053,0.7224719407213686,0.6664850657108722,0.7543641983370337,0.79640644124847,0.8532196969696969,0.7452542555483732
1,0.8581610680447889,0.6939221272554605,0.7760508308895405,0.7693834900731452,0.7905832147937412,0.7228976152053074,0.6803582702020202,0.7506239935587762,0.8029683730903243,0.849411231884058,0.8485766758494031
