,18A2,868Z11,A23,A6,NYE-S1,TCR2-T,TCR3,TCR6,TCR7,T1,FLT3DY
0,0.8203149578149578,0.7390719962599346,0.7928326474622772,0.766732147780535,0.748864423486786,0.6732487922705314,0.6942193766093138,0.8105550276281983,0.7914831229295372,0.8328652828652828,0.708983593437375
1,0.8418753420908592,0.7748538011695905,0.8061765820386512,0.7877782746968793,0.8456806498773816,0.7207289055973266,0.6772520716385994,0.808199643493761,0.7874952378636447,0.8297008547008548,0.7279408728684092
2,0.8534745551822819,0.8497916666666666,0.7983782599167215,0.8246459694989107,0.8319188428059396,0.7002514367816092,0.6652380952380953,0.7983896940418678,0.7821344140493077,0.8182137834036568,0.8019444444444445
3,0.8764720942140297,0.7982711732711735,0.831851851851852,0.7986111111111112,0.8790509259259259,0.7077913279132791,0.6340063586440398,0.8314270152505445,0.7405151998453433,0.7656565656565656,0.8375992063492065
