,18A2,868Z11,A23,A6,NYE-S1,TCR2-T,TCR3,TCR6,TCR7,T1,FLT3DY
0,0.8217818139774434,0.6985763888888888,0.8139187574671446,0.7916473664165355,0.7366806115229628,0.7520202020202021,0.588484977324263,0.72241452991453,0.7876042565429969,0.8484507234507234,0.7140472374847375
1,0.8807330477811027,0.7578514739229026,0.8075396825396824,0.7888712415794951,0.7829218106995883,0.7847777777777777,0.66489898989899,0.7896531886916502,0.8275097484517165,0.9576719576719577,0.8079096045197741
