,18A2,868Z11,A23,A6,NYE-S1,TCR2-T,TCR3,TCR6,TCR7,T1,FLT3DY
0,0.7840858416945373,0.7344054580896686,0.8084430584430585,0.7987376979032947,0.780907029478458,0.7502683843263553,0.6233162892622351,0.750713416425364,0.8053633217993079,0.8433375904640273,0.7333403479236812
