,18A2,868Z11,A23,A6,NYE-S1,TCR2-T,TCR3,TCR6,TCR7,T1,FLT3DY
0,0.8486618319951654,0.7219423558897242,0.807000612745098,0.8053266178266177,0.6155531260123097,0.7442601067887109,0.6751769045468232,0.7569663841666249,0.7822985957132298,0.839558707643814,0.7408498168498169
