,18A2,868Z11,A23,A6,NYE-S1,TCR2-T,TCR3,TCR6,TCR7,T1,FLT3DY
0,0.8331045555888323,0.770567616463139,0.825417637917638,0.738978481406821,0.7841384863123992,0.6866795366795367,0.6299221611721612,0.7387745098039216,0.7165032679738562,0.8832742316784868,0.6967417559336274
