,18A2,868Z11,A23,A6,NYE-S1,TCR2-T,TCR3,TCR6,TCR7,T1,FLT3DY
0,0.858173076923077,0.6992913832199547,0.8195121951219512,0.757398546872231,0.8051390038463412,0.7066732324588892,0.6222939118926073,0.7296868296868296,0.7927022417153996,0.838140267927502,0.7870864936082328
