,18A2,868Z11,A23,A6,NYE-S1,TCR2-T,TCR3,TCR6,TCR7,T1,FLT3DY
0,0.8078835978835978,0.7583680555555556,0.8082532181847809,0.78316314875731,0.709515306122449,0.7399993948196563,0.6293023848186711,0.7421551110021137,0.7887903635901349,0.8014991181657849,0.8066239316239315
1,0.8267622461170848,0.7450617283950617,0.8193229166666667,0.8114677590282873,0.6851296157372677,0.7031965618922141,0.6736907536907536,0.7923465423465424,0.8051872895622895,0.7532407407407408,0.7607605771582294
2,0.8758952136025218,0.7490287490287489,0.8198906485671191,0.818889073244474,0.7583085317460317,0.6995051731893837,0.6511844636844636,0.7842098377812663,0.7914408310749774,0.7527704226733354,0.7843449741315595
3,0.8765140088669501,0.7212250712250713,0.8133903133903134,0.8221776663881927,0.8199181286549707,0.7170138888888888,0.6770833333333334,0.8037364296575117,0.7966765873015872,0.7531007751937985,0.8015343915343914
4,0.9042540993005389,0.7056603773584905,0.8008506113769273,0.8598515519568152,0.7923255606182437,0.7000893737672583,0.6507005539263605,0.7948131197559115,0.7865741685370332,0.7332010582010581,0.8251488095238096
5,0.8999999999999999,0.6762393162393163,0.7913975021533162,0.843323076923077,0.7873579545454547,0.7365967365967366,0.6344444444444445,0.8235702614379085,0.8363147605083089,0.7268518518518517,0.8053922821364683
