,18A2,868Z11,A23,A6,NYE-S1,TCR2-T,TCR3,TCR6,TCR7,T1,FLT3DY
0,0.7706647000275809,0.6986479897989799,0.8214022567470843,0.6972618837769552,0.7556406563672864,0.7380466935582447,0.6305687417696785,0.7878115128115128,0.7443081668625147,0.854875283446712,0.6480199923106498
1,0.8315713382127045,0.7003846153846154,0.8306613756613755,0.7675034338176823,0.7453236850295673,0.7261570247933884,0.6361717764028688,0.7901079763148728,0.7781901448717744,0.850664767331434,0.7571951857666143
2,0.8315696649029983,0.7559354226020893,0.8216912716912717,0.8049658994032395,0.7915614773258532,0.7353299866700701,0.6776384535005224,0.7854064039408867,0.7781006573774611,0.8486363636363636,0.816743827160494
3,0.8498267701166252,0.7706228956228957,0.8244242424242424,0.7962871531549323,0.8098851165980795,0.7289215686274509,0.6701316701316701,0.7997979797979798,0.7702040816326531,0.8495314591700135,0.7970615243342515
4,0.8255922524048379,0.7615231990231991,0.827034001214329,0.7864174836601308,0.835805215671734,0.7316176470588235,0.638205816309765,0.7881309281842818,0.8071368654923031,0.8295887799564271,0.8462537792894936
