,18A2,868Z11,A23,A6,NYE-S1,TCR2-T,TCR3,TCR6,TCR7,T1,FLT3DY
0,0.874313666766497,0.7325596144089296,0.807858455882353,0.7985501496139794,0.733157679738562,0.7342930129798398,0.6025030111412225,0.7802480992396958,0.7904100529100528,0.8459856630824373,0.7393581780538302
