,18A2,868Z11,A23,A6,NYE-S1,TCR2-T,TCR3,TCR6,TCR7,T1,FLT3DY
0,0.8582328261417288,0.6965309200603319,0.8868666544722883,0.7571219715956558,0.6632706374085684,0.7139769225932214,0.6141536273115221,0.7422861150070125,0.7858330832332934,0.8199233716475097,0.845148315736551
