,18A2,868Z11,A23,A6,NYE-S1,TCR2-T,TCR3,TCR6,TCR7,T1,FLT3DY
0,0.8387441233803464,0.7094663742690059,0.8345953326713008,0.7130141799560268,0.7346514013213982,0.6647858796296297,0.6657427868119692,0.7456360708534621,0.6975950430581811,0.8531282051282051,0.6970491486068111
1,0.8731461864406781,0.6966666666666667,0.8452395150069569,0.7300374044560091,0.8023915187376726,0.7283823529411765,0.7052940115440117,0.7608481262327417,0.7661883228743694,0.8444444444444444,0.7366386217948717
2,0.878141238606355,0.7200369344413665,0.8603337479270315,0.7061053240740741,0.8199512425290972,0.7339578454332552,0.6993530745631585,0.7657828282828283,0.8033490319204605,0.8436507936507937,0.7997685185185185
3,0.8843458508530279,0.7294037940379404,0.825709219858156,0.7281932367149758,0.8319838056680163,0.756205465507791,0.6562160062160062,0.772988149799744,0.8325652841781874,0.8045454545454546,0.8030769230769231
