,18A2,868Z11,A23,A6,NYE-S1,TCR2-T,TCR3,TCR6,TCR7,T1,FLT3DY
0,0.7663878163878164,0.7397071653055004,0.8120938921377517,0.7587899496942332,0.7014028496970929,0.7235243055555557,0.6515246015246015,0.7537482654753443,0.7246805252190506,0.865447619047619,0.7785519670388091
1,0.8324590163934426,0.7575757575757575,0.8103879706152434,0.7792211538461539,0.7718648688476275,0.7232351712614871,0.6926534700129611,0.7553902787168507,0.7717201521840237,0.933252427184466,0.7978988603988605
2,0.871015072695745,0.7708366962604251,0.8357482993197278,0.7802951388888889,0.8007246376811595,0.6959432048681542,0.6605312208760484,0.7133074935400517,0.7784936196700903,0.8989583333333333,0.8034188034188033
3,0.8778058361391695,0.8023391812865498,0.7978620019436345,0.7811447811447811,0.8214703425229741,0.6960692193250333,0.7177028218694886,0.7343559218559218,0.8043569333891915,0.900297619047619,0.7978479853479854
