,18A2,868Z11,A23,A6,NYE-S1,TCR2-T,TCR3,TCR6,TCR7,T1,FLT3DY
0,0.8322227213736649,0.784756455399061,0.8085535230352304,0.7587279040404041,0.6415211772354629,0.7373951182303585,0.6273539549401619,0.7599599839935974,0.7532051282051283,0.8403467297084317,0.7751897860593514
