,18A2,868Z11,A23,A6,NYE-S1,TCR2-T,TCR3,TCR6,TCR7,T1,FLT3DY
0,0.8467389259851407,0.8119957427816117,0.8556066999104974,0.7380542437360619,0.7305672268907563,0.7943672839506174,0.638877071910254,0.7299207351290685,0.7812940917107584,0.8401072124756336,0.7377248677248677
