,18A2,868Z11,A23,A6,NYE-S1,TCR2-T,TCR3,TCR6,TCR7,T1,FLT3DY
0,0.8385099696233932,0.7254218338555688,0.801135291797431,0.7919660184152938,0.7032734214937605,0.6998136856368564,0.6235868863049095,0.7842418546365915,0.780745771238131,0.8476999726999725,0.7449633699633699
1,0.8958167777166492,0.7738280238280238,0.8031010536398467,0.7818700396825397,0.7985681114551083,0.7170028011204481,0.6446496212121212,0.7746240601503759,0.8258074935400517,0.8500150966183574,0.7454281567489115
