,18A2,868Z11,A23,A6,NYE-S1,TCR2-T,TCR3,TCR6,TCR7,T1,FLT3DY
0,0.8932047890381223,0.7516541745600307,0.8028379028379029,0.7642227261274881,0.7545539427892369,0.6743055555555556,0.6759331289372931,0.7609809291945627,0.7723043240284619,0.8389282899921198,0.7897621701969527
