,18A2,868Z11,A23,A6,NYE-S1,TCR2-T,TCR3,TCR6,TCR7,T1,FLT3DY
0,0.8157497102169233,0.7220848257433623,0.8277769203066317,0.8046071244855968,0.7538009288901084,0.7332928204044248,0.637615292712067,0.7625090607849229,0.7785626327825815,0.8537364798426745,0.7359724612736661
1,0.8965104560342656,0.7849485420240138,0.8420240415854451,0.8213483761432717,0.7722526448016644,0.7204321883567166,0.6444953304597701,0.8046772875816993,0.7953823678861789,0.806423611111111,0.7376543209876543
