,18A2,868Z11,A23,A6,NYE-S1,TCR2-T,TCR3,TCR6,TCR7,T1,FLT3DY
0,0.7801291773094934,0.6543949771689498,0.8197270671834626,0.7804457364341085,0.7332161795535823,0.7494474583082177,0.6657859078590785,0.7736438798144788,0.7972502569853285,0.9077970297029703,0.7789583333333333
1,0.8541636141636143,0.810515873015873,0.8679384797397219,0.7745967741935483,0.769687828511358,0.7339743589743589,0.6806876509661836,0.75311986863711,0.8368295019157088,0.770995670995671,0.7720161782661782
