,18A2,868Z11,A23,A6,NYE-S1,TCR2-T,TCR3,TCR6,TCR7,T1,FLT3DY
0,0.8382599580712787,0.6772108843537414,0.8283708545146453,0.7614418690770758,0.7351780712284914,0.7051126201654371,0.6098568989225863,0.7477287581699347,0.7786524413687044,0.9674873737373737,0.7796917796917796
