,18A2,868Z11,A23,A6,NYE-S1,TCR2-T,TCR3,TCR6,TCR7,T1,FLT3DY
0,0.8207210610257701,0.736778329197684,0.806451023391813,0.7876278786295764,0.6991577201710745,0.7101504793336476,0.6603511431097638,0.6919685990338165,0.7893667105841019,0.8334399431414358,0.6546745430845605
1,0.8642769607843137,0.7510926573426574,0.8368409586056643,0.7777939876215738,0.789923226068737,0.7125170747959354,0.6552527206298967,0.7291116291116291,0.7962953399094493,0.8336182336182336,0.6822954822954822
2,0.8563612161972819,0.7350434782608696,0.8271862237379479,0.7773345153664302,0.8369372605363985,0.739970330237358,0.6253095684803002,0.7405951216862233,0.8270671834625324,0.8350555555555556,0.7754680955900467
3,0.8590146750524109,0.7219706973527007,0.8409876543209877,0.7933690241382548,0.8017502422480619,0.7636813186813187,0.633262882447665,0.7291133557800223,0.8496732026143792,0.837824023366192,0.8024871136999283
4,0.8668076109936576,0.7269199346405228,0.8244193345888261,0.786192091694938,0.8241673045594614,0.7457851239669422,0.6544444444444445,0.7124338624338624,0.8253343823760817,0.8467661691542289,0.7188013136288998
5,0.8582756632064591,0.8995726495726496,0.7978219696969697,0.7742504409171076,0.8176857864357864,0.7364341085271318,0.6646228167967299,0.711323763955343,0.8212857744107745,0.8429330065359477,0.8007215007215006
