,18A2,868Z11,A23,A6,NYE-S1,TCR2-T,TCR3,TCR6,TCR7,T1,FLT3DY
0,0.8320909090909091,0.6794470526864892,0.8033286451007969,0.822806186868687,0.7653968253968254,0.7196693121693123,0.6454575517075517,0.7635216346153846,0.7730607966457024,0.8410559495665879,0.7349223546406645
