,18A2,868Z11,A23,A6,NYE-S1,TCR2-T,TCR3,TCR6,TCR7,T1,FLT3DY
0,0.8336734693877551,0.7561262577085363,0.7693643162393163,0.7739575768579036,0.733689621825215,0.7500515995872034,0.7041003787878788,0.7666037666037666,0.7775099723649824,0.8101010101010101,0.7622304262744861
1,0.8569598921469499,0.7032177950545297,0.7277661674213398,0.8531746031746031,0.7770919067215364,0.7371947496947496,0.7114955786236062,0.7918136390358613,0.8217209690893901,0.8145424836601308,0.7197184429327287
