,18A2,868Z11,A23,A6,NYE-S1,TCR2-T,TCR3,TCR6,TCR7,T1,FLT3DY
0,0.8147922623460059,0.6633998790078645,0.8171212344586957,0.7245249101181305,0.7117616700370745,0.7284782608695654,0.6393175582990399,0.7554890835080794,0.7068973874266881,0.8881359381359383,0.6980955387205388
1,0.8494151158630837,0.6927746856318285,0.827891457201802,0.7912617427923548,0.7950246482773901,0.77120839193624,0.6461827578106648,0.7654855667026053,0.8014480646059594,0.8919093851132686,0.77381993006993
2,0.8730591630591631,0.7496031746031746,0.8479850746268657,0.7768045033670035,0.8251201923076924,0.7426359614884205,0.6429375804375804,0.7513002937451155,0.8276301218161684,0.7983539094650206,0.8300999412110524
3,0.8913298872180451,0.7914414414414415,0.8716312056737588,0.8282828282828283,0.8476621417797888,0.762247237856994,0.6852439741328631,0.8013038548752834,0.8267032464563329,0.7910714285714285,0.8554421768707483
