,18A2,868Z11,A23,A6,NYE-S1,TCR2-T,TCR3,TCR6,TCR7,T1,FLT3DY
0,0.8637254901960785,0.7312907268170427,0.8084935897435898,0.8342674277806608,0.7964190516273849,0.7204090700607728,0.6719915886582554,0.6938381834215167,0.7630608974358974,0.826530612244898,0.7410796274432637
