,18A2,868Z11,A23,A6,NYE-S1,TCR2-T,TCR3,TCR6,TCR7,T1,FLT3DY
0,0.7823948948948948,0.677948717948718,0.7600111389585074,0.7353888579903597,0.7005957662568133,0.7565307443365695,0.6651820839978736,0.7614725028058361,0.745508868476222,0.6481671415004749,0.7330834294502114
1,0.8505347593582888,0.7293609168609169,0.8221780915955673,0.815258796854728,0.7408683610296514,0.7438003220611916,0.656964329471068,0.7976851357602932,0.8076631889494559,0.8405907817672524,0.814955159782746
2,0.874824943849914,0.7615682137834038,0.8125236742424242,0.8247741147741148,0.763946638946639,0.7222121212121211,0.6595610425240054,0.7879039891818796,0.7906188411509657,0.8418954248366014,0.7753666867590918
3,0.8888776655443321,0.8243994567523979,0.8629879879879879,0.8301375343835958,0.7803084648493543,0.7185627723311546,0.645424376193607,0.8046312120907476,0.7953526524955098,0.8204780361757106,0.7454332160214513
4,0.8979839040814651,0.8277683854606931,0.8347143753923415,0.8266735679779158,0.8290118679050567,0.7399531558185405,0.6144156407828283,0.8007482993197278,0.8208010335917312,0.8229166666666666,0.7738927738927739
