,18A2,868Z11,A23,A6,NYE-S1,TCR2-T,TCR3,TCR6,TCR7,T1,FLT3DY
0,0.8441806199350422,0.7270425575821071,0.8075121313923105,0.7632492776464407,0.6766054096562572,0.7507736574001633,0.6118945623215073,0.7575748064448629,0.7765598993220476,0.8440771349862258,0.7730254350736279
1,0.8999603174603173,0.7347008547008547,0.8176575698505525,0.8274915229249595,0.7749907097733185,0.7748458758503401,0.6530844155844155,0.7737575182019626,0.8541013584117033,0.8189484126984127,0.7471264367816092
