,18A2,868Z11,A23,A6,NYE-S1,TCR2-T,TCR3,TCR6,TCR7,T1,FLT3DY
0,0.8243708452041786,0.7054471075968483,0.8241115196078432,0.7460858585858586,0.6560686868686868,0.7359077040427154,0.6306676134262341,0.7611844737895158,0.7453625434394665,0.8410559495665879,0.7760731538992408
