,18A2,868Z11,A23,A6,NYE-S1,TCR2-T,TCR3,TCR6,TCR7,T1,FLT3DY
0,0.8311169842815413,0.7745128048158351,0.8192564745196323,0.7662628261316069,0.6559878489516016,0.7424373548465958,0.6285939440252174,0.7459224752703014,0.7886960167714885,0.8546664279746987,0.7346519136500754
1,0.852994612355343,0.7740147783251231,0.848541980894922,0.7631775980832586,0.766358024691358,0.7277791652791653,0.6787179487179488,0.7552042674993494,0.8323906375163629,0.8643874643874644,0.6811076604554865
2,0.8825617283950619,0.7586616161616161,0.8335074886799024,0.7834567901234567,0.7891985163683278,0.7711701040505389,0.6600912506709609,0.7503883074886054,0.8368563685636857,0.8643333333333333,0.7751627510081617
3,0.8780223285486444,0.7708105646630236,0.8132936507936508,0.7634492700282173,0.8077975376196992,0.7036444760325358,0.6335849436392915,0.7698592732619197,0.8388180827886712,0.8668857247170502,0.7964285714285714
4,0.8766788766788767,0.8284027777777778,0.8082234777150031,0.7939327485380115,0.8372637944066516,0.6804073119862594,0.6176991959064327,0.7702607871028923,0.8517937580437581,0.8787313432835822,0.864155982905983
5,0.8677559912854029,0.8036036036036037,0.8331349206349206,0.7655496766607879,0.8476668259276955,0.7163059163059163,0.6057109557109558,0.7857142857142859,0.828042328042328,0.9276729559748428,0.844038208168643
