,18A2,868Z11,A23,A6,NYE-S1,TCR2-T,TCR3,TCR6,TCR7,T1,FLT3DY
0,0.8265274859943977,0.7630380887987379,0.8206089373909443,0.7835556574806661,0.6977080123266565,0.7263267035994309,0.6851526977193799,0.7845984178490383,0.798337856173677,0.8193277310924371,0.7705046111715195
1,0.8674252136752137,0.7480506822612085,0.8339506172839505,0.7609917609917609,0.8166941150636804,0.698486312399356,0.6389185660018993,0.7677814938684504,0.7557971601338949,0.959090909090909,0.7387566137566138
2,0.8920572916666667,0.7248006379585327,0.9262152777777777,0.7691930618401206,0.8658730158730158,0.6711002066115702,0.6377551020408163,0.745224541429475,0.8161826599326599,0.9791666666666666,0.7623197115384617
