,18A2,868Z11,A23,A6,NYE-S1,TCR2-T,TCR3,TCR6,TCR7,T1,FLT3DY
0,0.7715362699978084,0.6788585607940446,0.7619604566972988,0.7350129165328728,0.7195678271308523,0.7548168284789645,0.6495728197612677,0.7605836139169472,0.7018354159770496,0.6472934472934474,0.7295271049596309
1,0.8258624305337108,0.7292221667221667,0.8200369389689778,0.7972554311272532,0.6642209816875435,0.7433245498462889,0.6733573717948719,0.7774096818214465,0.8166661893032403,0.8400305576776166,0.7647749042145594
2,0.8732098765432098,0.7678401845068512,0.813470643939394,0.8145653533458411,0.7697768762677485,0.7226363636363636,0.6685449735449737,0.7917912927883018,0.8058466875795379,0.8405882352941177,0.7589068825910932
3,0.8781134453281972,0.7945324283559577,0.8338953284158764,0.8069459667925142,0.7746225490196078,0.7223691945914168,0.6611519607843138,0.8170344827586207,0.7901300871225683,0.819186046511628,0.7525641025641026
4,0.8814839572192513,0.8040816326530612,0.8051201671891327,0.7806078021595262,0.8292499291383221,0.7208216619981327,0.6420421245421245,0.8014464168310322,0.8141961085509473,0.8151785714285714,0.7595390720390721
