,18A2,868Z11,A23,A6,NYE-S1,TCR2-T,TCR3,TCR6,TCR7,T1,FLT3DY
0,0.7818202818202818,0.6759305210918115,0.7602339181286549,0.7358142333538725,0.6984126984126983,0.7499497234791352,0.643596544326919,0.7651159064202542,0.6880310051859208,0.6474074074074074,0.7309688581314879
1,0.8519518576661432,0.7303321678321678,0.82342028701252,0.7984871031746031,0.7571676587301588,0.7413677137982059,0.6658482142857143,0.7973717948717948,0.8107411271907937,0.8394703335879807,0.7874074074074073
2,0.8729553403282218,0.7685863519196853,0.8142282196969698,0.8013396825396826,0.7486096644311654,0.7194141414141414,0.6680511463844798,0.8108076563958916,0.7943518518518519,0.8399346405228759,0.7819799248370677
3,0.8800013832693572,0.7941930618401206,0.8605105105105104,0.787130069419072,0.752102564102564,0.7200946350762528,0.6598872549019607,0.8273416483247739,0.8017094017094019,0.8178940568475452,0.7662372517444981
4,0.8872987117552334,0.8040816326530612,0.8341494036409292,0.8296152771959223,0.8133116883116882,0.7229808590102708,0.6379931309755871,0.7978835978835979,0.8237080103359172,0.7428110328638496,0.7951127819548871
