,18A2,868Z11,A23,A6,NYE-S1,TCR2-T,TCR3,TCR6,TCR7,T1,FLT3DY
0,0.7926870748299321,0.7289126016260162,0.8229922313114163,0.7990823529411765,0.7506757401341941,0.7194817927170868,0.6260188668490653,0.7537463450292398,0.7963745665034679,0.8136904761904762,0.8029644773830821
1,0.8910240617557691,0.7332818930041153,0.8432273555224375,0.7447371177209887,0.7647291666666667,0.7296499796499797,0.6467940272288097,0.7736875,0.7861163227016886,0.8136054421768707,0.7803731762065095
