,18A2,868Z11,A23,A6,NYE-S1,TCR2-T,TCR3,TCR6,TCR7,T1,FLT3DY
0,0.8038728543239069,0.6855979668479669,0.8339340198321893,0.7538526603633667,0.6912406065485776,0.7368582878643383,0.6624059384987128,0.7060809883321895,0.8206489860901626,0.8323809523809524,0.7682066927364257
1,0.8098871959646212,0.713542701914795,0.8463833883388339,0.7676966073744901,0.7282354973539623,0.6998573676962424,0.6405749805749806,0.7304460245636717,0.8165572983354673,0.8154133448251096,0.7747541407867495
2,0.8763374485596708,0.6612869198312237,0.8465909090909091,0.7616359338061466,0.7374502432551967,0.7212792481779823,0.6721715951788415,0.7496953583693364,0.7860045594211518,0.8165849673202614,0.8065859475325629
3,0.881917502787068,0.792710554371002,0.8522753522753522,0.7927485734484675,0.7675715488215488,0.7300360940396059,0.6338167435728411,0.7271825396825397,0.7756143162393162,0.8169896640826874,0.8074095022624435
4,0.8845446950710109,0.8034979423868313,0.8690134099616857,0.8143040293040293,0.7862666588156784,0.747821409359871,0.6301294191919192,0.7686595875654048,0.809042809042809,0.8262910798122066,0.7898622589531681
