,18A2,868Z11,A23,A6,NYE-S1,TCR2-T,TCR3,TCR6,TCR7,T1,FLT3DY
0,0.8535051368384702,0.69293144666279,0.8180298353909464,0.8067185007974481,0.7136066547831253,0.755122549019608,0.6552748538011696,0.7597138047138049,0.7911078683436408,0.839952718676123,0.7744984567901234
