,18A2,868Z11,A23,A6,NYE-S1,TCR2-T,TCR3,TCR6,TCR7,T1,FLT3DY
0,0.8472164502164503,0.7780110891523936,0.8074041923868314,0.7927737520128825,0.7371949343724363,0.744417211328976,0.6389473684210526,0.7229118393467947,0.7752057613168724,0.8495567375886525,0.7689827856025039
