,18A2,868Z11,A23,A6,NYE-S1,TCR2-T,TCR3,TCR6,TCR7,T1,FLT3DY
0,0.8331863239247311,0.7397530864197531,0.7918478260869565,0.741577380952381,0.7745992135511192,0.7611707700366684,0.6757858315740087,0.7862333744686686,0.7956496178718401,0.8266942148760331,0.7672786383629756
1,0.8697641093474427,0.7099128540305011,0.7778309409888357,0.7861240550895724,0.8557281393819854,0.772811354387381,0.7133512544802868,0.8136949855699855,0.7893686868686869,0.7881944444444443,0.7831196581196581
