,18A2,868Z11,A23,A6,NYE-S1,TCR2-T,TCR3,TCR6,TCR7,T1,FLT3DY
0,0.8343192773114909,0.7013262599469496,0.8317251461988304,0.783562582345191,0.6871625863151287,0.7741498531779861,0.6846335088522588,0.7305350152240105,0.7888250183332151,0.9151670195248176,0.7169495884773663
1,0.8275334647285867,0.6964102564102564,0.902880658436214,0.7369433198380566,0.8204065040650407,0.7541152263374485,0.6518115942028985,0.7155861302202765,0.8077777777777779,0.9594907407407408,0.7645714285714286
