,18A2,868Z11,A23,A6,NYE-S1,TCR2-T,TCR3,TCR6,TCR7,T1,FLT3DY
0,0.7636440788614701,0.7267342032967034,0.8347857661583151,0.7735835401157982,0.7514362326127032,0.752957069575178,0.6753375020041686,0.8186330829282663,0.776463963963964,0.871252204585538,0.8566901508077978
1,0.8152009728622632,0.7660683760683761,0.881825396825397,0.8013231308783677,0.7744876907438485,0.7602855488186836,0.644096971447831,0.8374459244080145,0.8440192102119096,0.8292880258899676,0.8120275888133031
2,0.8040609903381642,0.8153703703703704,0.8782267115600448,0.8074305555555555,0.7888580544830545,0.7223089503419566,0.6593125960061443,0.8355516975308642,0.8562500000000001,0.8319088319088319,0.8462669018224575
