,18A2,868Z11,A23,A6,NYE-S1,TCR2-T,TCR3,TCR6,TCR7,T1,FLT3DY
0,0.828609058565955,0.7626262626262627,0.8490685344617929,0.7990564400138869,0.7260952626664702,0.7187682748538012,0.6829482323232323,0.7829501915708813,0.7879358640007726,0.8789364230540703,0.843050514216576
1,0.8734567901234568,0.6841880341880341,0.8533730158730158,0.8328054298642534,0.7244562022339801,0.7182539682539684,0.6946088099934254,0.7422299922299923,0.8080276268115941,0.911008230452675,0.8923187669376693
