,18A2,868Z11,A23,A6,NYE-S1,TCR2-T,TCR3,TCR6,TCR7,T1,FLT3DY
0,0.8757927862503027,0.7524275362318841,0.8257233273056057,0.7790330816646606,0.732596153846154,0.6928923335736602,0.604546017589496,0.7309566250742722,0.828127428127428,0.8662280701754387,0.7812466616814443
