,18A2,868Z11,A23,A6,NYE-S1,TCR2-T,TCR3,TCR6,TCR7,T1,FLT3DY
0,0.8194646873594241,0.6847806422433288,0.783886316872428,0.7660979682256279,0.7420484848484848,0.7082142857142856,0.6313893680914958,0.7361979584201807,0.7876180836707153,0.8339035087719298,0.760017094017094
