,18A2,868Z11,A23,A6,NYE-S1,TCR2-T,TCR3,TCR6,TCR7,T1,FLT3DY
0,0.8180038599393438,0.7328712389688,0.8137694145758662,0.7941472639748501,0.7694558576410137,0.6765592903828198,0.5679254595288751,0.7237433000144865,0.7994012707722385,0.8633903133903135,0.7978000681489054
1,0.889781746031746,0.7229938271604938,0.7998116760828626,0.7821799307958478,0.792838246409675,0.7047875201721355,0.6561280657748049,0.7199971745426291,0.7521531100478468,0.8437810945273633,0.7933326318742986
