,18A2,868Z11,A23,A6,NYE-S1,TCR2-T,TCR3,TCR6,TCR7,T1,FLT3DY
0,0.8406682075628854,0.7009952128999748,0.8337654320987653,0.825118563685637,0.7532105475040258,0.7261770148026315,0.6140984189764677,0.7910371940984186,0.775818941885965,0.8778968253968253,0.850875350140056
