,18A2,868Z11,A23,A6,NYE-S1,TCR2-T,TCR3,TCR6,TCR7,T1,FLT3DY
0,0.818106162843005,0.7588873812754411,0.7847088675213675,0.7668075684380032,0.6812663526949242,0.7223884784438418,0.6270588678109004,0.728300196118212,0.7108974358974359,0.8577898550724639,0.8217342018711881
