,18A2,868Z11,A23,A6,NYE-S1,TCR2-T,TCR3,TCR6,TCR7,T1,FLT3DY
0,0.872690929142542,0.7519219483568076,0.7907051282051282,0.7704110292583498,0.7615740740740741,0.7634001850359627,0.666966966966967,0.7537936507936508,0.7944101508916322,0.835482456140351,0.8466957019588598
