,18A2,868Z11,A23,A6,NYE-S1,TCR2-T,TCR3,TCR6,TCR7,T1,FLT3DY
0,0.8405755850727387,0.6988554374918011,0.7969947703990258,0.8010973936899863,0.7739096479634747,0.7478140538512056,0.6240048309178744,0.7108119658119657,0.7926873491640719,0.8387687687687687,0.6991213151927438
1,0.909469696969697,0.7521212121212121,0.8239981785063751,0.7813311688311688,0.7777624207577768,0.7175937041483259,0.6855824682814302,0.7513784461152883,0.8037096774193548,0.9018849206349205,0.7867578849721708
