,18A2,868Z11,A23,A6,NYE-S1,TCR2-T,TCR3,TCR6,TCR7,T1,FLT3DY
0,0.8787977105587168,0.736141141141141,0.7755187199631645,0.7980617866981504,0.7594075365995455,0.662479751805178,0.6001640902956692,0.7484593837535014,0.7873063973063973,0.8253150057273769,0.7968036529680366
