,18A2,868Z11,A23,A6,NYE-S1,TCR2-T,TCR3,TCR6,TCR7,T1,FLT3DY
0,0.8070482454285272,0.7502688172043012,0.822793501048218,0.7585468631897204,0.76733669153024,0.6794758137843244,0.5988343473723591,0.7919278884690256,0.8150930662119921,0.8635213675213675,0.7087121212121213
1,0.8159594214029698,0.7418647342995169,0.8349264705882353,0.7620427881297447,0.7928108369617805,0.685593488225067,0.6100126023944549,0.8170781893004117,0.7517111908559277,0.8584708470847083,0.7151155428933206
2,0.8195185185185186,0.7566137566137566,0.8108119658119658,0.7692478192478193,0.8520833333333334,0.710536398467433,0.6514506254990684,0.8231821565154899,0.8020210409745294,0.8696393762183238,0.728400920333621
3,0.8768253968253968,0.8584120557804767,0.8231707317073171,0.7388117283950617,0.8561507936507935,0.7084010840108402,0.6492307692307692,0.8455570194700629,0.7953809523809524,0.8906858340820606,0.7259199134199134
