,18A2,868Z11,A23,A6,NYE-S1,TCR2-T,TCR3,TCR6,TCR7,T1,FLT3DY
0,0.8850427350427351,0.704401770191244,0.8048034028426185,0.7860341025770506,0.7113822168169994,0.7479949139280125,0.6644419018560895,0.7159503105590063,0.8215283647975956,0.8565972222222222,0.7784017453135098
