,18A2,868Z11,A23,A6,NYE-S1,TCR2-T,TCR3,TCR6,TCR7,T1,FLT3DY
0,0.821201814058957,0.7168752744839701,0.8203304979620768,0.8108974358974358,0.7582924836601307,0.6956134232349066,0.5804924242424242,0.7491929824561404,0.8018063610168872,0.8624131944444443,0.7813772893772893
