,18A2,868Z11,A23,A6,NYE-S1,TCR2-T,TCR3,TCR6,TCR7,T1,FLT3DY
0,0.7632970499103222,0.7853648088023087,0.8162551440329219,0.7238547881484477,0.6956911329281597,0.6657729254272597,0.6435491276400368,0.7407419213169564,0.8042077700645476,0.8581349206349206,0.8290807560137458
1,0.8144905273937533,0.786508849799989,0.8507662835249042,0.782470268188165,0.7868573829348406,0.6870713305898491,0.6831816649814627,0.754959854959855,0.7678968253968255,0.8339446242358864,0.8318151147098515
2,0.8281959126145173,0.7065886699507389,0.898202614379085,0.7894595303686213,0.8299348799348799,0.7098148148148148,0.6370417732310315,0.742893092196228,0.8057752853207397,0.8317460317460318,0.8275122549019608
3,0.8645833333333334,0.7222222222222222,0.8617021276595745,0.7510984848484848,0.8324557387057387,0.7096906565656566,0.5981318803513844,0.7319376026272577,0.7765229939142982,0.8499550763701706,0.8998086232128785
