,18A2,868Z11,A23,A6,NYE-S1,TCR2-T,TCR3,TCR6,TCR7,T1,FLT3DY
0,0.8014197530864199,0.676910569105691,0.8172763056835638,0.800794676845097,0.7532111528822055,0.7282690854119426,0.6147216951296648,0.7510774454747291,0.7978064262442421,0.8222713864306784,0.7956055261610816
1,0.8850514564800278,0.7292250233426705,0.8298179535467671,0.8103536557374156,0.8148333797456604,0.733768998951782,0.6211738934851063,0.7644733315465023,0.7912742019884877,0.9039351851851851,0.8878769841269841
