,18A2,868Z11,A23,A6,NYE-S1,TCR2-T,TCR3,TCR6,TCR7,T1,FLT3DY
0,0.862283686155914,0.7130349608197709,0.814755347962179,0.7453653189468792,0.7781127277574414,0.7478535353535354,0.7028330664226341,0.7417511261261263,0.8149641577060932,0.7986832986832987,0.7923462532299741
1,0.8873214285714286,0.75,0.8079071134626691,0.7655685713761939,0.7973224932249322,0.7440600335337176,0.6206797235023042,0.7545138888888889,0.8230769230769232,0.9008868022952531,0.8344183309426607
