,18A2,868Z11,A23,A6,NYE-S1,TCR2-T,TCR3,TCR6,TCR7,T1,FLT3DY
0,0.8109681372549019,0.7379240281283236,0.8658901862026863,0.7982896090534979,0.6183087027914614,0.759025236889014,0.6122960812231869,0.7414205004035512,0.813390288704814,0.7596361848574237,0.831703514739229
1,0.8670175438596491,0.792265648397724,0.8136390358612582,0.7983685661764706,0.799010989010989,0.728021978021978,0.6385668934240364,0.7647660818713451,0.8006014561570116,0.7392899061032864,0.7993523079729976
