,18A2,868Z11,A23,A6,NYE-S1,TCR2-T,TCR3,TCR6,TCR7,T1,FLT3DY
0,0.8123729000884173,0.7021221532091099,0.8103199968434344,0.7799571680524061,0.6967457829526795,0.6980347694633409,0.6276515151515151,0.7170109289617486,0.7633838383838384,0.8402702702702703,0.7470238095238094
1,0.866759702286018,0.757185122569738,0.8053083528493364,0.7949206349206349,0.7960313254430901,0.7175824175824176,0.6299224968579807,0.7402975625197848,0.8299221611721611,0.8364632237871673,0.7532047750229568
