,18A2,868Z11,A23,A6,NYE-S1,TCR2-T,TCR3,TCR6,TCR7,T1,FLT3DY
0,0.8103994658048711,0.7701226309921964,0.836539780521262,0.7101164577786436,0.7560352162933685,0.7383395575655829,0.6214478114478116,0.7745201674750238,0.7978135698723934,0.8735246235246237,0.7828781454384215
1,0.807746040574183,0.7635402200619591,0.8352720996951767,0.7289855072463768,0.7229363207547169,0.7193223443223443,0.6368885324779471,0.7752808302808303,0.7855604197067612,0.8799352750809062,0.8226708074534161
2,0.8369415188885888,0.7796610169491526,0.819452736318408,0.7591896407685881,0.799585672280139,0.7191553544494722,0.6682073377725551,0.7974626068376068,0.7586666666666666,0.8166666666666665,0.7917562724014336
3,0.8166006787330318,0.671590909090909,0.7679680567879327,0.8527520576131687,0.7867848996881254,0.738023088023088,0.6305607769423559,0.8290256892230575,0.8623123123123122,0.9757575757575757,0.7499718563548351
