,18A2,868Z11,A23,A6,NYE-S1,TCR2-T,TCR3,TCR6,TCR7,T1,FLT3DY
0,0.8256475081071856,0.700112703779545,0.8074934677118328,0.7640793275545049,0.6742668818940004,0.7491051161166404,0.6165976654591456,0.7598111658456487,0.776329855613743,0.8438016528925619,0.781344425320329
1,0.8956202636093197,0.7572626534890685,0.8239928525016245,0.8069312169312169,0.7725067965342566,0.7538796768707483,0.6163409842845327,0.7816358024691358,0.8498449188104361,0.8189484126984127,0.7456461163357715
