,18A2,868Z11,A23,A6,NYE-S1,TCR2-T,TCR3,TCR6,TCR7,T1,FLT3DY
0,0.8248028673835126,0.6964137645107794,0.7896630118852341,0.7913194444444445,0.716212222861159,0.7438295493636051,0.6468776106934002,0.7315413804055297,0.7683549783549783,0.8486702127659574,0.748275696905834
