,18A2,868Z11,A23,A6,NYE-S1,TCR2-T,TCR3,TCR6,TCR7,T1,FLT3DY
0,0.7808641975308642,0.6890432098765432,0.7833054220668899,0.7513918849512069,0.7318217472301206,0.7404066437571593,0.6682411415744749,0.7465580680884507,0.8129158512720157,0.8433727034120735,0.7281355218855219
1,0.8539912071613962,0.7249954337899543,0.7857125708249303,0.7853618013192482,0.8371464771059092,0.719127680311891,0.6894650205761317,0.7850365797896662,0.8133001588636576,0.8412418300653596,0.8429576376004947
2,0.8799925345278089,0.7960355434039644,0.8186056367874549,0.819594504468454,0.8398363479758829,0.7195853053865223,0.6553439803439803,0.7941723874904653,0.7788643235071806,0.8492664742664742,0.8330492424242424
