,18A2,868Z11,A23,A6,NYE-S1,TCR2-T,TCR3,TCR6,TCR7,T1,FLT3DY
0,0.8289843414843415,0.7110566448801743,0.8221450617283951,0.8029973202654084,0.7268361809585215,0.7407105263157895,0.6838047138047137,0.778458881024604,0.7761437908496732,0.8524102564102565,0.8015637124487308
1,0.8607874223807638,0.7089303059737736,0.8242553742553742,0.7596188630490955,0.7996424416302713,0.7580748407816076,0.6731908132312582,0.7840608465608465,0.830743879472693,0.8788478847884789,0.8157795088174834
2,0.9070470946870723,0.7166991552956464,0.8009135472370765,0.7443129354486695,0.7981392876129717,0.7715277777777777,0.6210688010348452,0.8038073038073037,0.8258698092031426,0.859006734006734,0.8748041979949873
3,0.8720821661998133,0.7801535087719298,0.8351851851851851,0.7761984392419174,0.7917283950617285,0.825968992248062,0.6485489818823152,0.834320987654321,0.859743265993266,0.8289907157831685,0.8182900432900433
