,18A2,868Z11,A23,A6,NYE-S1,TCR2-T,TCR3,TCR6,TCR7,T1,FLT3DY
0,0.8330463212538683,0.7795334507042253,0.8043659979423868,0.7458964646464646,0.6496955128205127,0.7415013984235953,0.6372965635282487,0.762593037214886,0.7457617169155631,0.8421591804570528,0.7731884057971014
