,18A2,868Z11,A23,A6,NYE-S1,TCR2-T,TCR3,TCR6,TCR7,T1,FLT3DY
0,0.8547567175018157,0.817977067977068,0.8311381290104695,0.7619468653951413,0.8166971916971918,0.7480531813865148,0.6594877999596692,0.7700298438934804,0.7317810457516339,0.7613168724279835,0.8867035742035743
