,18A2,868Z11,A23,A6,NYE-S1,TCR2-T,TCR3,TCR6,TCR7,T1,FLT3DY
0,0.8095166666666667,0.7130847953216376,0.8261915761915762,0.7740365783844044,0.7057701149425287,0.7067342913496759,0.6574599678047954,0.7382697947214076,0.7590476190476191,0.8978288633461048,0.7959806397306397
