,18A2,868Z11,A23,A6,NYE-S1,TCR2-T,TCR3,TCR6,TCR7,T1,FLT3DY
0,0.8040913041116724,0.6811066126855602,0.8302643182029147,0.7913688610240334,0.701026216497528,0.7623014094327406,0.6337192681532303,0.7710591185345743,0.7816706349206349,0.8240376202974629,0.7374222807402532
1,0.8587368845843423,0.6607224508459076,0.8668253968253968,0.8075188901275858,0.7696763460375076,0.7450142450142451,0.664595852480264,0.763560157790927,0.7977384135472372,0.8399346405228757,0.7574786324786325
2,0.8767499999999999,0.7194444444444446,0.8781084656084657,0.806952096724824,0.7926848370927319,0.7304425837320574,0.636124761124761,0.8092503987240828,0.7886734477643569,0.8198005698005698,0.7174603174603175
