,18A2,868Z11,A23,A6,NYE-S1,TCR2-T,TCR3,TCR6,TCR7,T1,FLT3DY
0,0.7712382204689897,0.6655707196029778,0.7583681425786688,0.7498113763631005,0.702668976493289,0.7564168284789644,0.642181460005947,0.7621279461279461,0.6939410239435065,0.6477872744539411,0.7477689516524468
1,0.8383357799447765,0.6772946859903382,0.8195139093197347,0.8207510020683854,0.7573619378306878,0.7461206265554091,0.6707586880906208,0.7779438698556346,0.8069842525838657,0.8414056531703591,0.7570398351648352
2,0.8736008230452675,0.7529761904761906,0.8118607954545455,0.835856469843398,0.7492431579652675,0.7331766549157853,0.6705717893217894,0.7907735127949485,0.7919444444444445,0.8422222222222223,0.7660672660672662
3,0.8886176142697882,0.8042338709677419,0.835265191429575,0.8504040404040404,0.7550915750915751,0.7490725020436395,0.6598747664495278,0.8139330747422986,0.7994257994257995,0.822157622739018,0.7422882672882672
4,0.9076754385964912,0.7780555555555556,0.8050040636247532,0.8445168183071409,0.813546176046176,0.7379444444444445,0.6457577475434618,0.7930083482409064,0.8341269841269842,0.8189484126984127,0.7575102880658436
