,18A2,868Z11,A23,A6,NYE-S1,TCR2-T,TCR3,TCR6,TCR7,T1,FLT3DY
0,0.8101941226941228,0.7412300260126347,0.8088909010553094,0.7822060123784262,0.6876818783068783,0.6580893065268065,0.6499070065736733,0.7448303634350147,0.8141695083830633,0.8686857142857143,0.669760101010101
1,0.8333193755277796,0.7365384615384615,0.8489028137904544,0.7099387903309472,0.758095238095238,0.7652046783625731,0.6962062485318299,0.7704163652439515,0.7636280098433167,0.9054887106357695,0.7127758844530997
2,0.8212534690101757,0.7911793372319688,0.8806159420289856,0.7180448348268417,0.8159486016628872,0.7705128205128206,0.6638837826797385,0.7779926928863099,0.7634567901234567,0.867205813408345,0.7911483253588516
