,18A2,868Z11,A23,A6,NYE-S1,TCR2-T,TCR3,TCR6,TCR7,T1,FLT3DY
0,0.8507856341189676,0.7169241433947316,0.8229638153688787,0.7219082125603865,0.783459595959596,0.7339697282421741,0.6141773132017035,0.7712565618718655,0.832015392015392,0.834342105263158,0.7930555555555555
