,18A2,868Z11,A23,A6,NYE-S1,TCR2-T,TCR3,TCR6,TCR7,T1,FLT3DY
0,0.8122610679491924,0.7422874819899992,0.8192208308487379,0.7786138981791155,0.7319424198250729,0.7026440560275148,0.6476117886178862,0.7209635032910895,0.796463140610146,0.8070409982174689,0.6910689954168215
1,0.7729383680555556,0.7078947368421052,0.9372340425531914,0.8363537334125569,0.7996983408748114,0.7419871794871796,0.5639035861258083,0.7350982350982352,0.8416597048175994,0.7431818181818182,0.7129629629629628
