,18A2,868Z11,A23,A6,NYE-S1,TCR2-T,TCR3,TCR6,TCR7,T1,FLT3DY
0,0.8141482211995031,0.7396197552447553,0.8191523512059691,0.7925247281615496,0.7033209725340773,0.7406737053795878,0.5809752660778531,0.7804363267376967,0.7480413806171381,0.8556808688387636,0.7544424019607843
1,0.7841224229155263,0.7523649094992733,0.8043496657358044,0.725687812070641,0.7081037517762083,0.7481503508138457,0.5847939175670268,0.750974466780537,0.7747986694677872,0.8511396011396011,0.7671312889950882
2,0.8159010701275045,0.7549048174048174,0.8183893195521103,0.8152489604881005,0.7406029101935534,0.7308479532163744,0.5911502849002849,0.7726384000893805,0.7691931216931218,0.8511363636363637,0.7598619329388562
3,0.8441170590293398,0.7267399267399268,0.8187418187418188,0.8326493388052896,0.7345545977011495,0.6999606860287976,0.6306902878110309,0.7668758626639062,0.7489518364518365,0.8542838018741633,0.750891265597148
4,0.8477028492556443,0.7467948717948717,0.791569086651054,0.8289918157292163,0.7753019323671498,0.7145299145299145,0.6566129032258065,0.7561858076563959,0.8005050505050505,0.8764093137254902,0.7656035665294924
