,18A2,868Z11,A23,A6,NYE-S1,TCR2-T,TCR3,TCR6,TCR7,T1,FLT3DY
0,0.806287512809252,0.7754951131687244,0.8001253132832079,0.7162049861495845,0.7508932764358779,0.7165376137778235,0.6455042488375823,0.7673505785866755,0.7832954545454546,0.8368945868945868,0.7132442849548113
1,0.8398683722654803,0.7350133992991136,0.7886363636363636,0.7670256907175513,0.768843404808317,0.7258928571428571,0.6605989360691554,0.7584128751176805,0.8327882129396006,0.8411111111111111,0.8365780310224755
2,0.8269455690508322,0.7313020919578297,0.7946531080859439,0.7450569358178054,0.8374964569160998,0.7001231527093595,0.692042042042042,0.7293509651922784,0.8358909970238096,0.8938034188034188,0.8654644423558898
