,18A2,868Z11,A23,A6,NYE-S1,TCR2-T,TCR3,TCR6,TCR7,T1,FLT3DY
0,0.8481822836661547,0.706639566395664,0.7880658436213991,0.7314894636015326,0.825280112044818,0.7557826788596019,0.6666280193236717,0.7524214181286549,0.7681878306878307,0.9265873015873017,0.8092352092352092
