,18A2,868Z11,A23,A6,NYE-S1,TCR2-T,TCR3,TCR6,TCR7,T1,FLT3DY
0,0.8275346775346776,0.7513450091575091,0.814614417664098,0.7727130792704563,0.7113790833870621,0.7054398148148149,0.659645152826971,0.767897708833647,0.7201012966319089,0.8748233393902686,0.7331650939945872
1,0.8109857127335941,0.7862318840579711,0.8453971533516986,0.8385770975056689,0.751704453948428,0.7127492347149831,0.6553803339517625,0.773355019117731,0.771866096866097,0.8650485436893205,0.7047407975678017
2,0.8892329513537804,0.7856341189674523,0.7976992143658811,0.7897316821465429,0.8173396610896612,0.7140740740740741,0.6527597729957076,0.788324420677362,0.8067570869990224,0.8860398860398861,0.7601710369112746
