,18A2,868Z11,A23,A6,NYE-S1,TCR2-T,TCR3,TCR6,TCR7,T1,FLT3DY
0,0.8914919956586623,0.6765288220551379,0.8058057598039216,0.7573458158824012,0.7680890464933018,0.7751501501501501,0.6703809523809524,0.7223529411764705,0.7967427558890973,0.8721788194444443,0.8468227731864095
