,18A2,868Z11,A23,A6,NYE-S1,TCR2-T,TCR3,TCR6,TCR7,T1,FLT3DY
0,0.860692658025124,0.7216610549943883,0.8234501881560705,0.7757252551908662,0.7636846405228758,0.7317323128081642,0.6131361035832582,0.7401413690476191,0.7630001653439153,0.8444931773879142,0.8785700483091787
