,18A2,868Z11,A23,A6,NYE-S1,TCR2-T,TCR3,TCR6,TCR7,T1,FLT3DY
0,0.7816152691152691,0.6766914805624484,0.7611528822055137,0.7361014553207267,0.7185645686846168,0.7493112116641528,0.6478683467142433,0.7623532623532623,0.7329509406377578,0.8342572850035536,0.7313533256439831
1,0.8483150836092013,0.7300546675546675,0.8216223725932464,0.8135971549636803,0.6655489365953567,0.741042033941505,0.6698126526251525,0.79508547008547,0.8092994744348708,0.8333990795529257,0.7650303320561941
2,0.8449927335182984,0.769400352733686,0.8117660984848486,0.8246886446886447,0.7671899576527527,0.7194141414141414,0.6694973544973545,0.8078574022201472,0.7881837691061184,0.8445192307692307,0.7563202878992352
3,0.8442693744164332,0.7948340874811463,0.8614114114114114,0.819459214620505,0.7750485625485627,0.719873366013072,0.6570386904761905,0.8213383838383838,0.7964133678419393,0.812774806892454,0.7479665633511788
4,0.8688319530710835,0.808843537414966,0.8389830508474576,0.825552104899931,0.8270532171201813,0.72125,0.6399981435069154,0.7957892416225749,0.8185723514211887,0.8091787439613527,0.7835884353741497
