,18A2,868Z11,A23,A6,NYE-S1,TCR2-T,TCR3,TCR6,TCR7,T1,FLT3DY
0,0.8500419287211741,0.6800789760348583,0.8457247794597192,0.788071658615137,0.7284606060606059,0.7523264587525151,0.5999895572263992,0.7186602870813396,0.7854716981132075,0.8444931773879141,0.7571123321123321
