,18A2,868Z11,A23,A6,NYE-S1,TCR2-T,TCR3,TCR6,TCR7,T1,FLT3DY
0,0.8600217864923746,0.749004975124378,0.7965811965811965,0.7828316900190279,0.7961662531017369,0.7325036559524877,0.6764994105511347,0.7226621417797888,0.6932539682539681,0.8064146620847651,0.7884485275789624
