,18A2,868Z11,A23,A6,NYE-S1,TCR2-T,TCR3,TCR6,TCR7,T1,FLT3DY
0,0.8309341050609435,0.739446229976533,0.8361713106295149,0.7688325679677881,0.7168570378709699,0.6672962962962963,0.5810030001111153,0.7470474858358415,0.7473976608187134,0.7395299145299146,0.7761606076122206
1,0.8358926460655184,0.7392468098350452,0.8522435897435897,0.7397974101921471,0.7293668391229366,0.7074794830212787,0.5858483725015575,0.776143842972131,0.7677583854054442,0.8104166666666668,0.8262485970819305
2,0.8610381652661064,0.8015151515151514,0.8961451247165533,0.7294788544788545,0.8112028437105837,0.7546094657375146,0.6425736961451247,0.7637152119910741,0.8265191598524932,0.8333333333333334,0.8024891774891776
