,18A2,868Z11,A23,A6,NYE-S1,TCR2-T,TCR3,TCR6,TCR7,T1,FLT3DY
0,0.8614174836601306,0.667637473129464,0.8063802083333332,0.7998966408268734,0.7450072621641248,0.7230458776048101,0.6476666059999393,0.7530699459270888,0.7613608674463938,0.7972813238770686,0.8024967989756723
