,18A2,868Z11,A23,A6,NYE-S1,TCR2-T,TCR3,TCR6,TCR7,T1,FLT3DY
0,0.806132108724332,0.7023472222222221,0.8346425526732432,0.7391761148904005,0.7128789699227042,0.7114880223815353,0.6200378787878787,0.7505534670008355,0.7912976860537836,0.8544642857142857,0.7763286713286712
1,0.8936356041619199,0.7450118203309692,0.8452868852459017,0.7423358232181761,0.8315815815815816,0.7161150147928993,0.5455277777777777,0.7570853462157809,0.7621951219512196,0.8227699530516431,0.8079600484261501
