,18A2,868Z11,A23,A6,NYE-S1,TCR2-T,TCR3,TCR6,TCR7,T1,FLT3DY
0,0.7606141856141857,0.7090016708437762,0.7928007135575944,0.7511621315192745,0.6777821970093432,0.7439177747895812,0.6241570702355016,0.7103242651988286,0.7350112503173728,0.885525173611111,0.7260749914000688
1,0.8464217296113848,0.7281034865645125,0.8427479927479927,0.8002070393374741,0.7380206293249773,0.7362298195631528,0.5942760942760943,0.7415167895167895,0.8115731527863552,0.8818770226537217,0.7596549540993985
2,0.8990458187055541,0.6686844229217112,0.8219926538108355,0.8128858024691358,0.8209694989106753,0.7524622960911049,0.632882882882883,0.7613888888888889,0.7760754870129869,0.8882478632478632,0.7337990914841009
