,18A2,868Z11,A23,A6,NYE-S1,TCR2-T,TCR3,TCR6,TCR7,T1,FLT3DY
0,0.8797501643655489,0.6971048513302035,0.8353909465020575,0.7892676767676768,0.7380877082015601,0.7048721340388008,0.6473834704269487,0.7476888191173905,0.7509520884520885,0.8410559495665879,0.8065078037904124
