,18A2,868Z11,A23,A6,NYE-S1,TCR2-T,TCR3,TCR6,TCR7,T1,FLT3DY
0,0.7789472164472165,0.6798428453267163,0.7595655806182121,0.7346762606599926,0.7004605568935648,0.7564012944983819,0.6467930950256998,0.7615802469135803,0.6958822961491781,0.6415954415954417,0.728950403690888
1,0.8363373554550025,0.7268772893772893,0.8215079598574744,0.814341202582728,0.7395079830563702,0.7439833113746158,0.670537622100122,0.777759821877469,0.8084544673035969,0.8402852049910874,0.7656210089399744
2,0.8883287151067325,0.7708926875593543,0.8133759469696971,0.8235714285714285,0.7539639030511242,0.7239333489333489,0.6688095238095239,0.7809383443871285,0.7949603174603174,0.8405882352941177,0.7743922743922744
3,0.8891142191142191,0.7951357466063348,0.8637387387387386,0.8247961715703651,0.7689186507936507,0.7236919459141681,0.6615044677544676,0.801625730994152,0.8022260879403736,0.819186046511628,0.7496722027972028
4,0.9086741243352283,0.8079365079365081,0.8433145009416196,0.831275720164609,0.8139320862444595,0.7191111111111111,0.6430799220272904,0.7902504472271913,0.8262596899224807,0.8151785714285714,0.7803803339517624
