,18A2,868Z11,A23,A6,NYE-S1,TCR2-T,TCR3,TCR6,TCR7,T1,FLT3DY
0,0.8794729993493821,0.7470070422535212,0.8044994212962963,0.8117703004066641,0.6836007130124777,0.7428971588635455,0.6643473193473194,0.7353100660554076,0.7747596153846154,0.839952718676123,0.7218196457326892
