,18A2,868Z11,A23,A6,NYE-S1,TCR2-T,TCR3,TCR6,TCR7,T1,FLT3DY
0,0.8237094695428029,0.7120767195767196,0.8183352623456791,0.7676900170164492,0.6535151515151515,0.7341406051360285,0.6261409192443675,0.7269013666072489,0.7701278659611992,0.8407407407407407,0.7733402346445825
