,18A2,868Z11,A23,A6,NYE-S1,TCR2-T,TCR3,TCR6,TCR7,T1,FLT3DY
0,0.8652292768959436,0.7156604308390023,0.8273204607046071,0.8115214646464647,0.7839665032679738,0.7409180846853977,0.6806152285475594,0.7476190476190476,0.7575874125874126,0.8812865497076023,0.7527167277167277
