,18A2,868Z11,A23,A6,NYE-S1,TCR2-T,TCR3,TCR6,TCR7,T1,FLT3DY
0,0.8136177347242922,0.6751693404634581,0.8149094211712807,0.7793065944326448,0.6726615922522355,0.7214479287650019,0.6331325585789872,0.744996281566269,0.8186852739063104,0.8419834710743802,0.7537581699346405
1,0.8661678004535148,0.7690291888405096,0.7714646464646465,0.7524660669191919,0.8090090090090091,0.7179583333333334,0.6210067009505998,0.7640541571319602,0.7740649502013138,0.876984126984127,0.8242296918767508
