,18A2,868Z11,A23,A6,NYE-S1,TCR2-T,TCR3,TCR6,TCR7,T1,FLT3DY
0,0.8186029411764707,0.7150429414922167,0.8107799639917695,0.7581629301141497,0.7228999211977936,0.6910449735449736,0.6124112513001402,0.7867628205128206,0.7799796747967479,0.9238258877434135,0.7182846932698034
