,18A2,868Z11,A23,A6,NYE-S1,TCR2-T,TCR3,TCR6,TCR7,T1,FLT3DY
0,0.8442328042328042,0.778656063364313,0.8105545343137255,0.7952189654317313,0.6944937975190076,0.7479849987287058,0.6177939876215738,0.7368808080808081,0.766468253968254,0.8417651694247438,0.7750215470803706
