,18A2,868Z11,A23,A6,NYE-S1,TCR2-T,TCR3,TCR6,TCR7,T1,FLT3DY
0,0.8694861970724039,0.7352764736567554,0.7764252208696654,0.7799603174603175,0.7220745792174363,0.7331768388106416,0.6872239602502761,0.8436904761904763,0.8176388888888889,0.8606382978723405,0.820099012880703
