,18A2,868Z11,A23,A6,NYE-S1,TCR2-T,TCR3,TCR6,TCR7,T1,FLT3DY
0,0.8640388007054675,0.7098124811245642,0.8173918776371308,0.8193807998686048,0.7644970262510254,0.7448951325682628,0.5646646713719884,0.7645516248457424,0.7836272576091581,0.8428684003152088,0.7889525673283012
