,18A2,868Z11,A23,A6,NYE-S1,TCR2-T,TCR3,TCR6,TCR7,T1,FLT3DY
0,0.8597445887445887,0.6917658730158731,0.8159391534391535,0.7995626822157433,0.704625850340136,0.7192006128334535,0.6231594399277326,0.7528458953914047,0.7699968730456536,0.8402679275019699,0.75803663003663
