,18A2,868Z11,A23,A6,NYE-S1,TCR2-T,TCR3,TCR6,TCR7,T1,FLT3DY
0,0.7974001906173885,0.6552227153188692,0.7686359590565198,0.7702262670117724,0.7271148989898989,0.742476851851852,0.6267964300730039,0.7118783757928974,0.7922310675648091,0.8417979002624673,0.6963820529874738
1,0.8759017043202536,0.6572977582846004,0.8362519720531892,0.7771647635778071,0.7667392883079157,0.7458383838383839,0.6674381110879967,0.7488222871994802,0.794050141242938,0.8446444644464447,0.7996884128529699
2,0.9176026570048309,0.8102935139573071,0.833746693121693,0.8024619597509624,0.8183408295852076,0.7485945767195767,0.6425438596491228,0.7581123737373737,0.8289275736084246,0.8160018993352326,0.7860387556782245
