,18A2,868Z11,A23,A6,NYE-S1,TCR2-T,TCR3,TCR6,TCR7,T1,FLT3DY
0,0.8024048987411057,0.7069641563312449,0.8205438000696622,0.7638617886178861,0.7724880882208468,0.7503900420567087,0.7262625398996807,0.7389048531289911,0.7732868757259,0.8317152103559872,0.7103049025517381
1,0.8693627450980391,0.7781649245063879,0.8666666666666666,0.7893288084464555,0.7753176043557168,0.7569493383446871,0.7509812801932366,0.7760942760942761,0.7493033786137234,0.8257575757575757,0.7414600902972995
