,18A2,868Z11,A23,A6,NYE-S1,TCR2-T,TCR3,TCR6,TCR7,T1,FLT3DY
0,0.794216174238413,0.7136854865220249,0.7691143747218514,0.768526645768025,0.7290637351778656,0.7427662037037037,0.632942142374191,0.7114662899024239,0.7911655439885692,0.8421041119860018,0.6934998891475447
1,0.8798014688185053,0.7268331084120557,0.836860491322966,0.7924570996379506,0.7641975308641976,0.744070707070707,0.6666002126528443,0.748964424951267,0.7918726459510358,0.8450045004500452,0.8004284323271665
2,0.9147946859903381,0.7732165663200146,0.8666266025641026,0.8015727124183005,0.8195244483021648,0.7488839285714285,0.6423872180451128,0.7615530303030303,0.8243713733075436,0.817426400759734,0.7842111592111592
