,18A2,868Z11,A23,A6,NYE-S1,TCR2-T,TCR3,TCR6,TCR7,T1,FLT3DY
0,0.8082981453883092,0.7715076692854471,0.8255550117898296,0.7871041331186258,0.7638026690658268,0.7441129561872595,0.6614169570267131,0.7415047287928643,0.75287604256543,0.7992424242424243,0.7099092767697419
1,0.8769246031746031,0.7479631217838764,0.781845238095238,0.8040208629682315,0.8417417417417417,0.745885724852071,0.7460848922902494,0.7811272811272811,0.8201954249699609,0.8034013605442176,0.8370949074074074
