,18A2,868Z11,A23,A6,NYE-S1,TCR2-T,TCR3,TCR6,TCR7,T1,FLT3DY
0,0.8598467432950191,0.7424442488262911,0.8322916666666668,0.8103932356330233,0.7032744107744108,0.7565534284284284,0.6622444703840054,0.7409939393939394,0.8060975609756098,0.840661938534279,0.735521826611845
