,18A2,868Z11,A23,A6,NYE-S1,TCR2-T,TCR3,TCR6,TCR7,T1,FLT3DY
0,0.8274167024167024,0.7128086674366166,0.8334911616161617,0.7715329218106998,0.730599647266314,0.7265740408032898,0.6730099739533703,0.7107142857142857,0.7778893651765667,0.8708384208384209,0.7709418402777777
1,0.810184430682312,0.706889096443891,0.8454335926246038,0.774246143926995,0.759098865010195,0.737585282651072,0.6217966903073286,0.7311085187980817,0.8049324912891986,0.8661764705882353,0.7427609427609427
2,0.8883060892034603,0.6685137085137085,0.8918067226890757,0.820113041080783,0.7973137973137975,0.7770833333333332,0.6314574314574314,0.741167586025742,0.7820158164541136,0.843349358974359,0.8206196581196581
3,0.8865993265993266,0.4826007326007326,0.8719135802469135,0.8488484695381248,0.7708714896214897,0.7651515151515152,0.6222727272727272,0.7396284829721362,0.8117380703587601,0.8272727272727272,0.7949074074074075
