,18A2,868Z11,A23,A6,NYE-S1,TCR2-T,TCR3,TCR6,TCR7,T1,FLT3DY
0,0.840028799966365,0.6989734299516908,0.8041119076065312,0.7927608489202692,0.6750947490677914,0.6832955404383977,0.6345379818594105,0.7570778405524168,0.7814644607843139,0.8387687687687687,0.7960568842921784
1,0.8575911323023004,0.7386831275720165,0.7849564228874574,0.7988206729101629,0.751664673046252,0.7208216619981326,0.6597491039426524,0.7988079172289698,0.763755980861244,0.8343685300207039,0.8054597701149424
