,18A2,868Z11,A23,A6,NYE-S1,TCR2-T,TCR3,TCR6,TCR7,T1,FLT3DY
0,0.876984126984127,0.7679093567251462,0.7045068027210885,0.7933568489124045,0.8568627450980393,0.7127480158730158,0.6314616755793226,0.6892368662703591,0.7272992530345471,0.931547619047619,0.7452256944444443
