,18A2,868Z11,A23,A6,NYE-S1,TCR2-T,TCR3,TCR6,TCR7,T1,FLT3DY
0,0.8360975444308778,0.7871413667188315,0.8246527777777777,0.7521464646464646,0.7762383838383838,0.6988877422313955,0.6305081443379316,0.7336238198983297,0.7480924320546962,0.8994845360824743,0.7989738656405323
