,18A2,868Z11,A23,A6,NYE-S1,TCR2-T,TCR3,TCR6,TCR7,T1,FLT3DY
0,0.845838133640553,0.7324536240198891,0.7781624842171717,0.7552009797629743,0.7103777226357871,0.7190662931839403,0.6245352449223417,0.757782249458825,0.7747434017595308,0.8381681681681682,0.7153292181069958
1,0.8786848072562358,0.6980083857442348,0.7956989247311829,0.800385256741993,0.7830951794366429,0.7230769230769232,0.6434183100849767,0.766657596371882,0.8000718041368448,0.934920634920635,0.7775
