,18A2,868Z11,A23,A6,NYE-S1,TCR2-T,TCR3,TCR6,TCR7,T1,FLT3DY
0,0.8788314176245211,0.6800854700854702,0.8027898027898028,0.73989898989899,0.8167438271604938,0.7543904958677686,0.6677871148459383,0.7327187100893998,0.6949107142857143,0.777056277056277,0.8329899267399267
