,18A2,868Z11,A23,A6,NYE-S1,TCR2-T,TCR3,TCR6,TCR7,T1,FLT3DY
0,0.8152673350041771,0.7424806201550388,0.8160771205325661,0.8145340706839562,0.7102182539682541,0.6989124171708441,0.7085719284850799,0.768436220642103,0.7847771721079265,0.833048433048433,0.7182747911758406
1,0.8713212503283425,0.6503779289493575,0.7944843081829385,0.7579662698412699,0.8146350762527232,0.6797720797720799,0.6937188024144545,0.7476549988560969,0.8218700748620962,0.9198885405781958,0.6961352657004832
2,0.9279012345679011,0.6222993827160493,0.8361111111111111,0.7888321995464853,0.8720393591083248,0.6831978319783198,0.6137698412698412,0.7904761904761904,0.8103305785123968,0.9020061728395062,0.8323908730158731
