,18A2,868Z11,A23,A6,NYE-S1,TCR2-T,TCR3,TCR6,TCR7,T1,FLT3DY
0,0.837219935985368,0.7965929316043733,0.8121489027039174,0.7681376518218622,0.7562897886427299,0.6998412040872687,0.5991722491722492,0.7730555137656085,0.7736814520578174,0.9033564814814815,0.6493893893893893
