,18A2,868Z11,A23,A6,NYE-S1,TCR2-T,TCR3,TCR6,TCR7,T1,FLT3DY
0,0.8529938857263336,0.7737531565656566,0.778888888888889,0.7729799236767878,0.7077281629455543,0.7487673431945878,0.6183679614573924,0.7464593020148577,0.8016662917978707,0.8036024305555557,0.811229697022716
