,18A2,868Z11,A23,A6,NYE-S1,TCR2-T,TCR3,TCR6,TCR7,T1,FLT3DY
0,0.8385409652076318,0.7222741797209883,0.8180523180523182,0.7534331074931743,0.7084261681035876,0.6650765385816931,0.652442704986662,0.7487385936661299,0.7454801932367149,0.8564388120839733,0.757459909960189
1,0.8645023435346015,0.7391812865497075,0.8395593869731801,0.7601466049382717,0.7900508351488744,0.6782219973009447,0.6867033675544315,0.7898743386243386,0.7910423925667828,0.8910555555555556,0.7622588522588521
2,0.8645502645502646,0.7452582728006457,0.8770424836601306,0.7993287405052111,0.819768043905975,0.7412384405212274,0.6649036807705538,0.801547162628817,0.7894801675289479,0.8708333333333332,0.8228395061728394
3,0.8733333333333334,0.6648391812865498,0.880656610470275,0.7694047619047618,0.8429705215419502,0.7574915824915824,0.6795320064550833,0.8175138701454491,0.8261248852157942,0.9203354297693921,0.8112026862026863
