,18A2,868Z11,A23,A6,NYE-S1,TCR2-T,TCR3,TCR6,TCR7,T1,FLT3DY
0,0.8003131808278866,0.770187265917603,0.8123325153028124,0.7253498478922209,0.7762103174603174,0.7287228393619506,0.6730115122972267,0.7881410256410257,0.7416183107672469,0.8598948060486523,0.7206668499511242
1,0.881363981762918,0.76767578125,0.8510698198198199,0.7371577618288145,0.7921328446502057,0.6903732081067723,0.6341064881237047,0.8141658337497918,0.7408978174603175,0.8639651416122005,0.7381252627154266
2,0.8706172839506173,0.775025025025025,0.8388297872340426,0.75617784992785,0.7987110928287399,0.711574074074074,0.5811584249084248,0.8177858439201451,0.8394097222222222,0.7590909090909091,0.7581627680311892
