,18A2,868Z11,A23,A6,NYE-S1,TCR2-T,TCR3,TCR6,TCR7,T1,FLT3DY
0,0.821705102786184,0.7199236403303724,0.80043980208906,0.7283993329075297,0.7107197623155069,0.7030116959064326,0.6220561941251597,0.7288027540481958,0.7418055340590551,0.8537777777777777,0.7211021505376345
1,0.8323787818734312,0.7575616438356164,0.8089544822102962,0.7805886243386243,0.7709904474610356,0.7146402237477751,0.6511296452702703,0.7364494508193845,0.7629682875975249,0.8456545654565456,0.7330097680097679
2,0.8515649090348442,0.7580542264752791,0.7816051136363636,0.7661111111111111,0.796957671957672,0.7321658926728585,0.6937706937706939,0.7167352537722907,0.7654320987654321,0.8466666666666667,0.7748382893573457
3,0.918954248366013,0.7163742690058479,0.8522126022126022,0.793872793872794,0.8154438405797101,0.7332535885167464,0.6490474485940421,0.7056899641577061,0.785288367546432,0.8215430402930403,0.7717484926787254
