,18A2,868Z11,A23,A6,NYE-S1,TCR2-T,TCR3,TCR6,TCR7,T1,FLT3DY
0,0.8168110418110417,0.7030076405076405,0.7976059941520468,0.7518979519774011,0.7100358964036501,0.737531001620872,0.6305790517961571,0.7585193889541716,0.7754404404404406,0.854875283446712,0.5842945021145712
1,0.8262119464541611,0.733571671773919,0.8386577284635536,0.7760557053009883,0.7136467581382835,0.7305280692986841,0.6524019383394383,0.7646851793193257,0.8195471477465762,0.8636642559719482,0.7659724947671376
2,0.8865695128626164,0.7346577590248476,0.8192189754689755,0.775622938569367,0.7385042243054413,0.7609608436676106,0.6528924162257496,0.7921085858585858,0.8182948838669177,0.8660000000000001,0.7651774777378643
3,0.8934240362811791,0.7788600288600289,0.8400920489961585,0.8002880310572619,0.7833476878581985,0.7646963562753036,0.6373115079365079,0.7963654911450364,0.8296381052420969,0.8713012477718359,0.7740798073615411
4,0.8906850459482039,0.7606753812636166,0.8233333333333333,0.7994689542483661,0.8197265588569936,0.7368181246857718,0.6351075268817205,0.8050651862017343,0.8192239858906526,0.9415343915343916,0.7636382623224729
5,0.8890931372549019,0.7425641025641027,0.8233494363929147,0.8050854700854702,0.8069392230576442,0.7692363530778166,0.6656393819855358,0.8027332144979203,0.8194644861311527,0.9375,0.8010461760461759
