,18A2,868Z11,A23,A6,NYE-S1,TCR2-T,TCR3,TCR6,TCR7,T1,FLT3DY
0,0.8072516206844566,0.7115242165242165,0.8196904946904947,0.7847743091786255,0.7380291005291005,0.7288104877578562,0.6292145864756159,0.7411528757197386,0.7875183784919134,0.88469868173258,0.8579583167396788
1,0.8044465347454478,0.7591036414565826,0.8188545688545688,0.7875301932367149,0.8156807013160087,0.7346586162375636,0.6217622304578826,0.7331018518518518,0.7717842038776294,0.903529411764706,0.7972164711295147
2,0.8595825426944971,0.7765740740740741,0.8154589371980676,0.7915509259259258,0.8688965782391388,0.7155934343434344,0.6021794871794871,0.7548387096774194,0.812698143115942,0.9411255411255411,0.8970951529091065
