,18A2,868Z11,A23,A6,NYE-S1,TCR2-T,TCR3,TCR6,TCR7,T1,FLT3DY
0,0.8651528512639622,0.7189554130038806,0.8503888503888505,0.7667471819645733,0.8326205114497015,0.773526570048309,0.6983601194127509,0.7937822471983963,0.7337626262626262,0.9288389513108615,0.824239417989418
