,18A2,868Z11,A23,A6,NYE-S1,TCR2-T,TCR3,TCR6,TCR7,T1,FLT3DY
0,0.8637281910009182,0.727116379555404,0.8197431302270012,0.8050731446121517,0.7432017543859648,0.7038956639566396,0.6030712131069972,0.7670192307692307,0.8248269165822357,0.8599311701081612,0.7878132901978284
1,0.8898287385129491,0.7530769230769231,0.8215967177831583,0.8288574606705863,0.7325198578595318,0.7294629898403485,0.6671514759750053,0.7723931623931625,0.8046897546897546,0.9671361502347419,0.7574977106227107
