,18A2,868Z11,A23,A6,NYE-S1,TCR2-T,TCR3,TCR6,TCR7,T1,FLT3DY
0,0.7499756335282651,0.7039336232318689,0.8293436871603989,0.7617189132706373,0.6370713827235567,0.7393333333333333,0.6408857346357346,0.7721039284854152,0.737275707384403,0.8541035735917625,0.7403590425531915
1,0.8526172680496198,0.7266144349477682,0.8413014225297962,0.7981218434343434,0.7145593869731801,0.7487032487032487,0.590428486997636,0.7646890717878373,0.7828262354645706,0.8550950683303625,0.771140815000464
2,0.8781147963567623,0.7457799145299145,0.8303854875283446,0.8124829931972789,0.7744940592766679,0.7518796992481201,0.6259009532666822,0.7828967178560674,0.7671568627450981,0.8726551226551228,0.7672040603075084
