,18A2,868Z11,A23,A6,NYE-S1,TCR2-T,TCR3,TCR6,TCR7,T1,FLT3DY
0,0.778517447758166,0.6942080289221964,0.8314353946706888,0.8087285902503294,0.7477483974358975,0.7091289011578867,0.6101593199088726,0.7285858585858586,0.8230572268629398,0.8418615984405458,0.8014635514635516
