,18A2,868Z11,A23,A6,NYE-S1,TCR2-T,TCR3,TCR6,TCR7,T1,FLT3DY
0,0.8305704898446834,0.7451144094001236,0.8416823561054331,0.7798392084106371,0.777912087912088,0.7788296568627452,0.5630759395956965,0.7164207868155237,0.821621892542101,0.8530744336569579,0.7078066378066378
1,0.9014208173690932,0.810763888888889,0.8047675334909377,0.8013468013468014,0.831777155306567,0.7832446808510638,0.6429398148148148,0.7274630541871921,0.8309228650137741,0.9415204678362573,0.848478835978836
