,18A2,868Z11,A23,A6,NYE-S1,TCR2-T,TCR3,TCR6,TCR7,T1,FLT3DY
0,0.8037800451766373,0.7318055555555555,0.817512077294686,0.7412303895646043,0.6871108240593534,0.6554851684263449,0.6441561078622482,0.767215896020244,0.7696244855967077,0.8324449182658139,0.7418300653594772
1,0.8045200892857144,0.7390734265734267,0.8157242063492064,0.7654337658511435,0.7976892456601093,0.731788903528034,0.6851145260848766,0.7733060083502991,0.8275839591155613,0.8276365348399247,0.7516107404500261
2,0.8218489892984543,0.72375049193231,0.8106284740900126,0.7631205673758865,0.7805212620027434,0.7567476383265856,0.6804303116595475,0.7514416829109812,0.8164738354506959,0.8392810457516339,0.8358695652173913
3,0.8756977149834294,0.7426938657407408,0.8078905493289055,0.7940027808448861,0.8163004519245755,0.7626182811433031,0.6758951301634228,0.7468865587566595,0.8050553554755235,0.8119078380706287,0.8435219734660032
4,0.9020291877434734,0.7762438308656797,0.8104205900816069,0.789641577060932,0.8287477954144621,0.7547619047619047,0.6133928571428572,0.7782083333333333,0.786873840445269,0.8843915343915344,0.8112290008841733
