,18A2,868Z11,A23,A6,NYE-S1,TCR2-T,TCR3,TCR6,TCR7,T1,FLT3DY
0,0.8409064631749334,0.7031593406593406,0.8125304469613933,0.8000764408327433,0.66003496575202,0.6462573010823275,0.6611651439237646,0.7728600966305885,0.7520689696233583,0.8452892561983472,0.7475907029478458
1,0.8760504201680672,0.7209876543209877,0.8298344427376686,0.8001971326164874,0.722005772005772,0.6962102886631188,0.7061624649859944,0.7948717948717947,0.8275403608736941,0.8732142857142858,0.8316186556927297
