,18A2,868Z11,A23,A6,NYE-S1,TCR2-T,TCR3,TCR6,TCR7,T1,FLT3DY
0,0.8295803888689264,0.7255588252779264,0.8162321746880571,0.7739775345622119,0.72787518060857,0.661820063993977,0.6591705974842768,0.7365515621329575,0.7070165945165946,0.8669540229885057,0.7603806155530294
1,0.8258490704142879,0.6703142536475869,0.8380668934240364,0.7988304093567251,0.8272486772486772,0.6950056116722783,0.6426296566837107,0.7699264705882354,0.7834134615384615,0.903921568627451,0.7559984520123839
2,0.8054545454545453,0.7479674796747967,0.7916005291005291,0.7811965811965812,0.8641774891774893,0.7732426303854876,0.7222810111699,0.839336917562724,0.8260758848994142,0.9602987421383647,0.8310657596371883
