,18A2,868Z11,A23,A6,NYE-S1,TCR2-T,TCR3,TCR6,TCR7,T1,FLT3DY
0,0.8483076942898372,0.7030695078640283,0.7984504132231406,0.7671312542543137,0.7147541472729443,0.7297517297517299,0.6441811734364925,0.7404017289600814,0.835442281420765,0.8639967637540454,0.7275579975579977
1,0.8788329725829725,0.6960325710325709,0.7327160493827161,0.7926518883415435,0.7475535736405301,0.7637786596119929,0.6544560185185185,0.8182795698924731,0.8196195144724556,0.7886904761904762,0.7917150600077428
