,18A2,868Z11,A23,A6,NYE-S1,TCR2-T,TCR3,TCR6,TCR7,T1,FLT3DY
0,0.8223220322611803,0.6918162393162394,0.8045409451659452,0.7570920241374788,0.744952718676123,0.6936834094368342,0.638443072702332,0.7323479897009308,0.7851218740107629,0.8524305555555557,0.7489132420091323
