,18A2,868Z11,A23,A6,NYE-S1,TCR2-T,TCR3,TCR6,TCR7,T1,FLT3DY
0,0.8326192205277173,0.7637734441602729,0.8588630204483865,0.8130692893850787,0.7644101929816216,0.6862908555635666,0.6862127371273713,0.7418555300908243,0.8054252708835472,0.9596491228070175,0.7156053011316169
