,18A2,868Z11,A23,A6,NYE-S1,TCR2-T,TCR3,TCR6,TCR7,T1,FLT3DY
0,0.7794640794640794,0.6792638544251447,0.7623781676413254,0.7338789230533352,0.7019901128153124,0.755883495145631,0.6467399961768829,0.7638814704032096,0.7521567775571003,0.6465337132003799,0.7277008842752788
1,0.8448751911438479,0.7293609168609169,0.8238942826321466,0.8184857264840352,0.7544064153439153,0.7448031034987558,0.6691716269841269,0.7980982905982906,0.8112300705187335,0.8400305576776166,0.7648547254150703
2,0.8679021664283066,0.762248007501172,0.8120028409090909,0.8270744612208026,0.7475315071663956,0.7189898989898991,0.6777571580063627,0.8102370577860775,0.7881837691061184,0.8405882352941177,0.7589406207827261
3,0.8736225282611532,0.8243994567523979,0.861036036036036,0.8313191438191438,0.755042735042735,0.7245852187028659,0.6588872549019608,0.8235262103796588,0.7968518518518518,0.8178940568475452,0.7484737484737485
4,0.8871977210820701,0.8287545787545788,0.8426867545511613,0.8242602836512778,0.8142676767676768,0.7216386554621849,0.6429685324422166,0.79673721340388,0.8117965367965368,0.7428110328638496,0.7830473098330241
