,18A2,868Z11,A23,A6,NYE-S1,TCR2-T,TCR3,TCR6,TCR7,T1,FLT3DY
0,0.8324473395228112,0.7053260869565218,0.8141718106995884,0.7572293447293448,0.6404666761809619,0.7323735062293415,0.6279382831106969,0.7676470588235295,0.7521700521700522,0.8428684003152088,0.7709799861973775
