,18A2,868Z11,A23,A6,NYE-S1,TCR2-T,TCR3,TCR6,TCR7,T1,FLT3DY
0,0.8234126984126985,0.7820278679653679,0.8342345485202628,0.7614087301587302,0.7643883415435141,0.7461113350802929,0.619304347826087,0.7425231814026381,0.7732365482487401,0.8494318181818182,0.7372722175497616
1,0.8748997444649618,0.7113095238095237,0.8569272976680384,0.82027266441967,0.768181005985884,0.7896418732782369,0.6162875306372549,0.7581770081770082,0.8195601851851851,0.7889932185706834,0.837932389937107
