,18A2,868Z11,A23,A6,NYE-S1,TCR2-T,TCR3,TCR6,TCR7,T1,FLT3DY
0,0.8166626189732736,0.7050653594771242,0.8236878315499792,0.7702200022768672,0.7426932367149758,0.7373023504273505,0.6275431681681681,0.7450109270761445,0.7910074659639877,0.8912935323383085,0.6662778092006033
1,0.8167401874671976,0.7040712997641836,0.8390522875816995,0.7963554102218069,0.7444237086911266,0.7328429146610964,0.6250473484848486,0.7723044518751639,0.8047044101731601,0.9089254671881791,0.8381919553962565
2,0.8095379852345798,0.7014767932489452,0.8155656603932466,0.7812981806968856,0.7934555303602923,0.7255847953216374,0.6624412110523222,0.7676251642096045,0.8371950499143482,0.8932461873638345,0.8137752475101873
3,0.8563114276195236,0.7194758672699849,0.8400615746506158,0.7746790757381259,0.8199591315453384,0.7353233830845771,0.6588504088504088,0.7919753086419753,0.8564753560998867,0.860553206483439,0.8411058946270215
4,0.8625923361034165,0.7471988795518207,0.8271671455938697,0.7873799725651578,0.8202777777777778,0.7421671258034893,0.6347563352826511,0.7894505494505495,0.8470760233918129,0.8052662037037037,0.8400949384555942
