,18A2,868Z11,A23,A6,NYE-S1,TCR2-T,TCR3,TCR6,TCR7,T1,FLT3DY
0,0.8545953360768176,0.7105738760150525,0.8119192799070848,0.7937163846254754,0.6734461412770236,0.7425925925925926,0.6297946633312487,0.7084967320261436,0.7552564102564103,0.840661938534279,0.804314132659203
