,18A2,868Z11,A23,A6,NYE-S1,TCR2-T,TCR3,TCR6,TCR7,T1,FLT3DY
0,0.793695356930651,0.7375769186114013,0.83625,0.7464976207114571,0.6840690174023507,0.697604556803995,0.6112190852882342,0.7484369557645421,0.7248711605854462,0.9081017022193493,0.7835470085470085
1,0.8052530864197531,0.7134237574811345,0.8460114847101149,0.7764227642276422,0.7191358024691358,0.7504936002178649,0.5967857142857144,0.7828209205760226,0.7831316923932694,0.8984674329501917,0.7921957671957672
2,0.826984126984127,0.75997150997151,0.8015873015873015,0.7502564102564103,0.7615432098765432,0.7440656565656566,0.5725396825396826,0.7864488808227467,0.8137341153470184,0.8595959595959596,0.8559397163120567
