,18A2,868Z11,A23,A6,NYE-S1,TCR2-T,TCR3,TCR6,TCR7,T1,FLT3DY
0,0.8328213913009234,0.7560947824105719,0.8163497722321251,0.7802646502835539,0.7548987776928954,0.7614344503233391,0.6424049879821994,0.7468932748538011,0.7568369708994709,0.846161616161616,0.8019395134779751
1,0.8702469135802469,0.7755255255255254,0.7868312757201646,0.8106449106449105,0.748755057578587,0.8540558510638299,0.7149933399933399,0.728835978835979,0.7813888888888888,0.8422619047619048,0.7697866722256966
