,18A2,868Z11,A23,A6,NYE-S1,TCR2-T,TCR3,TCR6,TCR7,T1,FLT3DY
0,0.8144301622785228,0.741898345556882,0.8596556422643379,0.7936537088052239,0.7969121798749748,0.701502560228322,0.6356589147286822,0.7684331921406322,0.7200605936819172,0.8452892561983472,0.7481575963718821
1,0.881219512195122,0.7890259635542655,0.8622988505747126,0.7307942708333334,0.8400077272288226,0.7051486525170736,0.6426807760141093,0.7624895572263993,0.7227974186307519,0.8019179894179894,0.6471305031446541
