,18A2,868Z11,A23,A6,NYE-S1,TCR2-T,TCR3,TCR6,TCR7,T1,FLT3DY
0,0.8139220779220779,0.7329014939309056,0.8319615912208506,0.7734375,0.7242038439955106,0.7066197691197691,0.6705916305916305,0.7388075230092036,0.7674221625094924,0.8892040977147361,0.81537899543379
