,18A2,868Z11,A23,A6,NYE-S1,TCR2-T,TCR3,TCR6,TCR7,T1,FLT3DY
0,0.8667211740041929,0.6542020152101694,0.7922725194330132,0.8083466241360978,0.7612990196078432,0.7316393223956249,0.6233664498500104,0.7495051048242538,0.7706679894179894,0.8424743892829,0.8229139867935856
