,18A2,868Z11,A23,A6,NYE-S1,TCR2-T,TCR3,TCR6,TCR7,T1,FLT3DY
0,0.83226343816215,0.7141222222222222,0.7999172762103797,0.794863492063492,0.7303175386339685,0.704872723894463,0.6115620490620491,0.7076215942954449,0.7224693973634652,0.8528846153846154,0.8117808117808117
1,0.8254490607431784,0.7223484848484848,0.8569444444444444,0.8337754199823165,0.720036231884058,0.7246794871794874,0.5802780427967834,0.7075667388167388,0.8875283446712018,0.7470760233918128,0.7759740259740259
