,18A2,868Z11,A23,A6,NYE-S1,TCR2-T,TCR3,TCR6,TCR7,T1,FLT3DY
0,0.8449074074074074,0.7459259259259259,0.8070897932816538,0.8025591188856495,0.740379403794038,0.7093663911845729,0.6218776916451335,0.7488454469507101,0.7749513921732015,0.8521039603960396,0.7906746031746031
1,0.8855426747311826,0.7628205128205129,0.9253968253968253,0.7799326599326598,0.7818939393939394,0.7619662534435262,0.5923591658885777,0.8033416875522139,0.8568007662835249,0.8715277777777778,0.7719606782106782
