,18A2,868Z11,A23,A6,NYE-S1,TCR2-T,TCR3,TCR6,TCR7,T1,FLT3DY
0,0.8324327256944445,0.6930124223602485,0.807474804031355,0.7657762017336486,0.6768744438235964,0.7484066701588965,0.6189168727119392,0.7611966338259442,0.7877123266323828,0.8431955922865014,0.7769267546375981
1,0.9112041467304625,0.7533692722371969,0.8200942170240415,0.8057142857142857,0.7730935476930901,0.7538796768707483,0.6697942514474774,0.771384479717813,0.8148513045064769,0.8205357142857143,0.7435562521769419
