,18A2,868Z11,A23,A6,NYE-S1,TCR2-T,TCR3,TCR6,TCR7,T1,FLT3DY
0,0.8569843617920542,0.717536231884058,0.8166396103896104,0.7859225874867445,0.7003081232492998,0.6908963585434172,0.6204166666666666,0.7835297418630752,0.8203564727954973,0.8158869395711501,0.7694619514472456
