,18A2,868Z11,A23,A6,NYE-S1,TCR2-T,TCR3,TCR6,TCR7,T1,FLT3DY
0,0.8220558115719406,0.696997446997447,0.8297247765938468,0.7335915678524375,0.7106203007518798,0.7124934520691463,0.6476859903381643,0.7543601802861062,0.8102472046583075,0.853080808080808,0.804967174532392
1,0.8276709401709402,0.7890277777777778,0.8620833333333334,0.8443616029822927,0.8005215742057846,0.6988324175824175,0.6683532237071258,0.8129632889358289,0.8162593984962406,0.732473544973545,0.7779344193817878
