,18A2,868Z11,A23,A6,NYE-S1,TCR2-T,TCR3,TCR6,TCR7,T1,FLT3DY
0,0.841921368861024,0.7612985008818342,0.7780427631578947,0.7539538461538461,0.6949611600717652,0.7636461251167134,0.5715873015873015,0.7616822913433082,0.7542210144927536,0.8438016528925619,0.7478854943012649
1,0.8886382623224728,0.7634032634032634,0.7776923076923077,0.7842741935483871,0.8239538239538239,0.7781603012372242,0.5945604395604396,0.7680032974150621,0.7859868306296877,0.8418219461697722,0.7758211041229909
