,18A2,868Z11,A23,A6,NYE-S1,TCR2-T,TCR3,TCR6,TCR7,T1,FLT3DY
0,0.8560520519683283,0.7361462728551337,0.8346451997614789,0.7663600891861763,0.6797223047223047,0.696665907192223,0.6048148148148148,0.7364301421096554,0.7119876686306706,0.8498960190136661,0.7512626262626263
1,0.8722344322344323,0.6963869463869464,0.8724206349206348,0.7746854594680682,0.8001388888888888,0.7132575757575758,0.6814173480840148,0.7379044566544567,0.7242063492063492,0.9303030303030303,0.770940170940171
