,18A2,868Z11,A23,A6,NYE-S1,TCR2-T,TCR3,TCR6,TCR7,T1,FLT3DY
0,0.7958681916057749,0.6736981231826592,0.7682242990654206,0.7546671412320555,0.7326800614844093,0.7401620370370372,0.6310715090633954,0.7587020272854774,0.7822529353183869,0.8421041119860018,0.6961464915197871
1,0.8747522790328973,0.7171184418019861,0.8360942077980619,0.7916728962647331,0.7587627627627628,0.7186545729402871,0.6668718073180315,0.7786922725194331,0.7897648140848771,0.8466246624662467,0.7956247971437845
2,0.9111992945326278,0.776637474913337,0.8344907407407408,0.7997159090909092,0.8076446011228621,0.7271379139891252,0.6419956140350878,0.8015277777777777,0.8172368238075371,0.8202754036087371,0.7833092833092833
