,18A2,868Z11,A23,A6,NYE-S1,TCR2-T,TCR3,TCR6,TCR7,T1,FLT3DY
0,0.8048112436962853,0.746837057443118,0.8029605263157894,0.7398411429365962,0.6710243597237201,0.7145459401709403,0.6224315342089285,0.7388585393904542,0.7485718673218673,0.8384861407249468,0.8350188781014024
1,0.8219718814441999,0.7698561322156827,0.818268469003763,0.7945214367279144,0.7703136810279667,0.6474824274337082,0.6717474163126337,0.7526098739248264,0.7429074397824399,0.8352636534839925,0.7884334742351046
2,0.836566091954023,0.7577777777777778,0.810905612244898,0.7804557865994539,0.7711148648648648,0.6681919642857143,0.6699567554932212,0.7621197510300691,0.8290113073544528,0.8477647764776478,0.7627985626717396
3,0.8573578595317727,0.7823507180650037,0.8111243216877021,0.766781537176274,0.7676877470355731,0.7708848245180425,0.6619303635432668,0.7841951057494988,0.8472822952710496,0.8141176470588235,0.7836119490531255
4,0.8555124892334195,0.7710084033613445,0.7837881741390514,0.8298237753882916,0.851468253968254,0.8105867346938775,0.6815157014794039,0.785230352303523,0.8259168035030106,0.81105743424584,0.76811753902663
5,0.8443043884220355,0.7777777777777778,0.7658361018826135,0.8374218374218375,0.8811470333209463,0.8214728682170542,0.6930473372781064,0.8055555555555555,0.8332281144781145,0.8098233003893381,0.7793771043771044
