,18A2,868Z11,A23,A6,NYE-S1,TCR2-T,TCR3,TCR6,TCR7,T1,FLT3DY
0,0.8220173160173161,0.7475925925925925,0.8506944444444443,0.7922089398759601,0.7278528528528528,0.7607373697401397,0.6602132435465768,0.7336559517242532,0.7792219171680589,0.9115204678362573,0.714836492010405
