,18A2,868Z11,A23,A6,NYE-S1,TCR2-T,TCR3,TCR6,TCR7,T1,FLT3DY
0,0.7890412057078725,0.6738621151271754,0.810588151013683,0.7454717948717948,0.7526272577996717,0.7154195011337868,0.62983789260385,0.7136730715678082,0.7923284760170005,0.8500204750204751,0.6838396897220426
1,0.8894918173987941,0.7575617283950619,0.7875855327468231,0.78668458781362,0.798537037037037,0.673617158522819,0.5969596171802055,0.7405842021226636,0.7933950617283951,0.8536382850241546,0.7558870438127405
