,18A2,868Z11,A23,A6,NYE-S1,TCR2-T,TCR3,TCR6,TCR7,T1,FLT3DY
0,0.7938684210526317,0.6826633581472291,0.7963659147869674,0.7358436457174639,0.6983281925606682,0.75370355987055,0.6519171339365363,0.762020202020202,0.7242583167825223,0.6483570750237417,0.732314494425221
1,0.8566920518207284,0.7309842934842935,0.8246162718481059,0.8128989361702127,0.7386689475399152,0.7443200117113161,0.6710145757020758,0.7996334118879287,0.8170385327757729,0.8402852049910874,0.788641975308642
2,0.8658877860490763,0.7613572433192687,0.8122077677224736,0.8308591992802518,0.7556938277019413,0.7243428493428493,0.6695502645502646,0.8036701860231273,0.8098509349998784,0.8409150326797387,0.7819680319680319
3,0.8817426400759735,0.827940577940578,0.8374671371246714,0.8289372343085771,0.7577777777777778,0.7256025867136978,0.6621974206349206,0.8097025345441954,0.7897571309225445,0.819186046511628,0.7546679557677202
4,0.882979641131815,0.8347301587301588,0.8322988505747126,0.8243098688750862,0.8220643520566121,0.7191111111111111,0.641298185941043,0.8027115161261502,0.802164826921016,0.816765873015873,0.7600649350649351
