,18A2,868Z11,A23,A6,NYE-S1,TCR2-T,TCR3,TCR6,TCR7,T1,FLT3DY
0,0.8460431303669008,0.7133133133133133,0.8456843521722414,0.8125303840544483,0.7136629717274879,0.6499457332790666,0.6680328855505802,0.7992202729044835,0.7812908339224128,0.9086221122112211,0.828523206751055
1,0.9106076122205154,0.7625850340136054,0.8828400281888654,0.8221618357487923,0.8143518518518519,0.7076839826839828,0.6762512077294686,0.7699096880131363,0.8287373737373738,0.8686732554657084,0.8796626984126984
