,18A2,868Z11,A23,A6,NYE-S1,TCR2-T,TCR3,TCR6,TCR7,T1,FLT3DY
0,0.8728166758420498,0.7201356285863328,0.8174501424501424,0.7893298059964726,0.7291499732905984,0.763390522875817,0.5384653609161659,0.73555121349239,0.7809354128940553,0.8132553606237817,0.8385780885780886
