,18A2,868Z11,A23,A6,NYE-S1,TCR2-T,TCR3,TCR6,TCR7,T1,FLT3DY
0,0.8342858806695285,0.7102248677248677,0.8027608401084011,0.7636837121212121,0.5738535414165667,0.7330218662598526,0.6255565910738325,0.7658660130718955,0.7468300929839392,0.8410559495665879,0.7707453416149068
