,18A2,868Z11,A23,A6,NYE-S1,TCR2-T,TCR3,TCR6,TCR7,T1,FLT3DY
0,0.8367003367003366,0.7503285543608125,0.8536309523809523,0.8169789999058291,0.8042807539682539,0.7474131944444444,0.6061394432126139,0.7684671650188891,0.8091216216216216,0.9382575757575758,0.8129553734061931
