,18A2,868Z11,A23,A6,NYE-S1,TCR2-T,TCR3,TCR6,TCR7,T1,FLT3DY
0,0.840128368864001,0.6927862811791384,0.8473800505050506,0.7743859193911088,0.6847462061747777,0.702025462962963,0.6578869395711501,0.7539612097304405,0.7568745215804039,0.8533950617283951,0.8368067751629397
