,18A2,868Z11,A23,A6,NYE-S1,TCR2-T,TCR3,TCR6,TCR7,T1,FLT3DY
0,0.8324223819506837,0.7123677248677248,0.8074524176954734,0.76333648989899,0.662379797979798,0.7366450546656497,0.630549268480303,0.7676910764305722,0.7467244294167372,0.8410559495665879,0.7727743271221531
