,18A2,868Z11,A23,A6,NYE-S1,TCR2-T,TCR3,TCR6,TCR7,T1,FLT3DY
0,0.8492673413451403,0.6976527777777778,0.8062290969899665,0.7620721334489451,0.7635015687074435,0.6791108665076745,0.5956894841269842,0.7640090090090089,0.7823971421532397,0.8414714714714715,0.766558054348752
1,0.8527777777777779,0.7388253968253968,0.8092948717948718,0.8242280742280742,0.7934036054169535,0.6799428104575164,0.5891544117647058,0.8273415977961432,0.7567564549271867,0.8191089640365002,0.762298669467787
