,18A2,868Z11,A23,A6,NYE-S1,TCR2-T,TCR3,TCR6,TCR7,T1,FLT3DY
0,0.827011928763441,0.7135851952925124,0.8282058940661091,0.7840489590898088,0.6940303058020062,0.7263615866976679,0.6309150326797386,0.7273779983457404,0.7922445587242221,0.8384684684684686,0.7439567621920563
1,0.887842316413745,0.77715837621498,0.906838190649666,0.7873024425287355,0.8478934137757667,0.7258986928104575,0.6672247023809524,0.7370053814498259,0.8235772357723578,0.8684523809523809,0.7232323232323231
