,18A2,868Z11,A23,A6,NYE-S1,TCR2-T,TCR3,TCR6,TCR7,T1,FLT3DY
0,0.7799203049203048,0.6777584780810587,0.7601503759398497,0.734920345636584,0.7020098308474528,0.7502061337355456,0.6448549870438809,0.7627686975513063,0.7459019502372283,0.6472934472934472,0.7343329488658208
1,0.8445081062728121,0.730512543012543,0.8201023176751333,0.8198991921277011,0.7403836754643206,0.7416933936549067,0.6733988833628689,0.7957264957264957,0.8072040521266827,0.8394703335879807,0.7866666666666667
2,0.8775897846209889,0.7687220187220186,0.8119081439393939,0.8269146863804239,0.7631237006237006,0.7196565656565657,0.6700088183421516,0.8008241758241758,0.7872465291464109,0.8405882352941177,0.7797440654583512
3,0.8998354586589881,0.7994791666666666,0.8629879879879879,0.8255718954248366,0.7792623146819704,0.7198052832244008,0.6638595116855986,0.8167956157317859,0.792255363683935,0.819186046511628,0.7494366744366744
4,0.8977072310405644,0.8068594104308389,0.8335216572504708,0.820807453416149,0.8268707482993197,0.7216388888888888,0.6406295093795094,0.8034821145932257,0.8197530864197532,0.8183531746031746,0.7808055040197898
