,18A2,868Z11,A23,A6,NYE-S1,TCR2-T,TCR3,TCR6,TCR7,T1,FLT3DY
0,0.8592043224099676,0.6903503341428957,0.8127936801066995,0.766785831689678,0.681065168353304,0.7487820848611838,0.6076275084813985,0.7618534482758621,0.7852059633265805,0.8438016528925619,0.7726333907056798
1,0.9064685314685313,0.7571499013806706,0.8730555555555556,0.8263012065095398,0.790520057110446,0.7417024101307189,0.6319444444444445,0.7770180436847104,0.8105820105820106,0.8189484126984127,0.7461250435388367
