,18A2,868Z11,A23,A6,NYE-S1,TCR2-T,TCR3,TCR6,TCR7,T1,FLT3DY
0,0.830981182795699,0.6964833520389075,0.8076801045166105,0.765056474914631,0.6702175697865352,0.750373789530416,0.6124432177563107,0.7584051724137931,0.7777236498464118,0.8425895316804408,0.7720596672403902
1,0.8920542635658916,0.7601826894279724,0.8226933073424302,0.8084795321637427,0.7623498498498499,0.7761745323129251,0.6117026748971194,0.7815787310979618,0.8517423827768655,0.8173611111111111,0.7466039707419018
