,18A2,868Z11,A23,A6,NYE-S1,TCR2-T,TCR3,TCR6,TCR7,T1,FLT3DY
0,0.8075132275132275,0.7301954732510288,0.7906114718614718,0.7734283467347168,0.783743686868687,0.6937009803921569,0.6573576799140709,0.7305133477090751,0.7501686909581645,0.8371158392434989,0.7530359937402191
