,18A2,868Z11,A23,A6,NYE-S1,TCR2-T,TCR3,TCR6,TCR7,T1,FLT3DY
0,0.8331211939702504,0.7079497354497354,0.8173064557613169,0.7658780802924308,0.6633333333333334,0.7393910500889906,0.6308821136407344,0.7607843137254902,0.7517962806424346,0.8424743892828999,0.772360248447205
