,18A2,868Z11,A23,A6,NYE-S1,TCR2-T,TCR3,TCR6,TCR7,T1,FLT3DY
0,0.8560674307258562,0.6682705026455027,0.8374926513815403,0.7812091009765428,0.8289502546024284,0.7003783969728241,0.673627564847077,0.740073145245559,0.7934472934472936,0.8475146198830409,0.7734969558599696
