,18A2,868Z11,A23,A6,NYE-S1,TCR2-T,TCR3,TCR6,TCR7,T1,FLT3DY
0,0.8429761904761905,0.7179824561403509,0.8421717171717171,0.7785470085470085,0.8150362318840579,0.6909318475452197,0.6883333333333335,0.7805788982259569,0.8061568061568062,0.827485380116959,0.8391405342624857
