,18A2,868Z11,A23,A6,NYE-S1,TCR2-T,TCR3,TCR6,TCR7,T1,FLT3DY
0,0.8363830613830614,0.7450396825396827,0.8393363728470112,0.7885282318055428,0.743646978021978,0.7327718521108973,0.6518766983695651,0.6874040875229936,0.8030730897009967,0.8386776859504131,0.7293512366186784
1,0.8854723707664883,0.7284313725490196,0.7476817353866534,0.8452380952380953,0.7955344311118037,0.7562489920980487,0.6670198488380307,0.7115984405458091,0.8109217171717171,0.8034013605442176,0.8718808851224105
