,18A2,868Z11,A23,A6,NYE-S1,TCR2-T,TCR3,TCR6,TCR7,T1,FLT3DY
0,0.857877800730971,0.6632449757449758,0.8226729772368717,0.7974080426910616,0.6477389163792672,0.7462353801169591,0.6558825690770136,0.7338720538720539,0.7752091792789466,0.8243137254901961,0.7567619047619049
1,0.8799019607843137,0.69375,0.8784271284271284,0.8395010964912281,0.7023601398601399,0.7445887445887446,0.6774669774669775,0.7767695099818512,0.7391928953898393,0.8360849056603774,0.8905555555555557
