,18A2,868Z11,A23,A6,NYE-S1,TCR2-T,TCR3,TCR6,TCR7,T1,FLT3DY
0,0.8267651888341544,0.7074390629946185,0.8244723217841496,0.7951816797572491,0.6913606403013182,0.712717086834734,0.6318200769420282,0.7247858074129261,0.7306451612903228,0.8156906906906906,0.7533506944444444
1,0.8653026427962489,0.7632897603485839,0.8574074074074073,0.8045547385620916,0.7706485671191553,0.6663419913419913,0.620222364308042,0.744297092123179,0.800997150997151,0.8757335680751174,0.8652614379084967
