,18A2,868Z11,A23,A6,NYE-S1,TCR2-T,TCR3,TCR6,TCR7,T1,FLT3DY
0,0.8452217425431711,0.6981682496607869,0.8147916666666667,0.7615476591715217,0.7097222222222223,0.7035768645357686,0.664170603794933,0.76044061302682,0.7755017709563163,0.8096491228070176,0.7639543378995435
