,18A2,868Z11,A23,A6,NYE-S1,TCR2-T,TCR3,TCR6,TCR7,T1,FLT3DY
0,0.7965141727558332,0.6782646048109965,0.7682020471740098,0.7689321198964683,0.6991567408399796,0.7414641203703703,0.625171998624011,0.7594989162310339,0.7931006327822004,0.8421041119860018,0.6966868972397737
1,0.8667742803336024,0.7217094017094018,0.8358688302907371,0.7691409637061811,0.7194394529300189,0.7162385129490393,0.6668255784388508,0.7813786008230453,0.7921584947538337,0.8456645664566458,0.795170399221032
2,0.9029287439613526,0.7709770114942529,0.8361855158730158,0.796276254609588,0.7694055662805663,0.7294891640866873,0.6416040100250627,0.7933105120524889,0.8239415430904792,0.8188509021842355,0.7806036556036556
