,18A2,868Z11,A23,A6,NYE-S1,TCR2-T,TCR3,TCR6,TCR7,T1,FLT3DY
0,0.8587382671669873,0.747027972027972,0.8014611308329475,0.775632183908046,0.7168963831867057,0.7837768440709617,0.6601124137598302,0.7300523848910946,0.8045729905437353,0.8457207207207208,0.7259455660618451
1,0.8909268119794436,0.7366255144032922,0.8259562841530054,0.7324861518409905,0.7756111111111111,0.8392969240426869,0.7090909090909091,0.722473604826546,0.7766233766233767,0.8365646258503402,0.7313923549217667
