,18A2,868Z11,A23,A6,NYE-S1,TCR2-T,TCR3,TCR6,TCR7,T1,FLT3DY
0,0.7936052631578946,0.6752853598014888,0.7611528822055137,0.7351344158342518,0.7015957521725046,0.748381096028155,0.6504701903062742,0.7616341189674523,0.7246100215160544,0.6490408357075025,0.7316416762783545
1,0.8529849439775911,0.7303599178599178,0.8209195515020756,0.7990630044390638,0.7412308569566634,0.7407163540848042,0.6706330128205128,0.7764894419306184,0.8165707166179756,0.8405907817672524,0.7669061302681993
2,0.8585580821434866,0.7609353023909987,0.8127604166666668,0.8019174603174603,0.7593485980909916,0.7235140985140985,0.6669877459644162,0.799623352165725,0.8075407922573742,0.8422222222222223,0.7725250939536653
3,0.8757350106034316,0.8227866904337492,0.8601351351351351,0.7877999025697235,0.7575921855921856,0.7183074618736383,0.661520981669444,0.814816091954023,0.7888172812984843,0.8204780361757106,0.7492715617715616
4,0.8877854171971818,0.8286647992530346,0.8372881355932204,0.8273772204806688,0.8202758881330309,0.7212222222222223,0.6402399848828421,0.7993096646942801,0.8132040450588839,0.8189484126984127,0.7803803339517624
