,18A2,868Z11,A23,A6,NYE-S1,TCR2-T,TCR3,TCR6,TCR7,T1,FLT3DY
0,0.9072610159566681,0.6738721804511277,0.803014553014553,0.7909512299756201,0.7562960687960688,0.7320216049382716,0.6782943469785575,0.7563307493540051,0.7141677766677766,0.8533333333333332,0.7642904104442566
