,18A2,868Z11,A23,A6,NYE-S1,TCR2-T,TCR3,TCR6,TCR7,T1,FLT3DY
0,0.8132122507122507,0.7680860805860806,0.8226337448559672,0.8236666666666667,0.7851851851851852,0.6875734085036411,0.641855072463768,0.7134081196581197,0.7998015873015873,0.9795918367346939,0.7068306580501703
