,18A2,868Z11,A23,A6,NYE-S1,TCR2-T,TCR3,TCR6,TCR7,T1,FLT3DY
0,0.8141631652661064,0.7017146776406036,0.8403837263060564,0.7607029727095517,0.720525027261194,0.7246252204585538,0.6788251180101671,0.7648685515873016,0.7455030403537867,0.8494676227727075,0.8120803624480094
1,0.8542089985486211,0.6847435897435897,0.873157894736842,0.7587146980004124,0.786016593152699,0.7714271778363088,0.6965394254867938,0.8228349031920462,0.7825854700854701,0.807687338501292,0.7873376623376623
2,0.9011437908496732,0.7916666666666666,0.8763931104356636,0.7652763902763903,0.8467033844189017,0.7848324514991182,0.6760697032436163,0.8799319727891156,0.7464225589225589,0.9909090909090909,0.8285039260649016
