,18A2,868Z11,A23,A6,NYE-S1,TCR2-T,TCR3,TCR6,TCR7,T1,FLT3DY
0,0.7976825867485614,0.6639854536489151,0.769592790387183,0.7720909521026411,0.699160229707005,0.7395833333333334,0.6316864676905244,0.7525108225108226,0.7920963461931007,0.8421041119860018,0.6917470346968185
1,0.8626847290640395,0.7250055518543194,0.8382127563669147,0.7840424873033568,0.7132905013857395,0.7142021720969088,0.6668255784388508,0.7815332815332815,0.7940585485606673,0.8466246624662466,0.7914053878610839
2,0.895765959995209,0.7594135802469136,0.8365988756613757,0.7925770308123249,0.7678537742204976,0.7291451668386651,0.6435881370091897,0.7823160612207266,0.8263915753277455,0.8188509021842355,0.7872174122174123
