,18A2,868Z11,A23,A6,NYE-S1,TCR2-T,TCR3,TCR6,TCR7,T1,FLT3DY
0,0.7976149226149226,0.7071078431372548,0.8353022649503014,0.7785175492610837,0.7201673215870198,0.6849220713926596,0.6743777675981066,0.7362105188192145,0.7863007458259176,0.8544575725026853,0.7621163558663558
1,0.8173032849503438,0.7094169875068751,0.8630569306930692,0.8021531198686372,0.7722582972582973,0.6929512516469037,0.6824922299922299,0.7359736417428725,0.7711190855927699,0.8637519175980715,0.7511559696342305
2,0.8632658769653091,0.7232935414753596,0.8731481481481481,0.8040490887713111,0.8141884022387167,0.6940845704003599,0.6923737373737374,0.7524301494476934,0.8078022303211538,0.8871153846153845,0.7739389233954451
3,0.8515705128205129,0.751703477443609,0.8648276375549102,0.8161206077872745,0.8409303412809724,0.7201333184789066,0.6783444475752168,0.772884525479196,0.8048921130952381,0.9516339869281046,0.7620802868249843
4,0.8419886828977737,0.7544684540482859,0.8704637096774194,0.8616845878136202,0.8367763772175536,0.7509469696969697,0.7123354759718395,0.7780546701439196,0.7841209205810223,0.9410628019323672,0.7647156084656084
