,18A2,868Z11,A23,A6,NYE-S1,TCR2-T,TCR3,TCR6,TCR7,T1,FLT3DY
0,0.7661394426100309,0.718073674214025,0.8276257231864709,0.7897352838732149,0.701887562493623,0.6617446808510639,0.6369264069264069,0.789155844155844,0.7764015151515151,0.8292869641294839,0.8005492977332778
1,0.8447570487111792,0.6675073099415204,0.8229683195592287,0.8079999999999999,0.814474678760393,0.7022608604845447,0.6625501202886929,0.7655914843414844,0.8295588778146917,0.8392810457516339,0.8063990103463787
2,0.8814888010540184,0.7451267056530214,0.8159105851413543,0.8213815789473684,0.8052353896103895,0.697110423116615,0.6931523022432113,0.7789758950221081,0.8080163335482484,0.8523929773929774,0.8300462249614792
