,18A2,868Z11,A23,A6,NYE-S1,TCR2-T,TCR3,TCR6,TCR7,T1,FLT3DY
0,0.7978257103257104,0.6932415059687788,0.8149275362318841,0.7316013987607072,0.670078675961029,0.7373604826546002,0.579552767052767,0.7622149742697689,0.6997397397397398,0.8552929943907387,0.7680347379336349
1,0.817731941261353,0.7143562057355161,0.8382788671023965,0.7433397839058218,0.7557400006420134,0.7794352617079889,0.6261752136752137,0.7416083916083916,0.7802433598747399,0.8551756885090219,0.7718649355877617
2,0.8632658769653091,0.6948572261072261,0.8174517988471477,0.7745726495726496,0.8316036036036035,0.7449079514296905,0.6580936562053793,0.8057899954451679,0.8343931475029036,0.8554040404040403,0.7674362674362674
3,0.856517094017094,0.7223071046600458,0.803641975308642,0.7835692462389295,0.8342698868165153,0.7375992063492064,0.6724855006105006,0.8032371463077985,0.8504545454545455,0.8356349206349206,0.7750700280112044
4,0.845037584168019,0.7515277777777777,0.8194444444444445,0.80304775869292,0.856875093717199,0.7549167479963327,0.7058593750000001,0.787425320056899,0.8313066036643274,0.8580917874396136,0.7900930487137385
5,0.8588157485216309,0.8034900284900285,0.7515432098765432,0.8055926916221035,0.8984962406015038,0.7746639325586694,0.628015350877193,0.7924382716049383,0.8385441718775052,0.8866161616161615,0.7698611111111111
