,18A2,868Z11,A23,A6,NYE-S1,TCR2-T,TCR3,TCR6,TCR7,T1,FLT3DY
0,0.8618640296406689,0.6966522215343588,0.8137785985431415,0.7626241134751774,0.678429150886778,0.7511039830316939,0.6115687232859909,0.7626436781609196,0.7717695773961758,0.8396696696696697,0.7724995218971124
1,0.9007101086048453,0.7592842168313867,0.873611111111111,0.8221965572237805,0.7771453089244851,0.7600180697278911,0.5969485060394152,0.7802785691674581,0.8458310527276045,0.8157738095238095,0.7466475095785441
