,18A2,868Z11,A23,A6,NYE-S1,TCR2-T,TCR3,TCR6,TCR7,T1,FLT3DY
0,0.8284820338391766,0.7703048605119355,0.8499374021909233,0.7792200854700856,0.7992461197339246,0.6749829118250171,0.6283783783783784,0.7389953768635396,0.7053345959595959,0.8965537730243612,0.7182812500000001
