,18A2,868Z11,A23,A6,NYE-S1,TCR2-T,TCR3,TCR6,TCR7,T1,FLT3DY
0,0.8155862371246987,0.7322222222222222,0.8239849036959916,0.7470586501620985,0.7445830060225189,0.646122600425723,0.6663588796552785,0.7312494246524901,0.7129347119812414,0.8538011695906432,0.6275830197398825
1,0.8057547759040297,0.7585216012683315,0.8184878117913833,0.7563095238095238,0.7279733443924018,0.6741600790513834,0.6451837878008346,0.7625338753387534,0.8086407808737531,0.8317325800376647,0.6859848484848485
2,0.8445051290836171,0.7880952380952381,0.815959653092006,0.795520895448221,0.7818345729096237,0.6995767195767195,0.6826660323037134,0.7743214913026234,0.8037686809616634,0.7535549671472003,0.78662695329362
3,0.8798996655518395,0.7870512820512819,0.8103286384976526,0.823287102892366,0.7846508330379297,0.733287467033597,0.6486217675475988,0.8043728880938185,0.8285417341539789,0.7960640891675376,0.7997057587221521
4,0.8860507246376811,0.789802336028751,0.805103668261563,0.8701206140350877,0.8260523262860803,0.731581311769991,0.6774081774081774,0.8157407407407408,0.8546777296777298,0.8137715179968702,0.7770975056689343
