,18A2,868Z11,A23,A6,NYE-S1,TCR2-T,TCR3,TCR6,TCR7,T1,FLT3DY
0,0.8724907489275305,0.644790294246816,0.8229861111111112,0.7376779495080811,0.7726749482401657,0.7390469416785207,0.6596218827882513,0.7575056116722783,0.7975418871252203,0.8825536062378169,0.7642783882783882
