,18A2,868Z11,A23,A6,NYE-S1,TCR2-T,TCR3,TCR6,TCR7,T1,FLT3DY
0,0.8710491182314953,0.7350279988211024,0.8201117403483131,0.769930739758326,0.748748849516797,0.7414502164502164,0.5940357081248923,0.7130047340573658,0.825220458553792,0.9066045066045065,0.6784475186649099
1,0.8701943601842489,0.7403703703703703,0.7986625514403292,0.7911473922902493,0.7775198938992043,0.7392678600225769,0.6553700427539436,0.6852801519468187,0.8057323232323231,0.971830985915493,0.7330428467683371
