,18A2,868Z11,A23,A6,NYE-S1,TCR2-T,TCR3,TCR6,TCR7,T1,FLT3DY
0,0.8444126460737653,0.6924139244725941,0.8080720418066444,0.7634489099028107,0.6784265640197845,0.752234044402719,0.605725183524045,0.7344122180187753,0.7767561130732487,0.8434710743801652,0.7746892331229681
1,0.9003527336860669,0.7572626534890685,0.8173326835607538,0.8057142857142857,0.7754601107003852,0.7765731292517007,0.620679012345679,0.7546075837742504,0.8534156217345871,0.8163690476190476,0.7460815047021944
