,18A2,868Z11,A23,A6,NYE-S1,TCR2-T,TCR3,TCR6,TCR7,T1,FLT3DY
0,0.8522518080210388,0.687038409796008,0.8292233560090704,0.8245318533598307,0.7295424836601306,0.6879354182557843,0.5731547619047618,0.7698726394378569,0.805828373015873,0.8097465886939572,0.8180708180708182
