,18A2,868Z11,A23,A6,NYE-S1,TCR2-T,TCR3,TCR6,TCR7,T1,FLT3DY
0,0.771063074352548,0.718329007539241,0.8342077936273705,0.7799689902722909,0.6818313557010365,0.7377359430250511,0.6463373848564767,0.7376803751803752,0.7488594738594738,0.8322547822547822,0.7136669530355096
1,0.8417052943587803,0.7107222635889799,0.8285767154301636,0.7960358796296297,0.7941330891330892,0.705516194331984,0.6658638583638584,0.7260718462823726,0.7815576165866863,0.8276627662766277,0.8842432766483399
2,0.8658772150835642,0.7614981785063754,0.8051670551670552,0.8045504385964911,0.8107007575757575,0.6784722222222221,0.6505208333333333,0.7430118274196236,0.8406084656084656,0.816951566951567,0.8379393825064453
