,18A2,868Z11,A23,A6,NYE-S1,TCR2-T,TCR3,TCR6,TCR7,T1,FLT3DY
0,0.8535614455425776,0.7031481481481482,0.8284519300144301,0.790028912311521,0.7820033141461712,0.7224372205022359,0.6435488518821852,0.7912788600288602,0.7789656432748537,0.8218785796105385,0.8043400842313887
