,18A2,868Z11,A23,A6,NYE-S1,TCR2-T,TCR3,TCR6,TCR7,T1,FLT3DY
0,0.8443330285161711,0.6960172706636825,0.8086132885405002,0.7695073375262055,0.679864862068252,0.7466450216450217,0.6084876277001515,0.760632183908046,0.7776086279922597,0.8425895316804408,0.7778542742398163
1,0.8932350718065004,0.7583108715184187,0.822043534762833,0.8191767909509845,0.775244968608813,0.7742919389978212,0.5746031746031747,0.7762949039264829,0.8564851097178683,0.8141865079365079,0.7456025774991293
