,18A2,868Z11,A23,A6,NYE-S1,TCR2-T,TCR3,TCR6,TCR7,T1,FLT3DY
0,0.8367043877904959,0.7714783159227604,0.8079477086533537,0.7902614379084968,0.7368654368654369,0.7748663101604278,0.682931783824641,0.785303776683087,0.7994472919216645,0.8529797979797981,0.8152881758764111
1,0.8628747795414462,0.7354875283446711,0.8179786369441541,0.7966410650281618,0.7795448079658606,0.8243284493284494,0.6730499438832772,0.7638796296296295,0.790444734804491,0.8256172839506174,0.8627409297052154
