,18A2,868Z11,A23,A6,NYE-S1,TCR2-T,TCR3,TCR6,TCR7,T1,FLT3DY
0,0.8237514934289129,0.7432277318640955,0.839214135021097,0.7874762583095917,0.7799084273992474,0.7158511065244811,0.6614688055482706,0.7786899091246916,0.7654627640529896,0.9305555555555555,0.7084090018872627
