,18A2,868Z11,A23,A6,NYE-S1,TCR2-T,TCR3,TCR6,TCR7,T1,FLT3DY
0,0.8242349048800662,0.7211042311661506,0.8055394804526749,0.7881640323500788,0.7678045358896423,0.7354499828548272,0.6392390504232609,0.7464186015412132,0.7895800106326423,0.8333333333333334,0.7328703703703704
