,18A2,868Z11,A23,A6,NYE-S1,TCR2-T,TCR3,TCR6,TCR7,T1,FLT3DY
0,0.8639675623335754,0.7691546102008878,0.8111519607843137,0.8038415159345392,0.7677655677655677,0.6905960648148147,0.6513102701383487,0.7630751406818934,0.8175944524151123,0.8189716312056737,0.7758255575408644
