,18A2,868Z11,A23,A6,NYE-S1,TCR2-T,TCR3,TCR6,TCR7,T1,FLT3DY
0,0.7720008766162613,0.6785525227460711,0.7595934280144806,0.7497760094311818,0.7027901015478655,0.7551067961165048,0.6479825092391996,0.7628221106481976,0.7523153894957519,0.6456600189933523,0.7309688581314878
1,0.833101779036035,0.7300130425130424,0.8228155339805824,0.8058858501783591,0.7479920666142145,0.7441516615429659,0.6689312423687422,0.7966025641025641,0.8124347865535544,0.8394703335879807,0.7651101532567051
2,0.8702859879584017,0.7691968525301859,0.8124289772727273,0.7837342079689019,0.7593974113370665,0.7187171717171718,0.6769145189310106,0.8091088287166718,0.7896465641834188,0.8405882352941177,0.7571974808816915
3,0.8774154589371981,0.7944947209653092,0.8215608465608465,0.8312698412698412,0.7632072552887031,0.7178308823529411,0.6598069105691057,0.8230472831765935,0.7944444444444444,0.819186046511628,0.7524475524475526
4,0.9019092446563564,0.808390022675737,0.8501149425287357,0.8320987654320988,0.8206933815192744,0.7195277777777777,0.6324588477366255,0.7970238095238095,0.8168927648578812,0.8183531746031746,0.7585851648351648
