,18A2,868Z11,A23,A6,NYE-S1,TCR2-T,TCR3,TCR6,TCR7,T1,FLT3DY
0,0.8069683963436051,0.6803208365708366,0.8034515636918383,0.7468237198219665,0.7022874149659865,0.7452026802754959,0.58648899114818,0.7372996372996372,0.7540913947163949,0.856486454230815,0.6238622181545885
1,0.8232716437733739,0.7424553415932728,0.8186613144137415,0.7774210398909401,0.6998582979078103,0.7218123261601521,0.5974548250672819,0.7561306423611112,0.780126230334031,0.8571691718243443,0.7451783580815837
2,0.812214151197202,0.730291889483066,0.8049673485066743,0.8076122931442081,0.7332247370827618,0.7323898265353961,0.6007295173961841,0.7739877769289535,0.7942982456140352,0.8470862470862471,0.8092881099210213
3,0.8538333333333332,0.7712820512820513,0.7830246913580248,0.8200885668276973,0.7577651515151516,0.7365873015873016,0.598622033404642,0.7647001934235976,0.7877138600538253,0.8463672873311427,0.8017183554292929
4,0.8513479465860417,0.7912820512820513,0.865079365079365,0.8166556096122659,0.7886012328117591,0.787524366471735,0.6357593795093796,0.7706689677843523,0.7894377135756446,0.8532338308457711,0.8073853615520282
