,18A2,868Z11,A23,A6,NYE-S1,TCR2-T,TCR3,TCR6,TCR7,T1,FLT3DY
0,0.8791903858317521,0.6764583333333335,0.8023569023569023,0.822906728453955,0.7593984962406015,0.7463804713804714,0.6778143274853802,0.7548387096774194,0.680787037037037,0.844040404040404,0.7512673362027739
