,18A2,868Z11,A23,A6,NYE-S1,TCR2-T,TCR3,TCR6,TCR7,T1,FLT3DY
0,0.784920929848466,0.7370689655172414,0.8062313511371938,0.7729043058002416,0.7319457028759354,0.7018333333333332,0.5781474125565486,0.749767990342816,0.7783067452333046,0.875755857898715,0.6994384635832004
1,0.8340743543657175,0.7483974358974358,0.8051722582972584,0.7875879839115131,0.7469890255391745,0.7191463001274006,0.5778472183814808,0.7516041260558805,0.8014756170086234,0.9014423076923078,0.7211924854329919
2,0.8275880758807587,0.7402242506197881,0.8376782531194297,0.8326388888888889,0.7932978999222193,0.7408570265713122,0.6187064884433305,0.7586679116090881,0.8361543510877719,0.9050632911392406,0.676330657151353
