,18A2,868Z11,A23,A6,NYE-S1,TCR2-T,TCR3,TCR6,TCR7,T1,FLT3DY
0,0.8336273521505376,0.7056050288108958,0.8076987681970885,0.7646331236897274,0.67709691438505,0.7511126758114711,0.6100760929982941,0.7588977832512316,0.7708050271739131,0.8396696696696697,0.7744884299101167
1,0.8815331010452961,0.7567385444743935,0.8222059779077323,0.8132139767289934,0.7814836003051107,0.7757227891156463,0.6122685185185185,0.7742323520101299,0.8505747126436782,0.8157738095238095,0.7440787182166493
