,18A2,868Z11,A23,A6,NYE-S1,TCR2-T,TCR3,TCR6,TCR7,T1,FLT3DY
0,0.7726495726495727,0.6769809760132341,0.7613478139793929,0.7258917904079194,0.7042576865114576,0.7553190938511326,0.6463231702136698,0.7653889066932544,0.7270891950788921,0.8337597725657426,0.7322183775470972
1,0.8317255600992626,0.7306096681096682,0.8214589258278577,0.7836668847817408,0.7484879032258065,0.7444810423071293,0.6665655525030525,0.7986752136752137,0.8210847934241835,0.8331799254876179,0.7645992975734354
2,0.8791356492969397,0.762248007501172,0.8117660984848486,0.7927873309817755,0.7565115679339818,0.7346846846846846,0.6659347442680775,0.7997627064293731,0.8078325997616905,0.8445192307692307,0.7742614528328814
3,0.8908508158508158,0.8272079772079772,0.8440463645943098,0.7980608998636569,0.7842890087554721,0.7497956360435137,0.6568382352941177,0.8123318269180823,0.7926876876876877,0.812774806892454,0.7515540015540015
4,0.904657477025898,0.8257302921168468,0.8432517263025737,0.8137992831541219,0.8381263616557734,0.7374444444444445,0.6421702404158545,0.8054447610003166,0.7998126425545781,0.8075684380032206,0.7569444444444445
