,18A2,868Z11,A23,A6,NYE-S1,TCR2-T,TCR3,TCR6,TCR7,T1,FLT3DY
0,0.8265356438433361,0.7191729323308271,0.8232752438324727,0.8147760499734185,0.6255693581780538,0.718630816170862,0.6183068286726824,0.74576212491126,0.7902334792578696,0.8413711583924351,0.7506666666666666
