,18A2,868Z11,A23,A6,NYE-S1,TCR2-T,TCR3,TCR6,TCR7,T1,FLT3DY
0,0.8278977506918683,0.6342346720353592,0.8184486373165618,0.7647074767976406,0.6815075892615999,0.7332175925925926,0.6353452217649749,0.7236285560923242,0.8128153843697103,0.8606837606837607,0.718013468013468
1,0.79802932472424,0.611733809833225,0.8025054466230936,0.7845418470418472,0.7481479432179371,0.705787037037037,0.6493300968563337,0.7340787867103656,0.8069207027540362,0.8435294117647057,0.8156185300207038
2,0.8478411835748793,0.7145127118644067,0.7818181818181817,0.7994352711844973,0.7772595621432831,0.7269450949778818,0.6977222467934542,0.7063041125541125,0.7936337258917905,0.8512670565302143,0.8026980329611909
3,0.9018759018759018,0.7161033411033411,0.7654882154882156,0.8040458937198068,0.7986419753086421,0.7361111111111112,0.7186190476190477,0.7457966764418377,0.7452599864942081,0.9791666666666666,0.7958042973286877
