,18A2,868Z11,A23,A6,NYE-S1,TCR2-T,TCR3,TCR6,TCR7,T1,FLT3DY
0,0.8147505144032922,0.7023838932806324,0.8205500381970969,0.7442068458106367,0.7111664152840623,0.6741643236488596,0.6199637888317134,0.7561209551214095,0.7681748625376077,0.8652571428571428,0.6676234755070413
1,0.8166781818562486,0.7169046231546231,0.8377525252525254,0.7953777777777779,0.697526298487837,0.6975174445106771,0.5916302830496897,0.7634624756335283,0.7855230880230879,0.8699019607843136,0.7013553113553114
2,0.8598296957671958,0.7387736344537815,0.8367003367003368,0.7937714500214499,0.7365182995264297,0.7167618727598567,0.6468134025678782,0.7666666666666666,0.8073900772430184,0.8086322081575247,0.7792044741197284
3,0.8680246913580246,0.7934149184149183,0.9618055555555555,0.8230811334259611,0.7462321628988295,0.7152958152958154,0.6216666666666667,0.76701057855557,0.7758760683760683,0.8060699588477366,0.8161375661375662
