,18A2,868Z11,A23,A6,NYE-S1,TCR2-T,TCR3,TCR6,TCR7,T1,FLT3DY
0,0.8289385166804522,0.7468148148148148,0.8103913630229419,0.7469673202614379,0.7534832998542677,0.7494817927170869,0.6295331596874374,0.7617790295135833,0.7298877665544333,0.8941597796143251,0.8228921568627451
1,0.8590538847117796,0.7379730273752013,0.8281944444444446,0.7534986543637062,0.8211500974658869,0.7397959183673469,0.6967120181405896,0.79561846983485,0.722243329956096,0.8905753968253968,0.77118017018128
