,18A2,868Z11,A23,A6,NYE-S1,TCR2-T,TCR3,TCR6,TCR7,T1,FLT3DY
0,0.7952469201171944,0.6682589579224194,0.7685135736537605,0.7667537443399511,0.7005453099160578,0.7541504314391162,0.6317025660839047,0.70978483229576,0.7902469891814655,0.8426290463692038,0.6970333111628423
1,0.873411282864315,0.7250277592715966,0.8362519720531892,0.793163839706393,0.7130574452003023,0.7494784580498867,0.6669295934170076,0.7460714087400744,0.7980657780353521,0.8459645964596461,0.8131964730065997
2,0.9082892416225748,0.7903846153846154,0.868709935897436,0.7869031221303949,0.7532561887400596,0.7764477401129944,0.640455304928989,0.7663930688554492,0.8233182892757361,0.8188509021842355,0.810426392779334
