,18A2,868Z11,A23,A6,NYE-S1,TCR2-T,TCR3,TCR6,TCR7,T1,FLT3DY
0,0.7716649159663866,0.6688161375661376,0.8125608939227864,0.8225294948897434,0.7568504594820386,0.6926517867663149,0.6218470728793309,0.7147251530345443,0.8021528179422917,0.8805059523809525,0.7782921810699589
1,0.8582621082621084,0.658974358974359,0.7990079365079366,0.8357191152322998,0.8269510582010581,0.7511087768440708,0.6450396825396826,0.7495625942684766,0.8207070707070706,0.903755868544601,0.7743932379349046
