,18A2,868Z11,A23,A6,NYE-S1,TCR2-T,TCR3,TCR6,TCR7,T1,FLT3DY
0,0.8541066776360896,0.7486486486486488,0.7553030303030303,0.7967711301044634,0.8363153594771243,0.710858585858586,0.6989247311827956,0.7341975308641976,0.7444444444444445,0.801543209876543,0.8264254385964912
