,18A2,868Z11,A23,A6,NYE-S1,TCR2-T,TCR3,TCR6,TCR7,T1,FLT3DY
0,0.8688008658008659,0.8057130854862423,0.8068254886831275,0.8094484702093397,0.7176161616161617,0.747511574074074,0.644916899836399,0.7677450980392156,0.7695268474215844,0.8596491228070177,0.7592402902262058
