,18A2,868Z11,A23,A6,NYE-S1,TCR2-T,TCR3,TCR6,TCR7,T1,FLT3DY
0,0.820345609299903,0.7323475135975136,0.8226059941520468,0.7628644095291063,0.7263257575757577,0.7302817193593892,0.6455545643770443,0.7755859969558601,0.7656637316561845,0.8544575725026853,0.7815593470397868
1,0.8216120952331768,0.7408826450972046,0.8281765676567657,0.7726715686274511,0.7464220660941973,0.7518182300790995,0.6557216470364741,0.7779484553678103,0.7936794414735591,0.8341880341880342,0.7466077828981055
2,0.8457465119575561,0.7785036600826074,0.8533009136457412,0.7813194114855245,0.7909054607167816,0.762629329734593,0.6727481919789612,0.7892031653018807,0.8040266725611552,0.8331666666666667,0.7395966880341881
3,0.9161649944258641,0.8112179487179487,0.8368618618618618,0.8186720593191775,0.7887713034978113,0.7856821895424838,0.7088540842693667,0.7943154953793251,0.8021461531432749,0.8941770647653001,0.7767412935323383
4,0.9140207514607116,0.774238782051282,0.8046057767369245,0.8204000073328567,0.8139994751836857,0.7719298245614036,0.7056172839506173,0.8109435751541015,0.7767964545742324,0.9371980676328503,0.710479797979798
5,0.898624251565428,0.7847222222222223,0.7204365079365079,0.7825757575757576,0.8211606002554278,0.6904186795491144,0.691743827160494,0.8149092970521542,0.7838278619528619,0.9276729559748428,0.6946866925064601
