,18A2,868Z11,A23,A6,NYE-S1,TCR2-T,TCR3,TCR6,TCR7,T1,FLT3DY
0,0.7987909915634156,0.6631841715976331,0.7677792612372052,0.7717082741922017,0.699442827936056,0.7403067129629631,0.6248853342506594,0.7524891774891774,0.7925045927740356,0.8415791776027998,0.6956130140782618
1,0.8660008071025019,0.7250499666888741,0.8358688302907371,0.7845317725752509,0.7144998740236835,0.7178080120937264,0.6663112821579641,0.7783698664651046,0.7945461729889697,0.8450045004500452,0.7985069782538137
2,0.902513105149553,0.7908119658119658,0.867548076923077,0.7916433239962654,0.7679346214999866,0.7384259259259259,0.6406119465329991,0.7799956973384966,0.8256823554695895,0.817426400759734,0.7862854737854738
