,18A2,868Z11,A23,A6,NYE-S1,TCR2-T,TCR3,TCR6,TCR7,T1,FLT3DY
0,0.84765625,0.691468253968254,0.8811111111111112,0.833395268177877,0.8085526315789474,0.7932659932659933,0.7002954755309325,0.7509287925696594,0.8448911744844424,0.8095238095238096,0.7860465116279071
