,18A2,868Z11,A23,A6,NYE-S1,TCR2-T,TCR3,TCR6,TCR7,T1,FLT3DY
0,0.8410133076799745,0.7080971277399849,0.8199548678272083,0.7797452061991069,0.7116152450090745,0.7665213178294573,0.5966286935531576,0.7333921030865004,0.7871936274509803,0.8393693693693693,0.7789140271493213
1,0.8795980158474522,0.7768157768157767,0.8304121725731896,0.8426075268817205,0.7629751461988304,0.7570277777777777,0.6849135487528345,0.7674409250879838,0.7820835613939062,0.823943661971831,0.7663417803768681
