,18A2,868Z11,A23,A6,NYE-S1,TCR2-T,TCR3,TCR6,TCR7,T1,FLT3DY
0,0.8269915941286908,0.7064855875831486,0.806933557297499,0.7668092311809694,0.6785093437635811,0.7493583027763226,0.6111206946121557,0.758113622096673,0.7859331982754142,0.8446831955922866,0.7723943392618091
1,0.9009196271101033,0.7591344713986223,0.8191195581546459,0.8194037145650048,0.7743452834986014,0.7421109068627452,0.6185442386831276,0.7846114154163689,0.8175287356321839,0.8189484126984127,0.7451236502960641
