,18A2,868Z11,A23,A6,NYE-S1,TCR2-T,TCR3,TCR6,TCR7,T1,FLT3DY
0,0.8698107448107448,0.731278671577179,0.8295068027210885,0.8262200270178993,0.717038022938644,0.7119084475895621,0.6749605408141993,0.7416387959866221,0.7533449883449883,0.8435776201733649,0.804007184441967
