,18A2,868Z11,A23,A6,NYE-S1,TCR2-T,TCR3,TCR6,TCR7,T1,FLT3DY
0,0.8523660247798178,0.6902100271002709,0.8200448028673835,0.7821025846235931,0.7491833030852995,0.7498737373737373,0.6037545388525781,0.7168168560358713,0.7885105298913043,0.8107142857142856,0.7180245098039215
1,0.8937124624624625,0.7135542654410579,0.8147656940760389,0.7638110632183909,0.7750179211469534,0.7336661735700197,0.5570638511814984,0.7882692307692308,0.814131693843001,0.8116071428571429,0.8025479761328818
