,18A2,868Z11,A23,A6,NYE-S1,TCR2-T,TCR3,TCR6,TCR7,T1,FLT3DY
0,0.8317491319444444,0.7044712182061579,0.8074934677118328,0.7699056603773585,0.6774383808282113,0.7495067225423432,0.6124048837521323,0.7585425821301528,0.7750307852609643,0.8438016528925619,0.7718206157965195
1,0.8967658730158731,0.7797532656023223,0.8233430799220273,0.8194560815528558,0.7784720999823974,0.7424938725490197,0.6185956790123456,0.7710978835978836,0.8587372980176579,0.8173611111111111,0.7460815047021944
