,18A2,868Z11,A23,A6,NYE-S1,TCR2-T,TCR3,TCR6,TCR7,T1,FLT3DY
0,0.8532462287573601,0.7490395021645022,0.8432659932659933,0.744870084492726,0.7001837516615842,0.7071416411304052,0.662485128014957,0.7718505685856432,0.8011215092097447,0.7353098290598291,0.6797274695001967
1,0.8665588499550765,0.7252886002886002,0.8943052252911409,0.7572166814785556,0.7666095267778297,0.6893378226711561,0.666513104013104,0.7873526936026937,0.74828056222489,0.6734848484848485,0.8485449735449735
2,0.8825396825396825,0.7387609649122807,0.8919753086419754,0.7794871794871795,0.8517578124999999,0.7325203252032519,0.6032453858540815,0.7944128787878788,0.7324756182514803,0.6683982683982683,0.8921312427409989
