,18A2,868Z11,A23,A6,NYE-S1,TCR2-T,TCR3,TCR6,TCR7,T1,FLT3DY
0,0.8587105624142661,0.7608667880297659,0.814820460704607,0.8296007338955377,0.7289460784313726,0.7456291695422129,0.6279676272261815,0.7691956782713086,0.7552244763783226,0.8385342789598109,0.7914653784219002
