,18A2,868Z11,A23,A6,NYE-S1,TCR2-T,TCR3,TCR6,TCR7,T1,FLT3DY
0,0.8318816345545906,0.7590290661719233,0.814900548696845,0.7863440303657695,0.7640304487179487,0.6925791625630465,0.7289651162790697,0.7463524130190796,0.6875710688758936,0.8146198830409358,0.690303657694962
