,18A2,868Z11,A23,A6,NYE-S1,TCR2-T,TCR3,TCR6,TCR7,T1,FLT3DY
0,0.7831456456456456,0.6748800661703888,0.7604845446950711,0.7366054875787912,0.6998943676849622,0.7573956762192057,0.647645331549212,0.7640090683568944,0.7474811734524992,0.6487749287749288,0.7378756150886362
1,0.8475959303826887,0.7295412920412921,0.8238289039259913,0.8171240247511434,0.7395446399478657,0.7588408830644856,0.6767716610453706,0.796474358974359,0.8074629271437782,0.8408454290807232,0.7472406736446592
2,0.8711983088915313,0.7608180965775903,0.8131392045454545,0.8268742368742368,0.7632227007227007,0.7304545454545455,0.667578484659479,0.801661433804291,0.7883239171374764,0.8428758169934641,0.7592551892551892
3,0.8834343434343435,0.8223198370257193,0.8614864864864865,0.8294543650793651,0.7761996102788942,0.7156419128737467,0.673625992063492,0.8249521072796934,0.8290219596610574,0.8243540051679586,0.7303866920235206
4,0.8911576600363785,0.8342857142857142,0.839610797237916,0.8411145617667358,0.8130391081871345,0.7182247899159663,0.631698790627362,0.8027115161261503,0.8075076804915514,0.8231150793650793,0.7461038961038962
