,18A2,868Z11,A23,A6,NYE-S1,TCR2-T,TCR3,TCR6,TCR7,T1,FLT3DY
0,0.8640471813725489,0.6808563038742067,0.8413461538461539,0.792893280632411,0.7422336129232682,0.6872244268077602,0.6645790583675331,0.7406692406692407,0.69629831870458,0.8053030303030303,0.7988903253609138
1,0.8715489498644987,0.672512497984196,0.8249069643806486,0.7450897867564534,0.802755819060167,0.7087218337218336,0.7117504409171076,0.7268038249782672,0.7526557565317255,0.8424603174603176,0.8335421888053468
