,18A2,868Z11,A23,A6,NYE-S1,TCR2-T,TCR3,TCR6,TCR7,T1,FLT3DY
0,0.7936662946428571,0.7438260869565217,0.8766019988242211,0.7885951910408432,0.7901736731558984,0.766574074074074,0.6444851444851445,0.7766499814608824,0.7840099715099716,0.9,0.6902910052910053
