,18A2,868Z11,A23,A6,NYE-S1,TCR2-T,TCR3,TCR6,TCR7,T1,FLT3DY
0,0.8322196200884725,0.7022462277091907,0.8135778275475923,0.7623431533006001,0.7127513406543828,0.745979570455736,0.6315551147145074,0.7745014245014246,0.7968370747657674,0.8387687687687687,0.8230364596643666
1,0.8909964304701147,0.7577134404057482,0.7754961610893814,0.7795489618406286,0.7930381944444443,0.7325833333333334,0.6274219521063841,0.792275828460039,0.8119783197831979,0.8125992063492063,0.7357864357864358
