,18A2,868Z11,A23,A6,NYE-S1,TCR2-T,TCR3,TCR6,TCR7,T1,FLT3DY
0,0.7980320519608881,0.6635848126232743,0.7658322207387628,0.768434638612897,0.7004511105063741,0.7418981481481483,0.6242737835875091,0.7538239538239538,0.7922596448254745,0.8421041119860018,0.694601485422902
1,0.8701646090534979,0.7248500999333777,0.8351025467658327,0.769977084107519,0.7198138165119298,0.7448989898989898,0.6641847537156461,0.7794936544936545,0.7936297753564703,0.8450045004500452,0.8125879043600562
2,0.902976565547454,0.7903846153846154,0.8327959656084656,0.7912057078723745,0.7705450986700987,0.7481398809523809,0.6359700217458838,0.7834224598930483,0.8258972705781217,0.817426400759734,0.8036439665471923
