,18A2,868Z11,A23,A6,NYE-S1,TCR2-T,TCR3,TCR6,TCR7,T1,FLT3DY
0,0.8459694107062529,0.7370169082125603,0.8188926458157226,0.7557861961598341,0.7808008385744234,0.7506863794854898,0.6241810357664016,0.7773125996810206,0.7556321436220963,0.8763888888888888,0.7266160897739845
