,18A2,868Z11,A23,A6,NYE-S1,TCR2-T,TCR3,TCR6,TCR7,T1,FLT3DY
0,0.8337534524641442,0.7152248677248677,0.8206822273662552,0.7580603038936372,0.6424250352821782,0.7326659038901601,0.6361973057117141,0.7241037829273124,0.7455503897811591,0.8428684003152088,0.7745686680469289
