,18A2,868Z11,A23,A6,NYE-S1,TCR2-T,TCR3,TCR6,TCR7,T1,FLT3DY
0,0.7968212785484838,0.6634512656147272,0.7704272363150868,0.7519296412399861,0.7007232421343493,0.7411747685185185,0.6260224362649544,0.7570716882275891,0.7911165543988569,0.8426290463692038,0.6957100099767209
1,0.8664552781080723,0.725294248278925,0.8362519720531892,0.7745801767676769,0.7322751322751323,0.7182312925170068,0.6643234403531886,0.7911793372319688,0.7992973051289481,0.8456645664566458,0.7962869198312236
2,0.9098765432098767,0.7675406827949202,0.8671474358974359,0.7922435640923036,0.7769760422561781,0.7270349316197068,0.6405597326649958,0.786206896551724,0.8225875779067268,0.8188509021842355,0.7839405964405964
