,18A2,868Z11,A23,A6,NYE-S1,TCR2-T,TCR3,TCR6,TCR7,T1,FLT3DY
0,0.7810435435435436,0.6641149710504549,0.7612085769980507,0.7494968220338983,0.7178099811353112,0.7566601941747573,0.6444620555626354,0.7078713768115943,0.7484225008275406,0.6467996201329534,0.7306805074971164
1,0.8508530685001272,0.6757548309178744,0.8199715602628225,0.8321870138377139,0.6664647675662624,0.7439833113746158,0.6676644536019536,0.7455780337921357,0.8135638927953949,0.8394703335879807,0.7683748403575991
2,0.8525730994152046,0.7544584039149257,0.8127604166666668,0.8352069386552147,0.7683758809519459,0.7245573495573495,0.6684215167548501,0.7555876222542889,0.7862679955703212,0.8399346405228759,0.7768778840207412
3,0.8513677075768579,0.799260752688172,0.864189189189189,0.830791575889615,0.7783088235294118,0.7218647875816994,0.6563676470588234,0.7730732360856057,0.8354954954954955,0.8178940568475452,0.7513658216783217
4,0.8821658037552242,0.7807465091299677,0.8421217827997488,0.832024076719037,0.8379031099619335,0.7186666666666667,0.6401280980228349,0.7873713587999301,0.85,0.8135912698412698,0.7808055040197898
