,18A2,868Z11,A23,A6,NYE-S1,TCR2-T,TCR3,TCR6,TCR7,T1,FLT3DY
0,0.8984827252556595,0.7682315142269376,0.7971036585365855,0.7922384322788772,0.7769016328156114,0.7564356151817452,0.6211082750362388,0.7373851638557521,0.8219050933983061,0.8382894736842106,0.752386882523869
