,18A2,868Z11,A23,A6,NYE-S1,TCR2-T,TCR3,TCR6,TCR7,T1,FLT3DY
0,0.7748489503328213,0.6692374051069704,0.8351672229175359,0.7639209278482636,0.7296661193212918,0.7411690239217741,0.6166356033452808,0.7634188034188035,0.8118071184462782,0.8538690476190477,0.6942817566562546
1,0.8865497076023391,0.6698257080610022,0.8777946191739295,0.7552188552188553,0.7967492816091953,0.7122821350762528,0.6183441558441558,0.7564529914529915,0.8163783300844704,0.8873239436619719,0.7935185185185185
