,18A2,868Z11,A23,A6,NYE-S1,TCR2-T,TCR3,TCR6,TCR7,T1,FLT3DY
0,0.8317188276204669,0.8343322215273435,0.8222672230404188,0.8016129195207209,0.7248370181405895,0.7569805194805195,0.6610662320483749,0.7906623554771702,0.7565673489711601,0.8126488095238095,0.7795199380565233
1,0.866161616161616,0.7704562594268477,0.8656908665105387,0.7990914841009716,0.7951433691756272,0.7086782861292664,0.6653968253968254,0.8060975609756097,0.810737649447327,0.8364197530864197,0.8492527615334633
