,18A2,868Z11,A23,A6,NYE-S1,TCR2-T,TCR3,TCR6,TCR7,T1,FLT3DY
0,0.8113917531191204,0.7180674264007597,0.7978154040772637,0.7770061728395062,0.6715545795304695,0.7644600159813142,0.5815129212604582,0.755970255970256,0.761581663630844,0.8113095238095238,0.7835537918871252
1,0.849980574980575,0.7339023659778378,0.7910685805422647,0.7411335578002246,0.8304584826762248,0.7294128787878789,0.6214474678760393,0.7537916666666667,0.7245584524810766,0.7337962962962963,0.7775710978835978
