,18A2,868Z11,A23,A6,NYE-S1,TCR2-T,TCR3,TCR6,TCR7,T1,FLT3DY
0,0.8833203833203833,0.7633377425044091,0.790040696077697,0.7958726879181425,0.769633552721788,0.6513095238095238,0.562651567147106,0.749510155316607,0.7440208427050532,0.7596450617283951,0.7650883462378401
