,18A2,868Z11,A23,A6,NYE-S1,TCR2-T,TCR3,TCR6,TCR7,T1,FLT3DY
0,0.8033738033738035,0.7659966914805625,0.8206045003813882,0.7698032961190856,0.752169322509113,0.7110621244573685,0.6495808922213917,0.7206009200690051,0.8019195331695331,0.8546365914786967,0.6139368838844669
1,0.7770217764525164,0.7339238343026221,0.8208333333333333,0.7655034895314058,0.7922106361207661,0.7101828468288094,0.6439830834294502,0.750478377344049,0.813484623015873,0.8608152531229454,0.7746769162210337
2,0.8303349875930522,0.6823319777865233,0.7989439962031325,0.7914707787458996,0.7423082311520446,0.7268849206349207,0.6610444777611194,0.7670509607351713,0.8134036237233913,0.8630555555555556,0.8139423958906623
3,0.8351387174916587,0.7833605664488017,0.8025077486615948,0.8003086419753087,0.8175805675805675,0.6997101449275362,0.6917452569626482,0.7974545454545453,0.8027841342486651,0.8696969696969697,0.8519703071941879
4,0.8508034894398531,0.7864923747276688,0.8203075957313245,0.7813580604655656,0.8445382882882883,0.7023319615912209,0.6445452508960573,0.7860436347278452,0.7663149928774929,0.881149806522941,0.789033189033189
5,0.862962962962963,0.7703982177666387,0.8430428909152313,0.788968253968254,0.8519474066429691,0.6773148148148148,0.7021825396825397,0.795995670995671,0.7400476190476191,0.907967032967033,0.774965564738292
