,18A2,868Z11,A23,A6,NYE-S1,TCR2-T,TCR3,TCR6,TCR7,T1,FLT3DY
0,0.8227852394519063,0.7423809523809525,0.8506253908692933,0.7227332515686379,0.8010912698412698,0.7958986928104576,0.6892885229588971,0.7775797187561894,0.7494791362423818,0.8530092592592592,0.7997640497640498
