,18A2,868Z11,A23,A6,NYE-S1,TCR2-T,TCR3,TCR6,TCR7,T1,FLT3DY
0,0.7825190575190576,0.6952779893373954,0.761542745753272,0.7353571645534466,0.720453895844052,0.7548012944983817,0.647557718448664,0.7548278985507246,0.751039597815293,0.6495346628679962,0.7329873125720875
1,0.8371794871794872,0.7121949138078171,0.8203801771762936,0.8237955490339935,0.7537454104379754,0.743309910701215,0.6690075549450549,0.7881679137469154,0.8078732196237031,0.8400305576776166,0.7649026181353769
2,0.8937399069060511,0.7609039961013645,0.8106770833333332,0.827819683908046,0.7573710965867829,0.7222323232323232,0.6695502645502646,0.7930693400167085,0.7873166031620898,0.8412418300653596,0.7553531264057579
3,0.8965850815850817,0.7576206270236122,0.8629129129129129,0.8287210756722952,0.7684379471709789,0.7304091775599129,0.6579460784313725,0.7945208643729139,0.793980793980794,0.8204780361757106,0.7492715617715616
4,0.9029581529581528,0.7601670297748728,0.8372881355932204,0.825391156462585,0.8259379509379509,0.7278828197945845,0.6424858442402303,0.80718820861678,0.8168927648578812,0.8189484126984127,0.7803803339517624
