,18A2,868Z11,A23,A6,NYE-S1,TCR2-T,TCR3,TCR6,TCR7,T1,FLT3DY
0,0.890878120830951,0.7233211233211233,0.8086473711473712,0.7908993508539736,0.7450157899773518,0.7354892205638475,0.6371212121212121,0.7684186802367651,0.7781535471331389,0.8562015503875969,0.8361577964519142
