,18A2,868Z11,A23,A6,NYE-S1,TCR2-T,TCR3,TCR6,TCR7,T1,FLT3DY
0,0.7973802797955339,0.7575875211744778,0.83045814479638,0.8020006211851132,0.7959229390681003,0.7056277056277057,0.5723128100032672,0.7657708333333333,0.7619760872421496,0.9052884615384614,0.8480162331115144
1,0.8409879336349925,0.7626417233560091,0.8343900966183576,0.851622736238121,0.8716637272192829,0.7917297979797979,0.6931060606060605,0.8605392156862745,0.8405086672350098,0.9424603174603176,0.7915674603174603
