,18A2,868Z11,A23,A6,NYE-S1,TCR2-T,TCR3,TCR6,TCR7,T1,FLT3DY
0,0.8170422905174678,0.6855218855218855,0.7824691358024691,0.7921016891605127,0.7347540112959728,0.7310612927266501,0.6437085800610892,0.7400496031746032,0.7831275720164609,0.9598191214470285,0.7821310541310541
