,18A2,868Z11,A23,A6,NYE-S1,TCR2-T,TCR3,TCR6,TCR7,T1,FLT3DY
0,0.837314066087651,0.6928104575163397,0.8306547619047618,0.8226742058263797,0.7709932659932659,0.7089902402402402,0.6055847953216373,0.733756247597078,0.7213487071977638,0.8436159844054579,0.7608487403007951
