,18A2,868Z11,A23,A6,NYE-S1,TCR2-T,TCR3,TCR6,TCR7,T1,FLT3DY
0,0.8386622390891841,0.7295040650406502,0.8401479332330396,0.8120882584712371,0.7511343012704175,0.7243724542957279,0.6329631431815362,0.7231231231231231,0.7515079365079366,0.8763251783893985,0.6961145072902447
1,0.8530161078238002,0.7464726631393298,0.8398148148148148,0.7802871148459384,0.8326720867208671,0.7971595655806182,0.6464021164021164,0.7425889328063241,0.7419986263736265,0.8658730158730159,0.7431972789115647
