,18A2,868Z11,A23,A6,NYE-S1,TCR2-T,TCR3,TCR6,TCR7,T1,FLT3DY
0,0.8276553412917048,0.7207618352196666,0.8184014740648032,0.7158767595088348,0.7027698638809751,0.6980025364616361,0.6293866705670128,0.7449358974358974,0.8500970017636685,0.8251488095238094,0.7842760180995475
1,0.8880748880748882,0.7630579297245964,0.8280967570441256,0.7467517921146953,0.7841832963784183,0.743956043956044,0.6381172839506173,0.7389699607441543,0.7984375,0.9049295774647886,0.7565134099616858
