,18A2,868Z11,A23,A6,NYE-S1,TCR2-T,TCR3,TCR6,TCR7,T1,FLT3DY
0,0.8307363804247462,0.7297494172494172,0.8302825186121646,0.7530345117845118,0.7572178932178932,0.7450377073906486,0.6687320683752441,0.7720807613168724,0.7865637651821862,0.8544575725026853,0.6890555885653925
1,0.8319415266106441,0.7422867394777507,0.8241093117408907,0.7767123568340607,0.7336757445453097,0.7389807162534435,0.6828361742424242,0.7848202540380841,0.7896510530352191,0.8303672316384182,0.6684695512820514
2,0.8312172205009821,0.7427002821739664,0.8179563492063492,0.7896408696342722,0.7591723994163019,0.7248710736052507,0.6775599747474746,0.7657208994708995,0.8006815502505158,0.7967914438502675,0.7211359754872412
3,0.8407440270794307,0.7628959276018099,0.8305473210364515,0.7526819582740636,0.7810531620055431,0.7292743764172336,0.6941331575477916,0.7696887494416664,0.83944876970396,0.797843137254902,0.8199731872500751
4,0.8501272891516795,0.7947888589398023,0.8886106831022085,0.8174486803519061,0.7599590373783922,0.7442890442890443,0.6997693194925029,0.7537511870845203,0.8133394383394382,0.7979066022544283,0.7730994152046784
