,18A2,868Z11,A23,A6,NYE-S1,TCR2-T,TCR3,TCR6,TCR7,T1,FLT3DY
0,0.8513276143790849,0.7071553954175905,0.8006770211071287,0.7635399344923154,0.7380597167963744,0.7519069412662089,0.6230720938513147,0.7533580459953769,0.7701462362257617,0.9267453294001967,0.7464569160997732
1,0.8951210826210826,0.7546491969568893,0.8362209667294414,0.7190350499174029,0.7926666666666667,0.7381712626995647,0.5400081085065606,0.7677113010446344,0.7765334190690529,0.9016203703703703,0.7946725860155383
