,18A2,868Z11,A23,A6,NYE-S1,TCR2-T,TCR3,TCR6,TCR7,T1,FLT3DY
0,0.8143469785575048,0.7190757691329773,0.8299952651515152,0.7481674382716049,0.7307488591916558,0.6955049962568759,0.5969172576832151,0.7895787944807552,0.7983304109757597,0.8943790849673202,0.8505747126436782
1,0.8571644042232277,0.7058333333333334,0.7603427895981087,0.7886513157894736,0.8224843718491632,0.7472141472868218,0.607051282051282,0.7728395061728395,0.835955710955711,0.9757575757575756,0.8610687669376693
