,18A2,868Z11,A23,A6,NYE-S1,TCR2-T,TCR3,TCR6,TCR7,T1,FLT3DY
0,0.8399512495424445,0.705588493631972,0.8069708069708069,0.7902395779276942,0.7167434062359241,0.735359477124183,0.6478439978439979,0.7472576832151301,0.7901816911250874,0.8436159844054579,0.7847527472527472
