,18A2,868Z11,A23,A6,NYE-S1,TCR2-T,TCR3,TCR6,TCR7,T1,FLT3DY
0,0.8410576351752823,0.6298102981029811,0.883829365079365,0.8505658436213991,0.7658730158730158,0.72718830749354,0.7177253478523896,0.728309607766314,0.7927385513592412,0.6638714185883997,0.8831699346405228
