,18A2,868Z11,A23,A6,NYE-S1,TCR2-T,TCR3,TCR6,TCR7,T1,FLT3DY
0,0.8263546278726545,0.7005522088353414,0.8495553359683794,0.7601028469822796,0.7499329818604235,0.6834863818090954,0.6392115600448934,0.7503222232874233,0.7156932043650793,0.8151901901901901,0.692127484296159
1,0.855633876031855,0.7603988603988604,0.8988095238095238,0.8296364379084967,0.8053476946334089,0.6907118522503138,0.6554433221099888,0.7327991452991455,0.8437168891714347,0.8222222222222223,0.7335487225193108
