,18A2,868Z11,A23,A6,NYE-S1,TCR2-T,TCR3,TCR6,TCR7,T1,FLT3DY
0,0.8435001710890596,0.6894494645247656,0.8076801045166105,0.7666271636859872,0.6782558307982037,0.7511039830316939,0.6083798133133996,0.7592877668308703,0.7799090650753054,0.8444077134986226,0.7719640466628418
1,0.9007936507936508,0.7550164719976041,0.8196068875893436,0.8221737398923,0.7827612509534706,0.7761479591836734,0.6640190972222223,0.7761949984172206,0.8310909144910749,0.8173611111111111,0.7460379658655519
