,18A2,868Z11,A23,A6,NYE-S1,TCR2-T,TCR3,TCR6,TCR7,T1,FLT3DY
0,0.8246252204585538,0.7051086956521738,0.8108281893004116,0.7570631528964862,0.6506570512820512,0.739365624205441,0.6363079692502914,0.7619287715086034,0.7514323283554054,0.8424743892828999,0.7729261559696342
