,18A2,868Z11,A23,A6,NYE-S1,TCR2-T,TCR3,TCR6,TCR7,T1,FLT3DY
0,0.8622030542986425,0.7340686274509803,0.897420634920635,0.8275462962962963,0.8079561042524005,0.7405093059195055,0.6666666666666666,0.7798387096774194,0.800611111111111,0.8307876609763403,0.9219461697722569
