,18A2,868Z11,A23,A6,NYE-S1,TCR2-T,TCR3,TCR6,TCR7,T1,FLT3DY
0,0.7742187157571774,0.6631720430107527,0.759175717070454,0.7361816240985185,0.7198479391756702,0.7520010055304174,0.6607934609250398,0.763163360989448,0.749836215932914,0.6481671415004748,0.7303921568627451
1,0.8296852609136346,0.6746678743961353,0.8185168840508646,0.7888137468622011,0.6664772561704112,0.7428120331627054,0.6525330651128377,0.7976282051282052,0.8078634507551335,0.8400305576776166,0.765110153256705
2,0.8763991769547325,0.7417686480186481,0.8114820075757576,0.8221552686115096,0.7666575922565033,0.7248498498498499,0.6481625258799172,0.8039638932496076,0.7892874348530636,0.8405882352941177,0.7733932733932735
3,0.8845530779493044,0.8781249999999999,0.8185493185493186,0.8309583934583934,0.7859168609168609,0.7256025867136978,0.6503649858913017,0.8258555381400209,0.7969366540795112,0.819186046511628,0.7518065268065269
4,0.899911958599068,0.8384168482207698,0.8025658887727852,0.8151340996168583,0.8351345624072897,0.7230833333333333,0.611337699142157,0.799404761904762,0.8246031746031747,0.8199404761904762,0.7554945054945055
