,18A2,868Z11,A23,A6,NYE-S1,TCR2-T,TCR3,TCR6,TCR7,T1,FLT3DY
0,0.8332653061224491,0.7513888888888888,0.7973555758937237,0.7461123781878499,0.7083685198217218,0.7137700119066578,0.6999509417636244,0.78456548241031,0.7576083064804869,0.8738591916558018,0.6360258045525903
1,0.9034366993550668,0.744204260651629,0.7807682083997873,0.7907299741602066,0.7489944695827049,0.7595899470899471,0.7232713482713482,0.7859432234432234,0.800494417862839,0.8672549019607844,0.7261351909184727
2,0.8858024691358025,0.8201840894148585,0.7423611111111111,0.799749373433584,0.7691544566544567,0.7130636070853461,0.64002664002664,0.7756855413105413,0.8023088023088024,0.8580586080586081,0.7762205387205388
