,18A2,868Z11,A23,A6,NYE-S1,TCR2-T,TCR3,TCR6,TCR7,T1,FLT3DY
0,0.8478763158333752,0.6864711934156379,0.8542552823598575,0.8023305618543713,0.7201940216646099,0.7222168597168598,0.652206846651291,0.7563994151119567,0.7757440476190477,0.7592592592592592,0.726935817805383
