,18A2,868Z11,A23,A6,NYE-S1,TCR2-T,TCR3,TCR6,TCR7,T1,FLT3DY
0,0.8540996645571809,0.7698748991121872,0.8629129129129129,0.824669402644779,0.7965712265818311,0.7318040293040293,0.6491030337184184,0.733094837261504,0.8356034482758621,0.9187745098039214,0.8586291913214991
