,18A2,868Z11,A23,A6,NYE-S1,TCR2-T,TCR3,TCR6,TCR7,T1,FLT3DY
0,0.8372975627032423,0.7153703703703704,0.8080543280153796,0.8132231404958677,0.745974450386215,0.7542548500881834,0.626833032219211,0.7562225231098406,0.7741634178037686,0.8994845360824743,0.8459647147147148
