,18A2,868Z11,A23,A6,NYE-S1,TCR2-T,TCR3,TCR6,TCR7,T1,FLT3DY
0,0.7964082742066433,0.6712641460905351,0.7679238985313752,0.7697322646182961,0.6977751494979519,0.7398726851851852,0.6332383528123894,0.7530952380952382,0.7936966727903654,0.8428477690288715,0.6956130140782619
1,0.8691966115130629,0.7275668073136426,0.836860491322966,0.7668060200668897,0.7213986223420186,0.7172514619883041,0.6665539837736634,0.7781240981240982,0.7946890973903686,0.8466246624662467,0.7923920804933463
2,0.9136684303350971,0.8091646141215106,0.8681891025641025,0.7936041083099908,0.7690435971685972,0.7307146542827657,0.6423350041771094,0.7826080275370336,0.8280034386417365,0.8188509021842355,0.7815656565656566
