,18A2,868Z11,A23,A6,NYE-S1,TCR2-T,TCR3,TCR6,TCR7,T1,FLT3DY
0,0.8453761011232275,0.7236591478696742,0.8279212919735796,0.790718147101126,0.7039246031746033,0.7488533425065933,0.6556308340861187,0.7203050572615791,0.7533342725650418,0.840661938534279,0.7424175824175824
