,18A2,868Z11,A23,A6,NYE-S1,TCR2-T,TCR3,TCR6,TCR7,T1,FLT3DY
0,0.8515375982042648,0.71912851458306,0.7970102813852814,0.7849143610013175,0.7857755271548376,0.7210071914019283,0.6366070580412273,0.7501943908193908,0.6965122114419539,0.8356862745098038,0.8168706293706293
1,0.8888888888888888,0.7210416666666667,0.8429563492063492,0.7873376623376623,0.819484126984127,0.6992170742170742,0.5868441358024691,0.7344104308390023,0.7899509803921568,0.7346230158730158,0.7913961038961039
