,18A2,868Z11,A23,A6,NYE-S1,TCR2-T,TCR3,TCR6,TCR7,T1,FLT3DY
0,0.8589039165962243,0.6949560611532443,0.8286107831562376,0.7768329554043839,0.7003513071895425,0.7169898430286242,0.656013431013431,0.7584917805506041,0.7799521000058416,0.8596491228070177,0.7729468599033816
