,18A2,868Z11,A23,A6,NYE-S1,TCR2-T,TCR3,TCR6,TCR7,T1,FLT3DY
0,0.8093243184955141,0.7984785311974253,0.8161011904761905,0.799813191117539,0.778812721298925,0.7288372507122508,0.6696059431524547,0.7699362175083498,0.727204081632653,0.881045751633987,0.8413266782407408
