,18A2,868Z11,A23,A6,NYE-S1,TCR2-T,TCR3,TCR6,TCR7,T1,FLT3DY
0,0.8186708976182661,0.7652684623301039,0.8216425120772947,0.7424533023220832,0.7096942012434969,0.7516088486676722,0.6484300459710296,0.7222939888290151,0.6614141414141415,0.8415630182421228,0.8298077355267889
1,0.7839554716717346,0.7974358974358974,0.8245506535947712,0.7606075533661741,0.7774439102564102,0.7498084780388151,0.6482767489711935,0.7178117891296186,0.7810897435897436,0.8418803418803419,0.8519151138716357
2,0.8518106995884773,0.7830218662598525,0.8044631710362048,0.7893024634096063,0.8108078839072991,0.7540930247697165,0.6480152500560664,0.7536309421902643,0.7811744015788133,0.8032072438013032,0.8579893597505045
3,0.8642841880341879,0.8018111518111518,0.7869744744744746,0.8071342701985658,0.8121527777777778,0.7378226711560044,0.6565178571428572,0.7498529411764706,0.7858187134502924,0.7975638740344623,0.8019031825001974
4,0.8826754385964913,0.851062091503268,0.7889739229024944,0.8070017278942228,0.7969060093673096,0.7111708804016496,0.685003591954023,0.7718474426807761,0.7743314033636614,0.7925389157273215,0.8251239669421487
