,18A2,868Z11,A23,A6,NYE-S1,TCR2-T,TCR3,TCR6,TCR7,T1,FLT3DY
0,0.8289616397724506,0.7492084826762246,0.8278679564956004,0.7646029258098223,0.6642410729367252,0.7331353653070373,0.6468156406835652,0.7405066846421752,0.7547864263550538,0.8521709401709402,0.7097578816472825
1,0.8672942005993302,0.7434576023391813,0.8453874883286648,0.7804035623911401,0.7753431753431753,0.7507830136273919,0.6451337339460351,0.7633149540517962,0.8077662934252082,0.8363413547237077,0.7267709924714755
2,0.881159420289855,0.7755359394703657,0.8080065359477123,0.7934368191721134,0.7889939517846495,0.7994481945783779,0.669880174291939,0.8043272864701437,0.8115519075847394,0.8299062049062048,0.8364140795206971
3,0.8864782276546982,0.7805059523809524,0.8091787439613527,0.8132867132867133,0.8434461805555555,0.7934314738292011,0.5928968253968253,0.7835690235690236,0.84510582010582,0.84375,0.8706552706552707
