,18A2,868Z11,A23,A6,NYE-S1,TCR2-T,TCR3,TCR6,TCR7,T1,FLT3DY
0,0.8190461588348912,0.732278517999065,0.8401126651126652,0.7564709797091599,0.7903620647969052,0.7247469876419377,0.6493599517184423,0.7829526454697454,0.7691579371474617,0.9064666666666666,0.7555772981235505
1,0.8286165540058755,0.7400892486508924,0.8598059244126661,0.7509489302967564,0.782051282051282,0.7297006673913297,0.684325135412092,0.811708089668616,0.747963553237387,0.8692182001005531,0.7750388198757765
2,0.8683799921985177,0.7171661793372319,0.8355831037649221,0.7548611111111111,0.8037264537264538,0.683296783625731,0.6561658902691511,0.8141064042219369,0.793482905982906,0.8553418803418804,0.7870220057720058
