,18A2,868Z11,A23,A6,NYE-S1,TCR2-T,TCR3,TCR6,TCR7,T1,FLT3DY
0,0.8549694060257441,0.7337843893694957,0.8207809224318657,0.7919816341930095,0.7227130110795176,0.7369571647184393,0.6442101325142261,0.7408093278463648,0.7550424005218526,0.9018087855297158,0.8006061870267128
1,0.8835017383746196,0.6706675811614083,0.8167198298777247,0.8147057423669118,0.7769789397240378,0.7378167641325536,0.6250060996437807,0.7455176402544824,0.8257168458781362,0.9022435897435898,0.7754294755877034
2,0.8887295713845206,0.6631410256410256,0.8339073861461922,0.760759181341229,0.8544365012615643,0.6999359065660163,0.665766306522609,0.7549873737373738,0.8361860873381609,0.9303797468354431,0.7516283524904215
