,18A2,868Z11,A23,A6,NYE-S1,TCR2-T,TCR3,TCR6,TCR7,T1,FLT3DY
0,0.8147327909134039,0.7228167967298402,0.8175242026635215,0.7254732510288067,0.7392710170487948,0.6592485380116959,0.6448151629072681,0.7289946354342209,0.7754994016385898,0.8338013838013838,0.7313181186453076
1,0.8349462365591398,0.7208284140102323,0.8502692743764172,0.8098012820512821,0.7890075231481481,0.6789969135802468,0.684010840108401,0.7181641518061271,0.7690657070505131,0.8220261437908496,0.8123336579032782
2,0.8418549524409639,0.7508239171374763,0.8504006410256411,0.8106095679012345,0.8060795454545454,0.7856786782509614,0.6581430568499534,0.7832944430040619,0.8184904601571268,0.8530389363722697,0.8354054659498207
