,18A2,868Z11,A23,A6,NYE-S1,TCR2-T,TCR3,TCR6,TCR7,T1,FLT3DY
0,0.8031996858174143,0.7086571560381846,0.8231359649122806,0.7509217171717172,0.708961860220012,0.7437819337489304,0.6519989073496802,0.8006142506142506,0.8043116980616981,0.8347903340440653,0.7309704699767522
1,0.8200993712702473,0.7557537323292376,0.8113334442687966,0.7609634472227524,0.7044439061154177,0.6860084360084361,0.6769735819735819,0.796602571092775,0.8094463236983717,0.8300376647834274,0.7409331048761333
2,0.8507600215227334,0.7257777777777777,0.8137140637140637,0.7977846093788123,0.7320153809515512,0.6866577676074245,0.661737445230873,0.8089786756453424,0.8007335941312469,0.833063306330633,0.8152911324786324
3,0.8621627647714604,0.7832012827768345,0.804954954954955,0.8397435897435898,0.7804558099933668,0.7232558936403509,0.6610523567045306,0.7990352331165796,0.789736529532448,0.834047619047619,0.7914109108138959
4,0.8754761904761906,0.7677142857142858,0.8537037037037037,0.8174442190669371,0.7877237851662405,0.7278019674246089,0.6599647671568628,0.8101532110820037,0.7819750990379174,0.83843954248366,0.7962313190383367
5,0.8955555555555555,0.7732456140350877,0.8134259259259258,0.7977078477078478,0.8309635745136261,0.7457070707070708,0.6472727272727273,0.809299895506792,0.8112654320987654,0.8036837376460019,0.7478395061728396
