,18A2,868Z11,A23,A6,NYE-S1,TCR2-T,TCR3,TCR6,TCR7,T1,FLT3DY
0,0.8065570314147165,0.76238344988345,0.7864448751076658,0.7742604617604618,0.7960292022792023,0.7137001948531881,0.6586742424242424,0.7497715643274855,0.8176198639031739,0.9668367346938775,0.8185975609756099
