,18A2,868Z11,A23,A6,NYE-S1,TCR2-T,TCR3,TCR6,TCR7,T1,FLT3DY
0,0.8574352424927136,0.7057306255835668,0.8193418893577121,0.7601633845314332,0.7709151702207256,0.7024298569192936,0.5903191809695875,0.7384960718294051,0.814463141025641,0.8606770833333334,0.855509768009768
