,18A2,868Z11,A23,A6,NYE-S1,TCR2-T,TCR3,TCR6,TCR7,T1,FLT3DY
0,0.822183908045977,0.7964975845410628,0.8300276520864757,0.7754475254475254,0.7287037037037036,0.7423747276688454,0.6331343553565776,0.7204957454679985,0.7226364321952558,0.8951461988304095,0.7941400304414002
