,18A2,868Z11,A23,A6,NYE-S1,TCR2-T,TCR3,TCR6,TCR7,T1,FLT3DY
0,0.8654596867023673,0.7118055555555557,0.7988899263409067,0.7853743961352656,0.7291476590636256,0.7408174219768422,0.6493330677408408,0.7664723032069971,0.8025911054757208,0.8417651694247438,0.8004336349924586
