,18A2,868Z11,A23,A6,NYE-S1,TCR2-T,TCR3,TCR6,TCR7,T1,FLT3DY
0,0.8347611987715768,0.7247778816927752,0.821640273451021,0.7541979441401231,0.6880126548731201,0.7658373825720765,0.657679974346641,0.7408923659486298,0.8032251479893855,0.8520683760683762,0.7870611954459203
1,0.8619680377492877,0.7321333637123111,0.8476171976171977,0.7875990903183885,0.717541902902996,0.7737867647058824,0.6922660897782585,0.7764087301587302,0.7984892050040355,0.855060506050605,0.7550037866493563
2,0.8959684083396898,0.7094907407407406,0.8678141711229946,0.8036038371791548,0.7943608324043107,0.7674081920903956,0.7063440860215054,0.7813946759259259,0.7966329966329967,0.8513340643274855,0.7993428912783752
3,0.8456843521722415,0.7430786267995572,0.853713768115942,0.7991769547325102,0.841393012445644,0.7372663470224446,0.685626102292769,0.8104858104858105,0.7603365384615385,0.8185272536687632,0.8314935064935064
