,18A2,868Z11,A23,A6,NYE-S1,TCR2-T,TCR3,TCR6,TCR7,T1,FLT3DY
0,0.8415637860082305,0.709619341563786,0.7930640243902439,0.801968050065876,0.7046785714285715,0.736574074074074,0.6654170430593195,0.7527526733964026,0.760815850815851,0.8513297872340425,0.7509645061728395
