,18A2,868Z11,A23,A6,NYE-S1,TCR2-T,TCR3,TCR6,TCR7,T1,FLT3DY
0,0.8160371910371911,0.6464099534953496,0.832559400571823,0.7722367849963451,0.6883918079570254,0.7587682252388136,0.6431556444937354,0.7708169934640523,0.7843438155136268,0.8616040100250627,0.6992962962962963
1,0.8085826210826211,0.6656321206883005,0.8233805668016193,0.7966101694915254,0.7526419690860214,0.7230006105006105,0.6827523602033406,0.7301330572987427,0.8358637410717437,0.8419980443285527,0.780624568668047
2,0.8541600148999574,0.7431969669173851,0.8436079545454547,0.8178551008739688,0.7411183564200806,0.7096108766994843,0.6869999751540449,0.735293329043329,0.8468575007368111,0.8437156215621563,0.8277523156750209
3,0.8779080396727456,0.7607323232323232,0.8353738353738352,0.8203083466241362,0.7240853658536585,0.7127852799494591,0.6872045333583795,0.755032743148193,0.8279251094377145,0.8439303751803752,0.8435606060606059
4,0.88436986671657,0.7682141484044598,0.8375075895567697,0.8148540697560306,0.750514403292181,0.7215977961432508,0.6898989898989899,0.754228255404726,0.7960744394852921,0.8487562189054727,0.8416504223521768
