,18A2,868Z11,A23,A6,NYE-S1,TCR2-T,TCR3,TCR6,TCR7,T1,FLT3DY
0,0.8406588055236703,0.6840501792114694,0.8154372496662216,0.777025427740583,0.6775987297726429,0.6630495169082126,0.5957363452203494,0.7232420826623726,0.7875646737568266,0.8110894097222222,0.8288441692466461
1,0.8839157706093189,0.6899799684609812,0.8003279666070364,0.7578815189512681,0.7107160493827159,0.7172827903091061,0.6293941570881226,0.7484155964072862,0.8038383292420183,0.8077669902912622,0.8151622463331325
2,0.8920930232558139,0.723931623931624,0.8505509641873278,0.7851205975959389,0.7783990887439164,0.7526363486571098,0.6601429015222119,0.7512472283813748,0.764562622270132,0.8865384615384615,0.807615059912854
