,18A2,868Z11,A23,A6,NYE-S1,TCR2-T,TCR3,TCR6,TCR7,T1,FLT3DY
0,0.8546188379521712,0.7025965315703746,0.8197254210326106,0.7875622360874771,0.6435555555555555,0.7487535198532642,0.6871428571428572,0.7650340136054421,0.7601190476190477,0.8452688172043011,0.7725694444444443
