,18A2,868Z11,A23,A6,NYE-S1,TCR2-T,TCR3,TCR6,TCR7,T1,FLT3DY
0,0.7805122430122431,0.6819520264681556,0.7626009468114731,0.7354815566953347,0.7000521119420853,0.7565307443365695,0.6454337644959857,0.7640654488480575,0.727116779763875,0.6484710351377018,0.732410611303345
1,0.8363415451650745,0.7298742923742924,0.8220963682128731,0.797322689669088,0.7510540674603176,0.7438076416337287,0.6680078601953602,0.7906347962382445,0.8167616619885051,0.8405907817672524,0.7659323116219667
2,0.8838453661034306,0.7631387716830754,0.8127604166666668,0.8030349206349205,0.7468797397803483,0.735409322365844,0.670731922398589,0.804338334524093,0.8081325130300158,0.8418954248366014,0.7745587745587746
3,0.8859147025813692,0.8251209574738986,0.864189189189189,0.78701843056063,0.7552283272283272,0.748962459913224,0.6603578431372549,0.8018245614035088,0.7910401002506265,0.8204780361757106,0.7476284399361323
4,0.9028096086919616,0.8277683854606931,0.8395480225988701,0.8281260884709161,0.8073635057471265,0.7410021786492376,0.6437111296760419,0.7868900646678424,0.8039509877469367,0.8205357142857143,0.7852118119975263
