,18A2,868Z11,A23,A6,NYE-S1,TCR2-T,TCR3,TCR6,TCR7,T1,FLT3DY
0,0.8212491781722551,0.7310705167848025,0.822934472934473,0.7214790797941356,0.7722832090582711,0.7016197783461212,0.6337692716640085,0.7455284406747174,0.770631620324396,0.8558897243107769,0.663632325539807
1,0.7757385516151295,0.748691446365865,0.8313969017094017,0.7299503752118132,0.7891780710329096,0.7068562610229278,0.6704016516516517,0.7607343863471314,0.8001204716034821,0.8555113468906571,0.6259259259259259
2,0.8544305555555556,0.7310897435897435,0.8313405797101451,0.7369958431636895,0.8332146248812915,0.6928503595170262,0.6592927313201703,0.7765978122050087,0.7897486772486774,0.8546576879910214,0.6725848851452717
3,0.8771125116713351,0.7272603485838779,0.8245277449822904,0.8118310125982761,0.8283366486691296,0.7134621012584138,0.6477358955407736,0.7607168458781363,0.7670887799564269,0.8447958500669343,0.7462344028520499
4,0.8872486237501405,0.7166182873730044,0.7998633879781419,0.8317044723294722,0.8509374504069465,0.6877532723686569,0.6683981481481481,0.7807060755336618,0.8224247685185185,0.8375621890547263,0.7479901051329622
