,18A2,868Z11,A23,A6,NYE-S1,TCR2-T,TCR3,TCR6,TCR7,T1,FLT3DY
0,0.7980967638245144,0.6220548862115126,0.8221257932064202,0.7936569275221758,0.7469298245614034,0.7477994227994228,0.6232780612244898,0.7750237416904083,0.7466105656848995,0.8429201101928374,0.708335926963378
1,0.8825852510063038,0.708409645909646,0.8380562060889929,0.8195158693054906,0.7689935064935066,0.7771881551362685,0.6014762226729773,0.7766000649772579,0.8268077601410934,0.9125067096081588,0.861686507936508
