,18A2,868Z11,A23,A6,NYE-S1,TCR2-T,TCR3,TCR6,TCR7,T1,FLT3DY
0,0.8406610836188301,0.6732540311921755,0.7657543391188252,0.7654127481713688,0.6996347156224488,0.740451388888889,0.6318957468044689,0.7593395384419228,0.7916962645437845,0.8421041119860018,0.6933058973506263
1,0.8606559708710245,0.7308101851851853,0.8356434527834122,0.7909072310668055,0.7122763920382967,0.7166288737717309,0.6673283174999423,0.7773504273504274,0.7915783898305085,0.8456645664566458,0.8113301958238668
2,0.897942986718497,0.7538580246913581,0.8640625000000001,0.7870944291398837,0.7568756439724181,0.7259845114516396,0.6405597326649958,0.7942090999857366,0.8233397807865893,0.817426400759734,0.8051976346093993
