,18A2,868Z11,A23,A6,NYE-S1,TCR2-T,TCR3,TCR6,TCR7,T1,FLT3DY
0,0.7991192770659042,0.6605498281786941,0.7676123720516244,0.7550509808847853,0.7303332235397454,0.7408854166666666,0.63185389098168,0.7581920183603214,0.7814997531236139,0.8428477690288715,0.6970263828843809
1,0.8694115829285826,0.6688652009771263,0.8341334234843364,0.7911246916348956,0.7541441441441442,0.7162489557226399,0.6671491805931166,0.7852588100229609,0.7901589804230719,0.8456645664566458,0.7992599805258034
2,0.9068568482557141,0.7788742690058479,0.8671474358974359,0.8029576497318432,0.7947916666666667,0.7362351190476191,0.6423872180451128,0.7909171075837743,0.8247868712702472,0.8188509021842355,0.7853234728234728
