,18A2,868Z11,A23,A6,NYE-S1,TCR2-T,TCR3,TCR6,TCR7,T1,FLT3DY
0,0.8436401530469406,0.6984459577440196,0.8069148936170212,0.766912165848336,0.6817739699095631,0.748904312903789,0.6127690567918272,0.7573550952082025,0.7733934153371492,0.8434710743801653,0.7742780646395104
1,0.8996598639455783,0.7572626534890685,0.8184697855750488,0.8185483870967741,0.7829519450800916,0.7761479591836734,0.6261831275720166,0.7654100529100529,0.846670315635833,0.8163690476190476,0.7460379658655519
