,18A2,868Z11,A23,A6,NYE-S1,TCR2-T,TCR3,TCR6,TCR7,T1,FLT3DY
0,0.8116205837173579,0.7570535714285714,0.8102576136837714,0.7861686687459469,0.7143987956487957,0.7333278255122274,0.6641998149861239,0.7950638810853864,0.677276362741479,0.8465013774104683,0.8341607169418414
1,0.8864965443912812,0.7389937106918238,0.8236111111111111,0.7950757575757575,0.781013400795615,0.7151559454191033,0.6531024531024531,0.7993468519784309,0.805,0.8720238095238096,0.8588100763461474
