,18A2,868Z11,A23,A6,NYE-S1,TCR2-T,TCR3,TCR6,TCR7,T1,FLT3DY
0,0.8212690773499826,0.7304676581785016,0.835749849981349,0.7871292714377821,0.6898566645741786,0.7402380952380953,0.6494213393632348,0.7779556159127408,0.809706491292169,0.8390690690690691,0.739106823409149
1,0.8809646856158485,0.6999356775300173,0.8317720530835285,0.7774944460542837,0.8036694101508917,0.7333028083028084,0.6491582491582492,0.788050624589086,0.8227688172043011,0.8755102040816327,0.7487745098039215
