,18A2,868Z11,A23,A6,NYE-S1,TCR2-T,TCR3,TCR6,TCR7,T1,FLT3DY
0,0.8198450267681037,0.6585886297820455,0.844180225281602,0.7530592885375494,0.703125,0.7226162790697673,0.6253968253968254,0.7366011463492161,0.7646504729838064,0.8515946502057613,0.84351369239679
1,0.8353968253968254,0.6912144702842377,0.8066091954022988,0.8359856630824374,0.8109098228663448,0.6828189300411523,0.6205384497549019,0.7327290448343081,0.8001897018970189,0.8641156462585035,0.7549257759784075
