,18A2,868Z11,A23,A6,NYE-S1,TCR2-T,TCR3,TCR6,TCR7,T1,FLT3DY
0,0.7980814712838434,0.6646531886916502,0.7673898531375167,0.7673631404636665,0.7260993083003952,0.740451388888889,0.6229073500745327,0.754935064935065,0.7907736272708715,0.8421041119860018,0.6966938255182352
1,0.8705603364302652,0.7233177881412391,0.8366351138156413,0.7846060943887031,0.7626180101670298,0.7415454545454546,0.6771771771771772,0.7786115119448453,0.7918053874092011,0.8463246324632464,0.7985004868549174
2,0.913448555225493,0.7656091554396639,0.8671474358974359,0.7906270497179588,0.8055941358024691,0.7514467592592592,0.6410035505430243,0.7813018624377651,0.8244573393509563,0.8188509021842355,0.785954785954786
