,18A2,868Z11,A23,A6,NYE-S1,TCR2-T,TCR3,TCR6,TCR7,T1,FLT3DY
0,0.8752788259958072,0.7774651274651275,0.8457320457320456,0.767689085981769,0.6670613700025464,0.6570791177962815,0.6391806722689076,0.773342670401494,0.7883771929824562,0.8603395061728395,0.7912927350427351
