,18A2,868Z11,A23,A6,NYE-S1,TCR2-T,TCR3,TCR6,TCR7,T1,FLT3DY
0,0.8768650793650794,0.6761086744639376,0.8004351265822786,0.8213784899476901,0.7374070983791468,0.756420878210439,0.6673242630385486,0.7225424430641821,0.7874435574907274,0.840661938534279,0.7459490740740741
