,18A2,868Z11,A23,A6,NYE-S1,TCR2-T,TCR3,TCR6,TCR7,T1,FLT3DY
0,0.8323891051878474,0.7113624338624338,0.8092206790123457,0.7576329534662868,0.6604493464052288,0.7376225490196079,0.6262814538676608,0.7263319469201823,0.7513597513597513,0.8421197793538219,0.7751897860593514
