,18A2,868Z11,A23,A6,NYE-S1,TCR2-T,TCR3,TCR6,TCR7,T1,FLT3DY
0,0.8291197303294077,0.6976363953839071,0.8082400149309444,0.7676018281196925,0.6810186047474183,0.7504085606495244,0.6167917313552987,0.7562826951245031,0.7719319611902732,0.8440771349862258,0.7777490916045133
1,0.8937147508576079,0.7576429980276135,0.8205815464587394,0.8199099287808965,0.7975972540045766,0.7756962159863946,0.6694117647058824,0.7854846391998095,0.85224054639347,0.8195436507936508,0.7460815047021944
