,18A2,868Z11,A23,A6,NYE-S1,TCR2-T,TCR3,TCR6,TCR7,T1,FLT3DY
0,0.8422156990650141,0.7602923976608187,0.8068551007147499,0.7558176354865659,0.6969990079365079,0.7433449074074074,0.6038709426173646,0.7786614822669966,0.7973267567896724,0.8581669226830518,0.8062473645372128
1,0.8184469546835778,0.707936507936508,0.8116138763197588,0.7704973649538865,0.743246288885234,0.7376515151515152,0.6307658048052386,0.7848246287762417,0.7822843607727329,0.8678888888888889,0.8062767094017094
2,0.8154223393353828,0.7061077304485012,0.8144169263572248,0.784141726866185,0.7886207994903648,0.6976156690746474,0.6626236792477201,0.7746913580246915,0.796213887122978,0.866017316017316,0.8383131030189853
