,18A2,868Z11,A23,A6,NYE-S1,TCR2-T,TCR3,TCR6,TCR7,T1,FLT3DY
0,0.8284610215053764,0.6987793069511247,0.8076987681970885,0.7646572104018912,0.6716030377668308,0.7511213685912481,0.614278458206352,0.7599035303776683,0.7772635624298028,0.8438016528925619,0.775922738573341
1,0.9068681736260396,0.7571499013806706,0.8176575698505523,0.8075132275132275,0.7670420420420422,0.7765731292517005,0.6152520576131687,0.7789891395154553,0.8486772486772486,0.8157738095238095,0.746168582375479
