,18A2,868Z11,A23,A6,NYE-S1,TCR2-T,TCR3,TCR6,TCR7,T1,FLT3DY
0,0.862620404287071,0.6828612209046993,0.7898501800411523,0.8022727272727272,0.6810661764705882,0.7509160229748465,0.6363538223294322,0.7869656565656568,0.7675174825174826,0.8834307992202729,0.7705934065934067
