,18A2,868Z11,A23,A6,NYE-S1,TCR2-T,TCR3,TCR6,TCR7,T1,FLT3DY
0,0.8251846860337427,0.7477552816901408,0.8081627468060395,0.79766139657444,0.6105122143420018,0.7380295417730555,0.6287075252592494,0.7497549019607842,0.7535714285714287,0.840661938534279,0.8097162032021187
