,18A2,868Z11,A23,A6,NYE-S1,TCR2-T,TCR3,TCR6,TCR7,T1,FLT3DY
0,0.7976543471354441,0.6852494855967078,0.7645304850912328,0.7548972483455243,0.7295852547211243,0.7401620370370371,0.6321645899739207,0.7527994227994229,0.7913370075525618,0.8415791776027998,0.6974697927059085
1,0.8753269916765755,0.6946271929824562,0.8366351138156413,0.7752051767676768,0.763634713144517,0.7139933166248955,0.6666666666666666,0.7786115119448453,0.7923938996502556,0.8450045004500452,0.7998831548198636
2,0.9127865961199295,0.7656443368307775,0.8645833333333334,0.7942110177404295,0.8062606084345214,0.7310586515307879,0.6412385129490393,0.7823775278136332,0.8255748979153235,0.817426400759734,0.7839405964405964
