,18A2,868Z11,A23,A6,NYE-S1,TCR2-T,TCR3,TCR6,TCR7,T1,FLT3DY
0,0.8519392033542977,0.6950661375661374,0.7983630952380952,0.790162264976687,0.7182224741748552,0.7316488685481821,0.6730283935506294,0.7738935574229693,0.7636310050103153,0.8414105594956659,0.7907171201814059
