,18A2,868Z11,A23,A6,NYE-S1,TCR2-T,TCR3,TCR6,TCR7,T1,FLT3DY
0,0.8505216673212684,0.6883952476572959,0.7997349380328104,0.8025398557313451,0.7127163608800839,0.717595704948646,0.6117045454545454,0.7354599277349702,0.8279634824164979,0.8393693693693693,0.7183956916099774
1,0.8945833333333333,0.7295454545454545,0.7973634651600753,0.8217772834013101,0.7826173541963014,0.7330823023130716,0.6294652406417113,0.7557172557172557,0.7889534883720929,0.8163690476190476,0.7865151515151516
