,18A2,868Z11,A23,A6,NYE-S1,TCR2-T,TCR3,TCR6,TCR7,T1,FLT3DY
0,0.8553086419753088,0.6909479409479409,0.8206666666666668,0.8057936507936508,0.8029123414071511,0.7925569800569802,0.6203102453102454,0.6925154320987654,0.774965564738292,0.8323232323232324,0.8826728826728826
