,18A2,868Z11,A23,A6,NYE-S1,TCR2-T,TCR3,TCR6,TCR7,T1,FLT3DY
0,0.8428346647300895,0.6983050117378475,0.8375694444444445,0.7816096104771534,0.7633463691434706,0.7431535947712419,0.5693605006105007,0.7365320786373418,0.7866093366093366,0.8364473684210526,0.7889658119658121
