,18A2,868Z11,A23,A6,NYE-S1,TCR2-T,TCR3,TCR6,TCR7,T1,FLT3DY
0,0.871422747995075,0.6978381642512077,0.8123927696078432,0.7952536231884059,0.7467066826730692,0.7440476190476191,0.6526575836920665,0.7704438418724133,0.808367380482765,0.8417651694247438,0.7523630672926448
