,18A2,868Z11,A23,A6,NYE-S1,TCR2-T,TCR3,TCR6,TCR7,T1,FLT3DY
0,0.8331461515423779,0.7088492063492063,0.8214460784313725,0.7375593542260207,0.668578431372549,0.7404970760233919,0.6271172650482996,0.7618487394957983,0.753957153957154,0.8424743892828999,0.7708281573498965
