,18A2,868Z11,A23,A6,NYE-S1,TCR2-T,TCR3,TCR6,TCR7,T1,FLT3DY
0,0.8479803235266296,0.7676238551042113,0.8204190534642661,0.757246157722348,0.7231930556853462,0.7249700556612414,0.6892125226449276,0.7634924151317595,0.7525739901045098,0.843526170798898,0.7300079949427337
1,0.8915343915343916,0.7965650701499758,0.8346516007532956,0.816326164874552,0.8296593757120072,0.7263525780682644,0.6922833649588869,0.7148148148148148,0.8074074074074074,0.930359937402191,0.7764423076923076
