,18A2,868Z11,A23,A6,NYE-S1,TCR2-T,TCR3,TCR6,TCR7,T1,FLT3DY
0,0.7983250379469801,0.6655058349769889,0.7699821984868714,0.7687512176115332,0.6987694766001687,0.7395833333333334,0.6257166609333792,0.7114810072556551,0.7921045111247192,0.8405293088363953,0.695391309167498
1,0.869592965060427,0.7250277592715966,0.8358688302907371,0.7846866096866097,0.713366087175611,0.7130534670008354,0.6666984490211035,0.7469043256149703,0.7922341606133979,0.8446444644464447,0.7954300551768906
2,0.9128184355027456,0.7910108958837773,0.8358134920634921,0.7996094159588969,0.7647276794135878,0.7298331613347093,0.6414734753550543,0.7653746770025839,0.8234472383408553,0.8164767331433999,0.7929593554593554
