,18A2,868Z11,A23,A6,NYE-S1,TCR2-T,TCR3,TCR6,TCR7,T1,FLT3DY
0,0.7726770771767194,0.6914787821960817,0.7951519260186344,0.775771659238408,0.7147645951035781,0.7808177051824964,0.6678964120370371,0.7876211663753376,0.781443870654698,0.8472222222222222,0.8027777777777777
1,0.8432224741748552,0.7418055555555556,0.7538600288600289,0.7818930041152262,0.8135990507314038,0.7748606757227448,0.6686618288398044,0.7694852941176471,0.8364459535936616,0.8050595238095237,0.787601505248564
