,18A2,868Z11,A23,A6,NYE-S1,TCR2-T,TCR3,TCR6,TCR7,T1,FLT3DY
0,0.8767901234567902,0.7495464852607711,0.8217243419106772,0.822361932938856,0.8067574786324787,0.7405119509043927,0.5905228758169935,0.7553539019963703,0.7809103260869565,0.8568181818181818,0.8691191191191191
