,18A2,868Z11,A23,A6,NYE-S1,TCR2-T,TCR3,TCR6,TCR7,T1,FLT3DY
0,0.839395733761931,0.6712873380914618,0.7660324877614597,0.7631452455590386,0.6989404310844095,0.7410300925925926,0.6309813580604655,0.7132875623647843,0.7918146560522556,0.8421041119860018,0.6941650038798359
1,0.8816564260112646,0.7296527777777778,0.8354856885282849,0.7901136983583793,0.7142101284958428,0.7143008314436886,0.6660859163719576,0.752956349206349,0.7927301923594298,0.8453045304530454,0.8012333657903278
2,0.8962174241677348,0.7612149307064561,0.8205761316872427,0.7825795837159474,0.7665871668418358,0.7262316691382434,0.6428310359231412,0.7696649029982363,0.8253814743176445,0.817426400759734,0.7949434824434825
