,18A2,868Z11,A23,A6,NYE-S1,TCR2-T,TCR3,TCR6,TCR7,T1,FLT3DY
0,0.8331211939702506,0.7149338624338624,0.8198784722222223,0.7455808080808081,0.6523838383838384,0.7366577676074244,0.6270211097797305,0.7671468587434974,0.756043956043956,0.8410559495665879,0.7693788819875778
