,18A2,868Z11,A23,A6,NYE-S1,TCR2-T,TCR3,TCR6,TCR7,T1,FLT3DY
0,0.8167598167598168,0.7459895428645429,0.819663382594417,0.7892739259606399,0.6893430384471818,0.6953603385290456,0.582625444356042,0.7303610279419082,0.7705350739269559,0.8554720133667502,0.7455752733785822
1,0.8427258403361345,0.7597125097125096,0.8411261940673705,0.7351565101565102,0.7653942174068108,0.6999674160964484,0.5933226495726496,0.7273973906423034,0.7988902082572159,0.8644495805512755,0.7204106280193235
2,0.8557201646090534,0.7500641025641025,0.866579113770125,0.6873574120914547,0.7946242946242946,0.7093445419103314,0.6290609860359077,0.7335260499734183,0.7950117889773063,0.8645764576457645,0.7654166666666667
3,0.8613,0.7847156954887219,0.8521771771771772,0.7245139876718825,0.8091622827992987,0.7008512126865671,0.6184210526315789,0.7320146276595745,0.7991822002923975,0.8798809523809523,0.8807739269277731
4,0.8651587301587301,0.7506009615384616,0.851213282247765,0.7682024533951513,0.8334066619003098,0.7285921625544267,0.636879348513599,0.7263799133717832,0.7877940379403795,0.8760064412238325,0.8674080549080548
