,18A2,868Z11,A23,A6,NYE-S1,TCR2-T,TCR3,TCR6,TCR7,T1,FLT3DY
0,0.8223650263429471,0.7737911025145069,0.8160795507286734,0.7352884820097936,0.7588394846459362,0.6602442696192696,0.6593591140159768,0.7405211535646318,0.7901660930961497,0.8330280830280831,0.7987006013745704
1,0.8319382440476191,0.7745061728395063,0.8321383477633478,0.7153730703259004,0.7766259465766855,0.7132596743053806,0.6874691853039888,0.7403583502366464,0.7639506172839506,0.8009708737864077,0.7580862713675214
2,0.8679813470375506,0.8019739145658263,0.7805166088748178,0.7827370714367619,0.8352777777777778,0.7646933132227249,0.7254897997682378,0.7587185354691076,0.7441569954867827,0.8124098124098124,0.7809409888357258
