,18A2,868Z11,A23,A6,NYE-S1,TCR2-T,TCR3,TCR6,TCR7,T1,FLT3DY
0,0.8408122408122409,0.6772030651340996,0.8302956402686861,0.7754558513967117,0.6797348918145074,0.748118944547516,0.6481147231147232,0.7303046889253785,0.7825500238507694,0.8631810897435898,0.7969148376011529
1,0.8649912331969608,0.683127572016461,0.8427978883861237,0.7664753706360594,0.7652995813710101,0.7181164717348928,0.6560064935064935,0.7811789311241065,0.7938176623897353,0.8876078748651564,0.7971322016460906
2,0.8819919827320382,0.7067204301075268,0.8754357298474945,0.8080193830193831,0.7841659488946311,0.7165719228868017,0.6625591757170705,0.7838541666666666,0.768994708994709,0.990625,0.7926388888888889
