,18A2,868Z11,A23,A6,NYE-S1,TCR2-T,TCR3,TCR6,TCR7,T1,FLT3DY
0,0.8508930777648346,0.7384558341176807,0.8348964311089251,0.7627968519091315,0.7414848412190964,0.7417671614100186,0.6773541963015647,0.7121636613863611,0.8093141366135495,0.8423228346456693,0.7486952861952862
1,0.8639506172839506,0.7099782933116265,0.8354289940828402,0.7564278491983245,0.7787667887667887,0.736982362635436,0.6975798959494611,0.7590252009894867,0.7982804232804233,0.8591503267973857,0.7691615226337447
2,0.8803665006672525,0.7534486016628873,0.8202938475665748,0.7736264156718701,0.8093707343707344,0.7190418462643678,0.657032867494824,0.8023892773892775,0.7599896019013667,0.8739177489177489,0.7653823178016727
