,18A2,868Z11,A23,A6,NYE-S1,TCR2-T,TCR3,TCR6,TCR7,T1,FLT3DY
0,0.8028098028098029,0.7531039562289562,0.7957063985014295,0.7583774250440918,0.7083275798582344,0.7429950375211813,0.6035258472758472,0.7689498504715896,0.7799832285115306,0.8526936026936026,0.7392349096501345
1,0.806231327358088,0.763499245852187,0.8354172795920368,0.7716186299081036,0.7120942112922867,0.743074074074074,0.6239428571428571,0.7492343230897011,0.7821139325295334,0.8385467980295567,0.7615641738149893
2,0.8465432098765433,0.7877121913580248,0.8504213483146067,0.7771914738378153,0.7954265873015873,0.7656432748538012,0.6038803179055634,0.7442472057856673,0.8262061403508771,0.8408702408702409,0.7577649077649079
3,0.8749721293199553,0.78694743130227,0.8660312097812097,0.796853722042466,0.8160863688661015,0.6985713088654265,0.5877098048150678,0.7481586700336701,0.813656712685074,0.823885918003565,0.7511015554493815
4,0.868553960659224,0.8192918192918194,0.8613572162300976,0.7734504913076341,0.8333233652312599,0.6903091060985798,0.5632086167800454,0.7541761148904006,0.809349380777952,0.830952380952381,0.790908087829637
