,18A2,868Z11,A23,A6,NYE-S1,TCR2-T,TCR3,TCR6,TCR7,T1,FLT3DY
0,0.8065645613083943,0.7545795642612619,0.8292549019607843,0.7648663836163836,0.7565539440789341,0.728129117259552,0.6082351823708206,0.7682588075880759,0.771286231884058,0.8649097815764484,0.7986263736263736
1,0.8074383164005806,0.736768219832736,0.8448198198198199,0.8179725778409989,0.8179141337386019,0.7093050373134329,0.5627690100430416,0.7750911778153476,0.7302231816520468,0.8368217054263566,0.754900234741784
2,0.8682716049382716,0.7313034188034188,0.8457446808510639,0.8172322775263953,0.8551925791490221,0.7128726287262873,0.5945214206083771,0.7649382716049381,0.7491071428571429,0.7492929292929293,0.7785674470457079
