,18A2,868Z11,A23,A6,NYE-S1,TCR2-T,TCR3,TCR6,TCR7,T1,FLT3DY
0,0.7978590843305448,0.6642525476660092,0.763495772140632,0.7570364787248148,0.7282265590689504,0.7413194444444443,0.6326330532212885,0.7163275613275614,0.7937130026536029,0.831929181929182,0.6963681964305509
1,0.8765133171912832,0.7259160559626915,0.8346743295019158,0.7912305948020233,0.774906906906907,0.7159670008354219,0.6704311342592594,0.7547354497354496,0.7946386534839925,0.8354444444444445,0.7957935735150925
2,0.9115649246084029,0.7891025641025641,0.833746693121693,0.8023764233441653,0.8060100773985767,0.7288011695906432,0.6504971198611221,0.7750094705248127,0.8261766602192134,0.8088023088023087,0.782046657046657
