,18A2,868Z11,A23,A6,NYE-S1,TCR2-T,TCR3,TCR6,TCR7,T1,FLT3DY
0,0.7852275352275352,0.6792224979321754,0.7588972431077695,0.7366112810530218,0.7028689736764271,0.753040776699029,0.6623724082934609,0.7638547638547638,0.7489362655853471,0.6487749287749288,0.7334678969627065
1,0.8393581364169599,0.7319555444555444,0.8215896832401687,0.8128447000269033,0.7465455350118018,0.7438296003513395,0.647943555929667,0.7972329059829061,0.8067595686067639,0.8405907817672524,0.786172839506173
2,0.8901824199507389,0.7665513498846832,0.8118607954545455,0.8236691086691086,0.7538651881324295,0.7188282828282828,0.6455047611962507,0.8033032443746729,0.788350194893356,0.8412418300653596,0.7825626754198183
3,0.8849924585218704,0.7951734539969834,0.8596846846846846,0.8216407982261641,0.7841522045028144,0.7230769230769232,0.6388836675020886,0.8239615987460814,0.7945040802183659,0.8204780361757106,0.7511731188201777
4,0.9054197436550377,0.8091836734693878,0.8333333333333334,0.8228653530377669,0.8372730573710966,0.7199166666666666,0.6121993719362745,0.801940945233628,0.8185400516795865,0.8183531746031746,0.7810760667903525
