,18A2,868Z11,A23,A6,NYE-S1,TCR2-T,TCR3,TCR6,TCR7,T1,FLT3DY
0,0.8101869962067331,0.6962284913965586,0.8234773136307663,0.7517682487611411,0.7276281804300982,0.7507642031171443,0.5977586206896551,0.7933514683514683,0.7362304570951187,0.8648406731113498,0.7410484052402956
1,0.823790761824443,0.713991280221958,0.8585698282300224,0.7630385487528345,0.727069835329659,0.7497377955758964,0.6415718278925826,0.793849788204627,0.7813941753171857,0.8448681732580038,0.7592760332796565
2,0.8242595445985277,0.7911961227178619,0.8440574282147315,0.7854417206290473,0.7394295519295521,0.7624411422980492,0.6566739901325932,0.7910888921325353,0.830355276907001,0.8482448244824482,0.7791089009443439
3,0.8553921568627452,0.8108187134502924,0.862033462033462,0.7989731066654143,0.7679883512544802,0.7635663914688683,0.6831277755792992,0.8032921810699589,0.8118181818181819,0.8563235294117647,0.7818627450980392
4,0.8554146341463414,0.8331517792302107,0.8509259259259259,0.8262208781362007,0.7865624999999999,0.7656439393939394,0.6696466973886328,0.7943632772008057,0.7807539682539684,0.8865079365079365,0.7695084064327485
5,0.8448207565854625,0.8252794214332676,0.9160997732426304,0.8343434343434343,0.7855458717527685,0.762057387057387,0.6839150432900434,0.7876923076923078,0.8411764705882353,0.8303030303030302,0.793109668109668
