,18A2,868Z11,A23,A6,NYE-S1,TCR2-T,TCR3,TCR6,TCR7,T1,FLT3DY
0,0.8327721661054994,0.7201223320626307,0.8083921222810112,0.808187393414666,0.7073592257415786,0.6905744754041967,0.6049021779254337,0.7961469534050178,0.7968521992912235,0.8157801418439717,0.8019492873944928
