,18A2,868Z11,A23,A6,NYE-S1,TCR2-T,TCR3,TCR6,TCR7,T1,FLT3DY
0,0.7950354841518634,0.6360610345233887,0.819020743119415,0.7927039627039627,0.7849794238683128,0.7460497835497836,0.621657196969697,0.7592102684695278,0.776351826051751,0.8396696696696697,0.7480775193798449
1,0.8880420385208346,0.7426637321595305,0.8116133082234778,0.8473304473304474,0.782999023364135,0.7592185592185592,0.6492307692307692,0.7502374169040835,0.7982113821138211,0.8743197278911564,0.7560851571268238
