,18A2,868Z11,A23,A6,NYE-S1,TCR2-T,TCR3,TCR6,TCR7,T1,FLT3DY
0,0.8174769674769675,0.6625365853658537,0.8099012654707273,0.763967125311663,0.7809587690681626,0.7568440082644629,0.6888840161460691,0.7103140394088671,0.7720353417074729,0.8504982254982254,0.7846770025839792
1,0.8693926846100758,0.6495956873315364,0.769040984558226,0.8022732064477794,0.7987337765115542,0.7583379020467835,0.6713219051791811,0.7672672672672673,0.771157813598132,0.8652777777777777,0.8962778331671651
