,18A2,868Z11,A23,A6,NYE-S1,TCR2-T,TCR3,TCR6,TCR7,T1,FLT3DY
0,0.8375969185717613,0.7405246494798735,0.8068094135802469,0.8058988900198729,0.7777865074376701,0.7513638205679727,0.7311982647957151,0.7568376068376068,0.738445710667933,0.9036458333333334,0.8042154721725895
