,18A2,868Z11,A23,A6,NYE-S1,TCR2-T,TCR3,TCR6,TCR7,T1,FLT3DY
0,0.7995812714122573,0.7432162614929094,0.8173197791987757,0.7524237340663488,0.7767207340378072,0.6684160067732456,0.697454420364637,0.7703505644682115,0.7970357142857143,0.865295238095238,0.7736198509394386
1,0.8907847800237811,0.7396796796796797,0.8330067920585161,0.7640628220985364,0.831742580581761,0.6831692451945616,0.720346649298017,0.8178173747947456,0.7975136815080061,0.8387651265126513,0.8058879392212726
2,0.9087071321113874,0.7303076402974984,0.828042328042328,0.8077551020408164,0.838037323037323,0.7432734842570907,0.709368774247667,0.8181540681540681,0.8044802867383511,0.8623737373737373,0.8049180327868851
3,0.9132098765432098,0.7431286549707602,0.8234126984126985,0.7884967320261437,0.8411654135338346,0.7621933621933622,0.6637948717948717,0.8303385416666668,0.7901958111853165,0.7861635220125787,0.7858557162534434
