,18A2,868Z11,A23,A6,NYE-S1,TCR2-T,TCR3,TCR6,TCR7,T1,FLT3DY
0,0.8125769525140595,0.7302737520128826,0.7956372170781894,0.7554043839758126,0.7429386457164235,0.6663237039968343,0.6497867070317875,0.7834682539682539,0.7726774483378257,0.8072916666666666,0.7843915343915344
