,18A2,868Z11,A23,A6,NYE-S1,TCR2-T,TCR3,TCR6,TCR7,T1,FLT3DY
0,0.8728158602150536,0.7070207570207571,0.896843853820598,0.8088624338624338,0.7829761904761905,0.7738095238095238,0.6636677162992952,0.710514233241506,0.6828554587175276,0.9282828282828283,0.792048611111111
