,18A2,868Z11,A23,A6,NYE-S1,TCR2-T,TCR3,TCR6,TCR7,T1,FLT3DY
0,0.8872431208638106,0.7100417318727178,0.8162914321450906,0.7531505986137366,0.6786674669867946,0.7496410256410256,0.6202683711863638,0.7656244830438378,0.7974965706447188,0.8545536005213424,0.826957671957672
