,18A2,868Z11,A23,A6,NYE-S1,TCR2-T,TCR3,TCR6,TCR7,T1,FLT3DY
0,0.8062542645341105,0.6984491378430772,0.8203409682457053,0.7459127824858757,0.7149914965986395,0.7492307692307693,0.6034844054580897,0.7245510216098451,0.7735866297031887,0.8554720133667502,0.7778566919191919
1,0.84126559714795,0.7386658285534691,0.8279832766439909,0.7501877751877752,0.7388888888888889,0.7159009449332031,0.6210807436182021,0.7573297073297073,0.7630517801655637,0.8530389363722698,0.7486000589448865
2,0.8699690610707561,0.793801652892562,0.7937301587301587,0.7722424242424242,0.7658612754766602,0.6657285575048734,0.6004011015325671,0.7697862932940308,0.819810606060606,0.8608305274971942,0.7624095989480605
3,0.8661742846525455,0.7986654031430152,0.8002738654147105,0.8258683324472798,0.7968156918564527,0.6979138321995464,0.5866221592028044,0.769553624963323,0.8131949749596808,0.8798809523809523,0.767447199265381
4,0.845476827094474,0.8165618448637316,0.7915360501567399,0.8189256066411238,0.7985520361990951,0.7030651340996168,0.5620320855614973,0.7713888888888888,0.8110831736909323,0.8482035024154589,0.7831566438377585
5,0.8606481481481483,0.7793749999999999,0.7987818383167221,0.8163265306122449,0.8037304131054132,0.683080808080808,0.5777777777777778,0.7936363636363636,0.8016304347826088,0.8444706498951783,0.7801660010962337
