,18A2,868Z11,A23,A6,NYE-S1,TCR2-T,TCR3,TCR6,TCR7,T1,FLT3DY
0,0.8185202143535477,0.7090162809213959,0.8346036585365854,0.7204739704739705,0.7685906862745098,0.7310539215686275,0.6751838946960899,0.7467743271221533,0.7520193221412733,0.840661938534279,0.744051282051282
