,18A2,868Z11,A23,A6,NYE-S1,TCR2-T,TCR3,TCR6,TCR7,T1,FLT3DY
0,0.8642235740450026,0.6715534979423868,0.785,0.7896821173256701,0.736321702594081,0.7002314814814815,0.56206195843877,0.7508140008140008,0.732937062937063,0.9088304093567251,0.7784395473496128
