,18A2,868Z11,A23,A6,NYE-S1,TCR2-T,TCR3,TCR6,TCR7,T1,FLT3DY
0,0.8674968071519796,0.7151491769547326,0.7986478542034098,0.8005050505050505,0.727403846153846,0.7110616917881559,0.624931757484544,0.756583081950729,0.7551282051282051,0.860701754385965,0.7440200617283951
