,18A2,868Z11,A23,A6,NYE-S1,TCR2-T,TCR3,TCR6,TCR7,T1,FLT3DY
0,0.8310737623410754,0.7301745873174444,0.7961431356168198,0.7017855646389425,0.666303664322872,0.7615239399219983,0.6403548954842443,0.7764492753623188,0.7897170781893004,0.854875283446712,0.786871114996115
1,0.8254195011337869,0.7318452380952382,0.8419500674763833,0.710721829256312,0.718596903782089,0.7509460863498131,0.6816258955505279,0.7891597899474868,0.8117011460761461,0.8513770180436847,0.7753105590062113
2,0.8313319698411735,0.7445054945054945,0.8452933832709114,0.7359432624113476,0.7364659823792659,0.7655381944444445,0.6653064663681448,0.784516765285996,0.8069622910892752,0.8511616161616162,0.7761885683760683
3,0.8492476851851852,0.7796015712682379,0.8442288442288443,0.7676497291881907,0.7570346320346321,0.7419647792782121,0.6638385668276973,0.8005921770297647,0.8559147382676794,0.8423529411764706,0.8048950785024154
4,0.8636961722488038,0.8124899209804871,0.8498556998556999,0.775364758698092,0.7434242277992277,0.7054473304473304,0.6610600575512856,0.822508783293097,0.8494296085040186,0.8137566137566138,0.8113697705802969
5,0.8660611303344868,0.8592657342657342,0.8288888888888889,0.7765079365079366,0.7760789934702977,0.7562446167097331,0.6281928480204342,0.8203323558162268,0.8520061728395062,0.8139329805996472,0.8593559218559218
