,18A2,868Z11,A23,A6,NYE-S1,TCR2-T,TCR3,TCR6,TCR7,T1,FLT3DY
0,0.785617212044195,0.743847072879331,0.8280985758789496,0.790402090117169,0.7500432917732311,0.7323960761460762,0.6251242212284523,0.7710979278074866,0.6959870904883693,0.8428477690288715,0.7389322916666666
1,0.861528114070487,0.7771565869667136,0.803940568475452,0.7730842842698252,0.7868732731464373,0.7280177117434735,0.6640625,0.7786906403258606,0.8146596701424077,0.8628640776699029,0.8440838675213674
2,0.8587854832914122,0.7670962806026366,0.8368406285072951,0.8031336381720013,0.7514850740657192,0.7254563894523326,0.6775875639512003,0.7787216148023549,0.8123143196672609,0.8796296296296297,0.8502178649237472
