,18A2,868Z11,A23,A6,NYE-S1,TCR2-T,TCR3,TCR6,TCR7,T1,FLT3DY
0,0.8190278856945524,0.7327275515681313,0.8425134536245649,0.7829805996472663,0.7308953717719371,0.7328542404524613,0.5911123889847295,0.7566985483652151,0.7377455877455877,0.8414499605988969,0.767062517062517
