,18A2,868Z11,A23,A6,NYE-S1,TCR2-T,TCR3,TCR6,TCR7,T1,FLT3DY
0,0.8384479717813051,0.6948543880362062,0.8075121313923105,0.7692610062893083,0.6792905775956624,0.7549024558568567,0.6110176719759263,0.7351218740107629,0.785037140927744,0.83996996996997,0.7786670491489769
1,0.8944918699186992,0.7436668270001604,0.8236679662118259,0.8239357864357865,0.774071466291146,0.7543048469387754,0.5835472370766488,0.7584678695789807,0.8182471264367818,0.8141865079365079,0.7461250435388367
