,18A2,868Z11,A23,A6,NYE-S1,TCR2-T,TCR3,TCR6,TCR7,T1,FLT3DY
0,0.7742042271454035,0.7381529162052418,0.8109824623665455,0.7775267249757046,0.7494222327211165,0.6837454212454213,0.6197905119738004,0.7709977324263039,0.8024215367965368,0.8319088319088319,0.7570307108350587
1,0.8460423634336678,0.7788153178645537,0.8301360544217687,0.7677948717948717,0.8470807210031349,0.8049732574189096,0.5981409040619566,0.815103448275862,0.7581970288115246,0.8341085271317829,0.7209322325421397
2,0.8627325482164192,0.8310185185185185,0.8700748620961387,0.7872685185185185,0.8772222222222222,0.7661240310077518,0.6635287789133942,0.7998846597462514,0.8177083333333334,0.8029835390946501,0.7885674931129477
