,18A2,868Z11,A23,A6,NYE-S1,TCR2-T,TCR3,TCR6,TCR7,T1,FLT3DY
0,0.8252956567242281,0.7494699529583251,0.8180087569008186,0.7872117794486216,0.7383357383357384,0.6686395202020202,0.6553574203574204,0.7646581196581197,0.7961422333704942,0.8503196150254974,0.7057320698625046
1,0.8330864197530864,0.7018465909090909,0.8420394420394421,0.7755387886966835,0.7433268858800773,0.7196589052287582,0.5991652535529716,0.7786378919383846,0.7975351339481774,0.7849326599326599,0.6922828638497652
2,0.878922558922559,0.6657046657046658,0.7738475177304965,0.8118881118881118,0.7940860215053763,0.7105218855218856,0.6484848484848484,0.8004469987228607,0.8102639296187683,0.8333333333333334,0.7574074074074074
