,18A2,868Z11,A23,A6,NYE-S1,TCR2-T,TCR3,TCR6,TCR7,T1,FLT3DY
0,0.8295947001989202,0.7427274017312331,0.806556285880689,0.7614339464882942,0.7070894324601952,0.7193972349251853,0.6745221027479092,0.734597614247312,0.7945807941044524,0.8070728291316526,0.7225438252223967
1,0.8362516676195922,0.7275213675213674,0.8308183183183183,0.7630512865806983,0.7767583171834626,0.7277094250778462,0.6786724852542642,0.7499759499759501,0.7693975874663591,0.8002799310938845,0.7351119894598156
2,0.8576839826839828,0.7685830429732868,0.8238335738335737,0.7589653935807782,0.8446386946386947,0.7835721556651789,0.6192927841634738,0.821649614753063,0.7320837687216998,0.7893081761006289,0.8236647073856376
