,18A2,868Z11,A23,A6,NYE-S1,TCR2-T,TCR3,TCR6,TCR7,T1,FLT3DY
0,0.8408496732026144,0.7174811843929491,0.8559794372294371,0.7336297760210804,0.7896230158730159,0.7363958209546445,0.5375518274239004,0.7513153311701406,0.7877578784925277,0.8665377176015475,0.8151333212952933
