,18A2,868Z11,A23,A6,NYE-S1,TCR2-T,TCR3,TCR6,TCR7,T1,FLT3DY
0,0.8612390103932069,0.6597417840375587,0.8071870816599732,0.7850910663410664,0.7553181272509004,0.7434824807115827,0.6187110756076274,0.731969510527755,0.7552579365079365,0.8812865497076023,0.7361465201465202
