,18A2,868Z11,A23,A6,NYE-S1,TCR2-T,TCR3,TCR6,TCR7,T1,FLT3DY
0,0.7807461307461306,0.6783457402812242,0.7625174046226677,0.7350904940674824,0.7185031155319269,0.7564168284789644,0.6435646850176289,0.7638132203349595,0.6948444223766964,0.64653371320038,0.7330834294502114
1,0.8441299993538799,0.73249666999667,0.8228809126867378,0.813109530535378,0.6652845944742088,0.7444590835895184,0.6692212301587301,0.79741452991453,0.8062320497040032,0.8400305576776166,0.7881481481481482
2,0.8616698595146871,0.7637716830754805,0.8126183712121212,0.8229487179487179,0.7652843315184513,0.7358303956130045,0.6683509700176367,0.8028126635269492,0.7929761904761904,0.8405882352941177,0.7825983540269256
3,0.8709033613445379,0.8242296918767508,0.8482716049382716,0.8190666041275798,0.7552794022092267,0.7507702949129095,0.657279411764706,0.8244296412399862,0.7982377982377983,0.8217700258397933,0.7529537456008044
4,0.8841707516339868,0.8295985060690944,0.8389830508474576,0.8297273982056591,0.8120443959621145,0.7444008714596949,0.6384943841084192,0.8027785222907174,0.8303350970017637,0.8199404761904762,0.7650432900432901
