,18A2,868Z11,A23,A6,NYE-S1,TCR2-T,TCR3,TCR6,TCR7,T1,FLT3DY
0,0.8524246513720198,0.7278661616161616,0.8312295751633988,0.7631715829390248,0.7433654420549582,0.7507739938080494,0.6157131782945736,0.7344422376696458,0.7241433947316299,0.8635005973715651,0.7711476909007774
