,18A2,868Z11,A23,A6,NYE-S1,TCR2-T,TCR3,TCR6,TCR7,T1,FLT3DY
0,0.8231853134599131,0.6919682889051928,0.8237893081761007,0.7785581354129741,0.6927633920160766,0.6617251461988305,0.6644606441776254,0.7776795137751574,0.7539987752602572,0.8428477690288715,0.7045158519011195
1,0.8363913068214144,0.7195425272040862,0.7948000768935026,0.7687755986137366,0.7924442299442299,0.7020078686745354,0.6505011579099724,0.7827326612156335,0.7785319780933816,0.845964596459646,0.7439471569218403
2,0.8801965230536659,0.7167735042735043,0.7961111111111111,0.8038011695906433,0.8381851560451089,0.7312146892655368,0.6322728978978979,0.8001409443269908,0.8194444444444443,0.8728354978354979,0.7604200150005358
