,18A2,868Z11,A23,A6,NYE-S1,TCR2-T,TCR3,TCR6,TCR7,T1,FLT3DY
0,0.8602718175773204,0.8031884057971014,0.8056922501366947,0.7787206480388299,0.8047052543277663,0.6564542483660131,0.6287038269796891,0.7407017367901978,0.770664174309247,0.8572463768115942,0.7716729534775991
