,18A2,868Z11,A23,A6,NYE-S1,TCR2-T,TCR3,TCR6,TCR7,T1,FLT3DY
0,0.8438149972632732,0.7422465753424659,0.828634212305612,0.7348010516615169,0.779334100835115,0.7082207683711443,0.636752915451895,0.7322386489053155,0.7567381128356737,0.8981563204864177,0.8384330316148499
1,0.8757122507122509,0.7082146248812916,0.8798611111111111,0.7804279054279055,0.7738518518518518,0.6650252525252526,0.6591320406278854,0.8176918866574039,0.8417391304347825,0.8920335429769394,0.8046124031007752
