,18A2,868Z11,A23,A6,NYE-S1,TCR2-T,TCR3,TCR6,TCR7,T1,FLT3DY
0,0.8568497232865049,0.7449139280125197,0.82421875,0.7410386330840876,0.7458335315478172,0.7562674802949402,0.6277818453606675,0.7632222222222222,0.7887626525837907,0.840661938534279,0.7757891618185736
