,18A2,868Z11,A23,A6,NYE-S1,TCR2-T,TCR3,TCR6,TCR7,T1,FLT3DY
0,0.8265628860884605,0.7124727286894187,0.8161938139741878,0.796654155677284,0.6647231314784506,0.7795042259327974,0.6545951579284913,0.7418609742747674,0.6704991855897289,0.8369422572178479,0.7322336171310629
1,0.8382407276782416,0.7064290473017989,0.8372015610651974,0.8222716049382716,0.8257474600870829,0.769783950617284,0.6823907152115,0.7690255731922399,0.8004947852508827,0.8513820132013201,0.7686529503105589
2,0.9035669191919191,0.7647422316384181,0.8661616161616162,0.8391771856007479,0.8387057387057387,0.7709048527230346,0.705921855921856,0.793226293669556,0.7845110087045571,0.8517917267917268,0.7843448490507313
