,18A2,868Z11,A23,A6,NYE-S1,TCR2-T,TCR3,TCR6,TCR7,T1,FLT3DY
0,0.8809911082194751,0.7335710451652481,0.8249126811218314,0.7918340524723503,0.7343064182194617,0.7499470899470899,0.672720062254946,0.7588354389374797,0.7486363636363637,0.8518617021276597,0.7307835234256639
