,18A2,868Z11,A23,A6,NYE-S1,TCR2-T,TCR3,TCR6,TCR7,T1,FLT3DY
0,0.7790999476713761,0.7412856240981242,0.8222589098532495,0.7774033437826541,0.7470554717613541,0.6536140350877193,0.6481654610585428,0.7618573253056011,0.7671688099612166,0.8433727034120735,0.7058956916099773
1,0.8611241645781119,0.754019542527204,0.8104450113378685,0.8148127382821261,0.7823480531813866,0.7287758985450722,0.6222496570644719,0.8035582692915044,0.7646082799591573,0.8459645964596461,0.798824673029339
2,0.8959373959373959,0.736533693937345,0.8075396825396824,0.8307124273033364,0.8118085618085619,0.7624022286510233,0.6685881370091896,0.8112804063084736,0.8274144608136703,0.8529942279942281,0.7497060552616107
