,18A2,868Z11,A23,A6,NYE-S1,TCR2-T,TCR3,TCR6,TCR7,T1,FLT3DY
0,0.8333707696915243,0.7133201058201059,0.8214538323045267,0.768918982794479,0.6650787878787879,0.7322590897533688,0.626984126984127,0.7264804911863735,0.7536241536241537,0.8403467297084318,0.7710628019323672
