,18A2,868Z11,A23,A6,NYE-S1,TCR2-T,TCR3,TCR6,TCR7,T1,FLT3DY
0,0.8379351155666946,0.7449650772699775,0.8028095497458242,0.7857889129463519,0.7037848236221204,0.6730808510638298,0.6901523168189835,0.7465462506841817,0.7851443180772094,0.8518290598290599,0.7865686274509804
1,0.8331986350574713,0.7258155428732472,0.822241428983002,0.7752253968253968,0.7453609986504723,0.7329900738991647,0.7008583563515399,0.7710656270305393,0.7796446078431373,0.8676143790849674,0.7632555673382821
2,0.8693415637860081,0.7940277777777777,0.8059917355371901,0.8025641025641025,0.8108058608058607,0.747111631537861,0.6776282103107231,0.7629629629629631,0.8270883555182894,0.8631493506493507,0.837060866013072
