,18A2,868Z11,A23,A6,NYE-S1,TCR2-T,TCR3,TCR6,TCR7,T1,FLT3DY
0,0.8205705705705705,0.7317801672640383,0.8203563941299791,0.7557847564313082,0.7286988720219271,0.6529583478003678,0.701424623594435,0.7293217893217894,0.7583709409689803,0.8651047619047619,0.7969751276202889
1,0.791034873055832,0.7642942583732059,0.8527393310265282,0.7422222222222222,0.7935836385836387,0.6963815789473684,0.6730729082786059,0.7539437585733881,0.752357026143791,0.8778611111111111,0.75625
2,0.8592229283718645,0.7765824225865209,0.878954991087344,0.7572469850863204,0.8167087542087543,0.7336713995943205,0.6615732880588568,0.779173852344584,0.7827537558148402,0.8861111111111111,0.7825568018406672
