,18A2,868Z11,A23,A6,NYE-S1,TCR2-T,TCR3,TCR6,TCR7,T1,FLT3DY
0,0.7727898312513698,0.676228287841191,0.7601225285435812,0.7504892425582081,0.7041844481063647,0.7511111111111112,0.6493683891933223,0.7623532623532624,0.7496672597373939,0.6471035137701805,0.7298154555940023
1,0.8300129320890566,0.7302072927072927,0.8189255009643359,0.8186287310726174,0.7601727843915344,0.7418349935926027,0.6761161607500142,0.7966666666666665,0.8102471432099886,0.8400305576776166,0.7684227330779055
2,0.8532018440893966,0.7629278012189404,0.8120975378787879,0.8206511175898931,0.749498991892501,0.7186969696969697,0.6678395061728395,0.8012166405023549,0.7888494722550695,0.8405882352941177,0.7778530992816707
3,0.8579756596060945,0.8229140140904847,0.8338953284158764,0.8281552810077519,0.7513797313797314,0.7198903867102396,0.6629780595813205,0.8185471738663228,0.833948948948949,0.819186046511628,0.7513658216783217
4,0.8813303099017386,0.8335334133653461,0.801230697782422,0.8346233096116219,0.8130396524225926,0.7220833333333333,0.6433583959899749,0.8102136752136753,0.8450996677740864,0.8151785714285714,0.7803803339517624
