,18A2,868Z11,A23,A6,NYE-S1,TCR2-T,TCR3,TCR6,TCR7,T1,FLT3DY
0,0.8465343258891647,0.7767885406774296,0.800031969309463,0.7563657770800628,0.7465137201979307,0.6761544666263358,0.6542770299609205,0.7565893901420218,0.7251410934744268,0.8054093567251462,0.80801393728223
1,0.8593426501035196,0.7235526527979358,0.8403157255616271,0.7500833333333334,0.7817190978955685,0.755528422195089,0.7021929824561403,0.705105105105105,0.8054938271604938,0.8287671232876712,0.7908270226329526
