,18A2,868Z11,A23,A6,NYE-S1,TCR2-T,TCR3,TCR6,TCR7,T1,FLT3DY
0,0.8514415584415586,0.731211572244181,0.8512658227848102,0.7544522144522144,0.7681243000183876,0.7363683127572017,0.6494388636606883,0.776470588235294,0.7431013431013431,0.8385342789598109,0.7544540748766101
