,18A2,868Z11,A23,A6,NYE-S1,TCR2-T,TCR3,TCR6,TCR7,T1,FLT3DY
0,0.822706093189964,0.7732738975117024,0.7992869875222817,0.7633248926906093,0.7833404195011339,0.6695695826785402,0.5764083411142235,0.7622240437158471,0.7593915343915345,0.8566066066066066,0.8033364987041763
1,0.8709045584045584,0.7795933188090051,0.7863470773306839,0.8059238215488215,0.8283788174139052,0.7173636363636363,0.6660925925925926,0.7604765325670497,0.7899967416096448,0.806423611111111,0.7876361655773421
