,18A2,868Z11,A23,A6,NYE-S1,TCR2-T,TCR3,TCR6,TCR7,T1,FLT3DY
0,0.814453228454897,0.708988988988989,0.8369031682284694,0.8052022741463736,0.7372108436561562,0.7001970505975083,0.7111406619385342,0.7728052126200274,0.8186484474225901,0.9020261437908497,0.8738977072310407
1,0.8070887445887447,0.8247863247863249,0.8548683701122726,0.8178702671456294,0.8186663554310614,0.7108843537414966,0.7036576168929111,0.8083760683760683,0.8083972719522592,0.9851190476190476,0.8885093167701864
