,18A2,868Z11,A23,A6,NYE-S1,TCR2-T,TCR3,TCR6,TCR7,T1,FLT3DY
0,0.8544030044030043,0.6942797540623628,0.7928883744855968,0.7791982323232324,0.6967889536767088,0.7561111111111112,0.6144913386292697,0.7414957457833943,0.7527511961722487,0.8679824561403509,0.7916557314903917
