,18A2,868Z11,A23,A6,NYE-S1,TCR2-T,TCR3,TCR6,TCR7,T1,FLT3DY
0,0.7790343160061469,0.7118713450292398,0.8326273905788731,0.800024407110605,0.6793672511063815,0.7346643518518517,0.6178018278018277,0.7520147197894823,0.7291095890410958,0.8433727034120735,0.761845562967455
1,0.8564132553606237,0.7308420745920746,0.8534386801828662,0.8239894064384518,0.7193732193732193,0.7107034632034631,0.6145248226950355,0.7615949282615949,0.7566269841269841,0.8495989304812834,0.7722124240642759
2,0.8543412851923491,0.7155172413793104,0.8735078053259872,0.8409443926685306,0.6871725944306589,0.7300218938149973,0.6345496093174112,0.7674603174603174,0.8113255718954249,0.8683261183261184,0.7417901429171921
