,18A2,868Z11,A23,A6,NYE-S1,TCR2-T,TCR3,TCR6,TCR7,T1,FLT3DY
0,0.8320991052392438,0.6867235574132127,0.8387777777777777,0.7537129379774591,0.6533983906865263,0.6402962962962963,0.6574495820872632,0.7693372925066289,0.8188631967645508,0.8462555962555962,0.8065648723257418
1,0.8578418803418802,0.7340891912320484,0.9060087719298245,0.7704538080007417,0.7827000365363537,0.7046513720197932,0.6774691358024691,0.7577777777777778,0.7933967704728951,0.951198026779422,0.8208691878019324
2,0.9077266922094509,0.8161616161616161,0.8932792975346167,0.7640151515151515,0.8334478021978021,0.7867434030224728,0.6117795603089721,0.7993662111309171,0.7963601532567051,0.9909090909090909,0.8234507234507236
