,18A2,868Z11,A23,A6,NYE-S1,TCR2-T,TCR3,TCR6,TCR7,T1,FLT3DY
0,0.8215233918128654,0.6999499949995,0.8334586466165413,0.7462936312134504,0.735020633512204,0.6988194444444445,0.6342362599302985,0.7423091976516633,0.7812705761316873,0.8539562289562289,0.8117762613730356
1,0.8015028662913805,0.7271780303030303,0.8538449684080751,0.7404368151201367,0.7420783335930601,0.6671351193090324,0.6915353535353536,0.7328848759239251,0.7523232323232323,0.8349769888231426,0.7991772207458482
2,0.8290923503765358,0.836007326007326,0.867911877394636,0.7703856949283779,0.7859960552268245,0.6949167791273055,0.6982818768533053,0.7809981684981685,0.756492795515263,0.8342777777777778,0.8030626780626781
3,0.8692857142857143,0.8345993953136811,0.8898407335907336,0.8151025928803707,0.8214498929512516,0.6989843749999999,0.669469639707735,0.7965268926147444,0.7895045045045045,0.8376172438672439,0.8606711915535445
4,0.8887191240132416,0.816860077364279,0.878551912568306,0.8602851396969043,0.8182106850837502,0.7140616246498599,0.6537103174603174,0.7990253411306042,0.7854132457580733,0.8462418300653595,0.8921087533156499
5,0.8842272202998847,0.7837414965986395,0.8880319148936171,0.8603703703703705,0.8125131573407436,0.7545177045177045,0.6545005611672278,0.8338815789473685,0.769245247506117,0.8365384615384616,0.902475845410628
