,18A2,868Z11,A23,A6,NYE-S1,TCR2-T,TCR3,TCR6,TCR7,T1,FLT3DY
0,0.8637359307359308,0.7105917874396135,0.8175582990397805,0.790941697191697,0.6914205682272909,0.7407427149964464,0.624851097412073,0.7275307158119658,0.7539736092367672,0.8403467297084317,0.7406446886446888
