,18A2,868Z11,A23,A6,NYE-S1,TCR2-T,TCR3,TCR6,TCR7,T1,FLT3DY
0,0.8359611992945326,0.7355583900226756,0.8277947154471544,0.8082079225047569,0.745406162464986,0.7281319495922906,0.6449496124031008,0.7485220093915746,0.7579505709587009,0.8185579196217495,0.632997557997558
