,18A2,868Z11,A23,A6,NYE-S1,TCR2-T,TCR3,TCR6,TCR7,T1,FLT3DY
0,0.8712125418772095,0.7422682709447416,0.828125,0.7443238587424634,0.7688411974126259,0.7029680365296804,0.572953216374269,0.7389007236085751,0.805787037037037,0.8118489583333334,0.7287571967440938
