,18A2,868Z11,A23,A6,NYE-S1,TCR2-T,TCR3,TCR6,TCR7,T1,FLT3DY
0,0.8075663691860875,0.7419013947327411,0.8189513134688573,0.7399678574968496,0.6981697570332481,0.7472794959908361,0.6369572346845075,0.7461415852151444,0.7356919293539012,0.8376761904761905,0.8224351513136016
1,0.8052304292929292,0.6928115615615615,0.7942493112947657,0.7987252847625187,0.7483213083213084,0.7407651072124756,0.6428575650118203,0.7550843822030262,0.7578104116546379,0.8428758169934641,0.7819875776397516
2,0.8282323232323231,0.6934523809523809,0.7726784755770262,0.8013233822057352,0.7878646934460888,0.7676692965154505,0.6478713768115942,0.7568074251644231,0.7468885281385281,0.8270042194092827,0.8114583333333334
