,18A2,868Z11,A23,A6,NYE-S1,TCR2-T,TCR3,TCR6,TCR7,T1,FLT3DY
0,0.8738624338624339,0.7445707070707072,0.8406788247213779,0.8220794905577514,0.7991127243395845,0.7868992248062016,0.6388888888888888,0.7727044197632432,0.6839826839826838,0.7544642857142856,0.8462752525252526
