,18A2,868Z11,A23,A6,NYE-S1,TCR2-T,TCR3,TCR6,TCR7,T1,FLT3DY
0,0.8137992163269171,0.6891133557800225,0.8180676328502415,0.7278838049024968,0.7131936107776443,0.7031438699425497,0.643915169628606,0.741925925925926,0.723741765480896,0.8554720133667502,0.8181653132633525
1,0.820704816017316,0.7209284967905658,0.8416568550497122,0.7649983563445102,0.7500020698791191,0.6801310203484117,0.6752094356261024,0.7561607453848834,0.8163935271078128,0.8660968660968661,0.7880566801619433
2,0.8231172839506172,0.7756908212560387,0.8257466628253146,0.7879392327530627,0.7670192307692307,0.7076276634290589,0.6553044880605493,0.7817800534518801,0.8026819923371648,0.8674242424242425,0.7680232200049274
3,0.8665918803418804,0.7843482905982905,0.8575134910751349,0.8069283569283568,0.8019079685746352,0.7195159313725489,0.6615848406546081,0.7744331065759638,0.8100378787878788,0.8720588235294118,0.794624060150376
4,0.8621431478574335,0.8493941955480416,0.8783394049787493,0.8157803076133385,0.8485963642213642,0.7178213507625273,0.6502892344677335,0.75997150997151,0.8084994462901439,0.8888888888888888,0.8575533661740558
5,0.8775757575757576,0.8865578865578865,0.8750369713102631,0.8345925925925926,0.8730158730158731,0.7120512820512821,0.6379076923076923,0.7760770975056689,0.8105158730158729,0.8302469135802469,0.8894323671497585
