,18A2,868Z11,A23,A6,NYE-S1,TCR2-T,TCR3,TCR6,TCR7,T1,FLT3DY
0,0.8632776567417091,0.7721371653684305,0.8149155722326454,0.7752330561854371,0.8210412953060012,0.6822134634634635,0.5887619565710142,0.7360376249265138,0.7539021164021165,0.8350438596491229,0.7779507402795073
