,18A2,868Z11,A23,A6,NYE-S1,TCR2-T,TCR3,TCR6,TCR7,T1,FLT3DY
0,0.8358498885228446,0.7102777777777778,0.8238970588235294,0.7611900252525253,0.6549212121212121,0.7348652428171879,0.6360054889115134,0.7624009603841536,0.7539349539349539,0.8428684003152088,0.770703933747412
