,18A2,868Z11,A23,A6,NYE-S1,TCR2-T,TCR3,TCR6,TCR7,T1,FLT3DY
0,0.8048061410356492,0.6716315983757845,0.7920737741790372,0.8061737941545634,0.6850055507054247,0.784233980673609,0.6364258347016968,0.7738397738397739,0.783740133576199,0.8440771349862258,0.7954045659615953
1,0.8846817624186473,0.7065329218106996,0.8786482334869431,0.8425147836912542,0.7629943828870421,0.7788938492063492,0.6612800819252432,0.8291836043360433,0.7737446581196581,0.8463919082125604,0.7412121212121212
