,18A2,868Z11,A23,A6,NYE-S1,TCR2-T,TCR3,TCR6,TCR7,T1,FLT3DY
0,0.8351244343891402,0.7171098448876226,0.8092089371980676,0.7856287168955634,0.7297180865729254,0.749104643682957,0.6608730158730158,0.776031746031746,0.7266513283800519,0.8333333333333334,0.6399443929564411
1,0.9020531400966184,0.6541279233586925,0.784538506760729,0.7830580508065296,0.8095740008783486,0.7213064713064714,0.6704184704184705,0.7876739926739926,0.7554807408918816,0.8526960784313725,0.7733450443786983
