,18A2,868Z11,A23,A6,NYE-S1,TCR2-T,TCR3,TCR6,TCR7,T1,FLT3DY
0,0.828325387532062,0.7621939030484759,0.8289141414141414,0.7622299382716049,0.7231292517006803,0.747072525812138,0.673024278459061,0.7497584541062802,0.7894780807270783,0.859020902090209,0.7911246612466125
1,0.9064425770308123,0.8260912698412698,0.8149470899470899,0.7760714285714286,0.8244891309407438,0.7392676767676768,0.7194444444444444,0.75752688172043,0.8436819172113289,0.9583333333333334,0.8929166666666667
