,18A2,868Z11,A23,A6,NYE-S1,TCR2-T,TCR3,TCR6,TCR7,T1,FLT3DY
0,0.8356217259443066,0.6722383605568519,0.8338604258907866,0.7473936899862826,0.7094224043376586,0.7094767441860466,0.6348063174438886,0.7737343189964158,0.7915454308896933,0.888138138138138,0.6946053293112117
1,0.8777838906208612,0.6596585804132974,0.9357923497267758,0.7960267960267959,0.7857142857142857,0.7253220327582147,0.6662968975468976,0.7827883498615206,0.7683080808080809,0.9110119047619047,0.7026991614255765
