,18A2,868Z11,A23,A6,NYE-S1,TCR2-T,TCR3,TCR6,TCR7,T1,FLT3DY
0,0.8116364591541897,0.8093434343434343,0.8080759330759331,0.7147190893901421,0.8096001221001221,0.7544091710758377,0.7094492268452096,0.7518830883835688,0.7769381182424661,0.810873440285205,0.7259015940656566
