,18A2,868Z11,A23,A6,NYE-S1,TCR2-T,TCR3,TCR6,TCR7,T1,FLT3DY
0,0.8547296722009365,0.6982178767075792,0.7898222733665773,0.7881821461366915,0.676470588235294,0.7200806069227123,0.6204389574759945,0.7386029608251831,0.7739683644661021,0.8807017543859649,0.8458385222083852
