,18A2,868Z11,A23,A6,NYE-S1,TCR2-T,TCR3,TCR6,TCR7,T1,FLT3DY
0,0.8495355569764137,0.6942501942501943,0.812962213225371,0.7717441136981367,0.7356776276760509,0.7227841602841601,0.5903101091780337,0.7802125506072873,0.7959112400601761,0.8014993481095175,0.7066610925306578
1,0.8496431067185783,0.6997612847222223,0.8331658104385377,0.7997967479674797,0.7298653455284553,0.7303310886644221,0.6451259365534833,0.7879039203802353,0.7712770061728396,0.7414772727272728,0.834981684981685
2,0.8757255816079345,0.7374358974358973,0.8180272108843537,0.8328834907782277,0.7659848484848485,0.8469135802469135,0.6298440065681445,0.7777114902756234,0.7799347643097643,0.6828703703703703,0.8392857142857143
