,18A2,868Z11,A23,A6,NYE-S1,TCR2-T,TCR3,TCR6,TCR7,T1,FLT3DY
0,0.7853457733068389,0.7176354595336077,0.8030295280960175,0.7820821229726458,0.6708967726040896,0.7194610211234251,0.6337066509480302,0.7782406376866898,0.7362132233762528,0.8429201101928374,0.7534324490078541
1,0.8131118881118882,0.7808278867102397,0.7488095238095238,0.8130523989898991,0.791399675046096,0.72427398989899,0.7038074712643677,0.7899140519830175,0.8299325980392158,0.8991071428571429,0.7850580973129992
