,18A2,868Z11,A23,A6,NYE-S1,TCR2-T,TCR3,TCR6,TCR7,T1,FLT3DY
0,0.8019342105263157,0.7058809246309247,0.8107971014492753,0.7671164021164021,0.6900339312210876,0.7376310679611651,0.669827045046215,0.7320442972616886,0.7926286008230453,0.8578282828282829,0.6169208424110385
1,0.8492843940022112,0.6847943722943723,0.8079179113766491,0.7651201291138398,0.7284459786821705,0.7575464792856096,0.6847628481297164,0.7687193769019104,0.7904736136878995,0.8543324491600354,0.6955953495630461
2,0.8557921810699588,0.7623420350693078,0.7970862470862471,0.7725347222222223,0.7564192343604108,0.7514254385964912,0.6749587301587301,0.7818358481938729,0.7737762533875339,0.8345000000000001,0.6909772326438993
3,0.8793888888888889,0.7248597081930416,0.8089473684210526,0.7863839285714286,0.7783690564178368,0.7305367692786069,0.652653519320186,0.7784664830119375,0.8270457957957958,0.8300793650793651,0.8536743757331994
4,0.8703756674294431,0.7626028806584362,0.8315118397085609,0.7279411764705882,0.7950937950937952,0.7149640482973817,0.6337906533984965,0.7767235926628716,0.808187134502924,0.8527777777777777,0.8156498673740052
5,0.8693966693966694,0.7542735042735043,0.7662951705504897,0.776257396449704,0.7664930555555555,0.7025252525252524,0.6434984768318102,0.7617521367521368,0.8096527777777779,0.8199685534591193,0.8285960378983636
