,18A2,868Z11,A23,A6,NYE-S1,TCR2-T,TCR3,TCR6,TCR7,T1,FLT3DY
0,0.8354166666666667,0.7127027027027028,0.7984330484330485,0.7300378787878787,0.7288077849223359,0.7266248271460483,0.6058548106898932,0.7588125406107862,0.7495180038559691,0.8352272727272728,0.7473628691983122
1,0.852579365079365,0.7585891812865496,0.8763086795001689,0.8100854700854702,0.7521306818181818,0.7733365633074936,0.6587191358024692,0.7808541204126943,0.8507699275362319,0.6857142857142856,0.7574191527679899
