,18A2,868Z11,A23,A6,NYE-S1,TCR2-T,TCR3,TCR6,TCR7,T1,FLT3DY
0,0.8538801349612161,0.703859649122807,0.8230345911949687,0.7645591550471739,0.6881999341238473,0.7417534722222222,0.6554699353441492,0.7779125039726954,0.7835421205519245,0.815212673611111,0.7413874570446733
1,0.8929050355774494,0.7534915481344052,0.8385807656395893,0.7835191378669641,0.7943659281894576,0.7325108225108226,0.6989271526237989,0.7964715899131044,0.7907981328435874,0.8133495145631068,0.8107571440904774
2,0.9041617907402406,0.7781026640675762,0.8690284487385936,0.7959661550570641,0.8440324295587454,0.7415261243386245,0.6768193443385259,0.813807120829829,0.7810325476992143,0.8868963900609469,0.7609151625545069
