,18A2,868Z11,A23,A6,NYE-S1,TCR2-T,TCR3,TCR6,TCR7,T1,FLT3DY
0,0.839114348479593,0.7672382652302332,0.8174034249303066,0.7493322649572649,0.7781130268199233,0.7361365176151762,0.622108843537415,0.7843143738977073,0.7486188876446436,0.8285423037716617,0.7900850387814223
1,0.8638471177944863,0.7966286799620134,0.879745733194009,0.7738095238095237,0.8013912042549814,0.7211760461760462,0.6398026315789473,0.7546505781799899,0.8273504273504274,0.801530612244898,0.7386639676113361
