,18A2,868Z11,A23,A6,NYE-S1,TCR2-T,TCR3,TCR6,TCR7,T1,FLT3DY
0,0.834252603906692,0.7211876598465473,0.8206801470588235,0.7458333333333332,0.6386589600875315,0.7400139842359522,0.635164446018326,0.7254901960784315,0.7457030149337842,0.839952718676123,0.7702070393374741
