,18A2,868Z11,A23,A6,NYE-S1,TCR2-T,TCR3,TCR6,TCR7,T1,FLT3DY
0,0.7797152922152922,0.6782051282051281,0.7597744360902255,0.7357596403411198,0.6997112716722299,0.7498039215686275,0.6465833545728729,0.7621010101010101,0.7518843787928943,0.6466096866096867,0.7300076893502498
1,0.8507169021454736,0.7310952935952936,0.8215406492105521,0.8152870258272801,0.7416422287390029,0.7415093137359019,0.6682711385836386,0.8021213836154413,0.8087035734521227,0.8389101094983449,0.766036079182631
2,0.8733925208501478,0.762458977965307,0.8119554924242425,0.8252808302808304,0.7643178893178894,0.7354093223658441,0.6704951142000061,0.8097118477020437,0.7877458065081241,0.8399346405228759,0.7755102040816326
3,0.8926038159371492,0.8272079772079772,0.861111111111111,0.8277976190476192,0.7795612147297944,0.7505187700433881,0.6655157342657343,0.8283730158730158,0.7934433648719362,0.8178940568475452,0.7525835275835276
4,0.8882447665056361,0.8347301587301588,0.8395480225988701,0.8295153498519557,0.838477366255144,0.7427450980392157,0.6438225192611158,0.8020191190922898,0.8235449735449736,0.8135912698412698,0.7580891330891332
