,18A2,868Z11,A23,A6,NYE-S1,TCR2-T,TCR3,TCR6,TCR7,T1,FLT3DY
0,0.8478109192394907,0.7795291625936787,0.7884668603846686,0.7797610952445714,0.7772115876954585,0.6925455729166666,0.676358695652174,0.7524343070561558,0.7505803908865133,0.8625396825396825,0.8436100131752305
