,18A2,868Z11,A23,A6,NYE-S1,TCR2-T,TCR3,TCR6,TCR7,T1,FLT3DY
0,0.8584416069295102,0.6959537755766148,0.7998423955870765,0.7668782873109796,0.6774642494981479,0.7496551423083639,0.6097071282080769,0.7618431855500821,0.7745098039215685,0.8402702702702703,0.7747083572384778
1,0.889422577090221,0.7601826894279724,0.8035619351408826,0.824635241301908,0.7740714662911459,0.7421109068627452,0.6298868312757201,0.773156062044951,0.85080329153605,0.8189484126984127,0.7450801114594219
