,18A2,868Z11,A23,A6,NYE-S1,TCR2-T,TCR3,TCR6,TCR7,T1,FLT3DY
0,0.7817524087794357,0.7325745884773663,0.7976364522417154,0.7429693486590039,0.6841189674523008,0.7741080912214932,0.6748106650067435,0.746373269865556,0.8127495407225965,0.8425415573053368,0.7034505208333334
1,0.8507201646090534,0.7776270845891099,0.812581008734855,0.7621592197485055,0.7621916971916972,0.7747252747252746,0.666619145207758,0.7602694924123496,0.7898652882205514,0.8402614379084968,0.7931929181929182
2,0.889172335600907,0.7594387755102042,0.8251448306595366,0.7740196078431372,0.7826825127334466,0.797008547008547,0.6740981240981242,0.7729875283446711,0.825046142488003,0.8497474747474748,0.7861810192318667
