,18A2,868Z11,A23,A6,NYE-S1,TCR2-T,TCR3,TCR6,TCR7,T1,FLT3DY
0,0.8565747524080858,0.6959972394755004,0.8113854595336077,0.7399672187715666,0.6049068322981367,0.7290726817042605,0.6651375462465687,0.7540869565217392,0.7705467372134039,0.8092592592592592,0.7467269816768144
