,18A2,868Z11,A23,A6,NYE-S1,TCR2-T,TCR3,TCR6,TCR7,T1,FLT3DY
0,0.8050763574660632,0.7542042042042043,0.7855454238432961,0.77375,0.731014066951567,0.7761240310077518,0.615768115942029,0.7605123920913394,0.8482142857142857,0.827485380116959,0.7871732026143791
