,18A2,868Z11,A23,A6,NYE-S1,TCR2-T,TCR3,TCR6,TCR7,T1,FLT3DY
0,0.8408496732026144,0.7319958847736626,0.8188850530622682,0.7942687747035574,0.8216215357233664,0.755979011322839,0.6585287623821457,0.7354614801895601,0.7353960659223816,0.8552083333333335,0.8198078529657478
