,18A2,868Z11,A23,A6,NYE-S1,TCR2-T,TCR3,TCR6,TCR7,T1,FLT3DY
0,0.8356732018059251,0.7490143369175627,0.8331845238095238,0.7904926967957527,0.6896064814814814,0.72512077294686,0.6492866981503346,0.750434506681667,0.7955178448190869,0.8598915989159891,0.710594837261504
1,0.8357837055417701,0.7636028476989575,0.7985011312217193,0.7932668881506091,0.7493276598880048,0.7350538237666117,0.6606373815676142,0.7572481406355646,0.8255040012311481,0.8901111111111111,0.7047902494331066
2,0.851997520976354,0.7708790204678363,0.7882130124777184,0.8108672936259143,0.7814349316962558,0.7422695514987604,0.6787256006006007,0.7753968253968253,0.8056841563786009,0.8890331890331891,0.7582264957264958
3,0.8644931457431458,0.7854358117516013,0.7545289855072465,0.8137735486351403,0.798631476050831,0.7553113553113553,0.6931056293485135,0.7864808802308803,0.8119186856028962,0.9324675324675326,0.7783333333333333
