,18A2,868Z11,A23,A6,NYE-S1,TCR2-T,TCR3,TCR6,TCR7,T1,FLT3DY
0,0.83379504841769,0.7611019736842105,0.8029979674796749,0.7650410353535353,0.6557292929292929,0.7415268243071447,0.6268731785973166,0.7627370948379352,0.7546897546897546,0.839952718676123,0.7748447204968943
