,18A2,868Z11,A23,A6,NYE-S1,TCR2-T,TCR3,TCR6,TCR7,T1,FLT3DY
0,0.8595280310705843,0.7916666666666666,0.8647156084656085,0.747008547008547,0.7449186991869919,0.7854477611940297,0.63302600259122,0.728609195402299,0.7607874750731893,0.8448535745047373,0.7303706570347437
