,18A2,868Z11,A23,A6,NYE-S1,TCR2-T,TCR3,TCR6,TCR7,T1,FLT3DY
0,0.830220458553792,0.7394841269841269,0.8229129923574368,0.7913290513833994,0.8027205882352941,0.7460892569588221,0.5720604075369248,0.7244736842105263,0.7835851202079273,0.8456272401433692,0.7776447574334898
