,18A2,868Z11,A23,A6,NYE-S1,TCR2-T,TCR3,TCR6,TCR7,T1,FLT3DY
0,0.8779211469534051,0.7937312312312312,0.827139208173691,0.7695493613356058,0.7273709103774464,0.7487608225108225,0.5931616832779624,0.763464696223317,0.7640880217785844,0.8823529411764706,0.7630070546737212
1,0.9257164404223227,0.7831790123456791,0.8627717391304349,0.8408216619981327,0.7315912750695359,0.7044507575757576,0.6236938349007315,0.7635445362718091,0.8214654282765738,0.8680555555555557,0.8000315656565656
