,18A2,868Z11,A23,A6,NYE-S1,TCR2-T,TCR3,TCR6,TCR7,T1,FLT3DY
0,0.8282056243550052,0.7507617985878857,0.8302714333002316,0.7582362442863526,0.7182891751742019,0.7123888888888888,0.6938399871733205,0.7263012181616832,0.770975926602525,0.8581669226830518,0.7963587220602526
1,0.8623479694908266,0.7804276315789475,0.8285893087855297,0.7904800809212574,0.8246894073179044,0.7314954051796158,0.7019734180528783,0.7812273932963588,0.7714988425925927,0.839003900390039,0.8319310897435898
2,0.8723958333333334,0.7214958299704063,0.8683350922156893,0.8032245532245531,0.853801406926407,0.7143518518518519,0.7122789115646259,0.7781395348837209,0.8403889392261487,0.8061568061568062,0.8560606060606061
3,0.8703431372549019,0.6546153846153847,0.8529213103681189,0.7840311986863711,0.85,0.7581565721100606,0.7082662372517445,0.7511379551820728,0.8717777777777779,0.881682389937107,0.8832130832130831
