,18A2,868Z11,A23,A6,NYE-S1,TCR2-T,TCR3,TCR6,TCR7,T1,FLT3DY
0,0.8183651996151996,0.7605385538553855,0.8090293668954995,0.786015040594782,0.6996759622937941,0.7439461401761478,0.6610507653908367,0.7746649811867203,0.7712557238221339,0.8917910447761194,0.7310973815828185
1,0.8036502100840336,0.7709671026555688,0.8368340801593228,0.8114699242057734,0.7223453576007755,0.7123706702654071,0.6817075017767059,0.7809615384615385,0.8055459949937421,0.9241071428571429,0.7548812794348508
2,0.8847022415523588,0.7695574162679426,0.7933825433825433,0.8177777777777777,0.7231942971603629,0.692055044112006,0.6446797968537099,0.7906532224958949,0.7863972186006084,0.906246935373149,0.7611416361416361
3,0.8740361389817911,0.7467148061410356,0.8109649122807018,0.7890350877192982,0.7543218470820281,0.7083037194977494,0.6594545225497607,0.8075747863247864,0.8245934564301912,0.9119318181818182,0.8219939264715385
4,0.8878654970760232,0.7685185185185185,0.810082304526749,0.8103987068965517,0.7655548540965208,0.7520661157024793,0.6795131845841785,0.8162102447816734,0.808989898989899,0.9930555555555557,0.7524658348187759
5,0.900025601638505,0.7928240740740741,0.8198243836541709,0.7951740242410764,0.7910227272727273,0.7261904761904763,0.6671621454230151,0.7976386253426101,0.7783888888888889,0.9912280701754386,0.7444209537232793
