,18A2,868Z11,A23,A6,NYE-S1,TCR2-T,TCR3,TCR6,TCR7,T1,FLT3DY
0,0.8414530318796709,0.6991444037017636,0.8120344721452755,0.7647570265300763,0.677909190621055,0.7546415526267064,0.611091944109022,0.7581083908767524,0.7729671578776438,0.8434710743801653,0.7741059475999235
1,0.9010119047619046,0.7553159628631327,0.8703747072599531,0.8111305330437699,0.7744626337303683,0.7761479591836734,0.6132716049382715,0.7737258626147514,0.8421455938697319,0.8157738095238095,0.7451236502960641
