,18A2,868Z11,A23,A6,NYE-S1,TCR2-T,TCR3,TCR6,TCR7,T1,FLT3DY
0,0.8101549145299146,0.6841773746535651,0.8435570987654323,0.7836774244581554,0.6968101343101343,0.7071418845315903,0.6794245228455754,0.8009771709889736,0.8460603632478633,0.8921568627450981,0.759407096171802
