,18A2,868Z11,A23,A6,NYE-S1,TCR2-T,TCR3,TCR6,TCR7,T1,FLT3DY
0,0.797714888759665,0.7060451255853554,0.8123148148148148,0.7664878451380552,0.6878164403256202,0.7137125220458552,0.6536252596276605,0.7172152060211762,0.7574867309561187,0.8165509259259259,0.7883475971033574
1,0.8236057692307691,0.6527777777777778,0.807996870109546,0.756784188034188,0.7442259129759131,0.7502883506343713,0.7101410621147464,0.7589898989898991,0.777127574002574,0.8333333333333334,0.8027363184079602
2,0.8675899264134559,0.7305986696230599,0.8722222222222222,0.7522675736961452,0.7333333333333334,0.751597239969333,0.701736111111111,0.8114903121915744,0.7430795019157088,0.9910714285714285,0.78994708994709
