,18A2,868Z11,A23,A6,NYE-S1,TCR2-T,TCR3,TCR6,TCR7,T1,FLT3DY
0,0.8744763042612504,0.7891774891774892,0.8008701472556893,0.7950603864734299,0.8091171062593675,0.714855072463768,0.592059620596206,0.7585463582876851,0.7920182214299861,0.880417073965461,0.7524748068226329
