,18A2,868Z11,A23,A6,NYE-S1,TCR2-T,TCR3,TCR6,TCR7,T1,FLT3DY
0,0.813787378928224,0.7305150691699605,0.8166323731138544,0.7756463410523478,0.6969865882909362,0.7366898148148149,0.6590163668773295,0.7263080447215522,0.784449891067538,0.8314000814000814,0.6644626799974848
1,0.8488904280747501,0.7454012345679012,0.8033707865168539,0.7850388382303275,0.8132660962849642,0.726639515455305,0.6319291953349925,0.7639848111984335,0.797329760001201,0.8213725490196078,0.7684089414858647
2,0.8673009161381255,0.7609715496368038,0.8047385620915034,0.7639890623761593,0.8402477152477151,0.7421875,0.6291947609083158,0.7733846109526691,0.7558582621082621,0.8401442307692308,0.8046296296296296
