,18A2,868Z11,A23,A6,NYE-S1,TCR2-T,TCR3,TCR6,TCR7,T1,FLT3DY
0,0.8505908289241623,0.7972964863324031,0.8077672084488053,0.7934564947722843,0.7655305177626607,0.689047619047619,0.6317963608207511,0.7340833769405197,0.7390852390852389,0.8660737812911726,0.7570121584206092
