,18A2,868Z11,A23,A6,NYE-S1,TCR2-T,TCR3,TCR6,TCR7,T1,FLT3DY
0,0.8062598312598311,0.7336664329125759,0.8319961623793247,0.7649341008013667,0.7126318113344761,0.7521882314856319,0.676125971650663,0.7799071712018142,0.8080198412698413,0.8584229390681003,0.7128203983874087
1,0.8356659270637765,0.7300637958532695,0.8837560386473431,0.7833593711253286,0.774890658017593,0.7361111111111112,0.6869288119288118,0.7915276232851317,0.7994509555485165,0.8650555555555556,0.7704552469135804
2,0.8465772432932469,0.7007407407407408,0.8786375661375662,0.7881219154328397,0.8015033173763332,0.7565795668549905,0.6997257897534905,0.7901457759412306,0.7839563065369517,0.8896103896103895,0.806831621537504
3,0.8713524130190796,0.7430555555555555,0.8991739552964043,0.7994343891402714,0.7969017094017093,0.7661227661227662,0.689052795031056,0.7819405539993775,0.8357974910394265,0.8886792452830189,0.7315010570824524
