,18A2,868Z11,A23,A6,NYE-S1,TCR2-T,TCR3,TCR6,TCR7,T1,FLT3DY
0,0.78588485101643,0.6659952418715305,0.7652425456163775,0.765494976482703,0.6978100381682052,0.7417534722222222,0.6223531322860528,0.754090909090909,0.7925045927740356,0.8426290463692038,0.6974282230351402
1,0.8674933445425248,0.6856359649122807,0.8354856885282849,0.7842468722903506,0.7131204333585286,0.7175856307435255,0.665629406190047,0.7756630086877001,0.7946134315308044,0.8450045004500452,0.8000259655955859
2,0.9115809003027048,0.7485380116959064,0.8635416666666668,0.7972501834958582,0.7665332686555097,0.7282421740626074,0.6391499582289056,0.7806718298604709,0.8251665592091125,0.8188509021842355,0.7877585377585378
