,18A2,868Z11,A23,A6,NYE-S1,TCR2-T,TCR3,TCR6,TCR7,T1,FLT3DY
0,0.7992075258568958,0.6643193211702827,0.7691700044503783,0.7549759576799335,0.700308066958336,0.7401620370370371,0.6243980048159614,0.7538311688311689,0.7914472341294142,0.8410542432195975,0.6956060857998004
1,0.8780804412160345,0.7236508994003996,0.8357110660356096,0.7862222967600875,0.7206561345712289,0.713638262322473,0.6657276425583062,0.7801571268237936,0.7924443435566317,0.8450045004500452,0.7947679324894515
2,0.9143135904499541,0.7673233859674538,0.8671474358974359,0.7952315361406271,0.7647669991419992,0.7287581699346406,0.6403769841269841,0.7817167619398857,0.8253814743176445,0.817426400759734,0.7848725348725348
