,18A2,868Z11,A23,A6,NYE-S1,TCR2-T,TCR3,TCR6,TCR7,T1,FLT3DY
0,0.8665106851508932,0.6413592446201143,0.8091880341880343,0.7159887915701869,0.731727626948215,0.7242830086580087,0.5743974743974744,0.7028345201587053,0.7897173489278752,0.8496660149885956,0.8692053555903322
