,18A2,868Z11,A23,A6,NYE-S1,TCR2-T,TCR3,TCR6,TCR7,T1,FLT3DY
0,0.8699845679012346,0.7161442859972271,0.8047598379629629,0.7998070132216474,0.7136659108087681,0.7521238542365302,0.640003324417849,0.7143838383838382,0.7936948853615521,0.8611111111111112,0.7881727881727881
