,18A2,868Z11,A23,A6,NYE-S1,TCR2-T,TCR3,TCR6,TCR7,T1,FLT3DY
0,0.8081016471821071,0.6743426916221035,0.814965717299578,0.7821025739901667,0.7549130763416478,0.6844301677511462,0.6415360623781677,0.7168379446640317,0.746620261855719,0.9811224489795919,0.775311288017963
