,18A2,868Z11,A23,A6,NYE-S1,TCR2-T,TCR3,TCR6,TCR7,T1,FLT3DY
0,0.808635752688172,0.73537321264594,0.8138083735909823,0.7910410256410257,0.7582827728487658,0.7514134172640904,0.6462642045454545,0.7574965536255859,0.8033704854785125,0.8153835653835654,0.7393669917766302
1,0.8843377539029712,0.7827380952380952,0.8340074473549052,0.7757034632034632,0.8253779289493575,0.7322954822954822,0.6539408866995072,0.7353250915750915,0.8216205837173579,0.8968253968253969,0.783495670995671
