,18A2,868Z11,A23,A6,NYE-S1,TCR2-T,TCR3,TCR6,TCR7,T1,FLT3DY
0,0.8224913894489246,0.733273013000619,0.7969328703703704,0.782615268329554,0.739413705203179,0.728928701820268,0.6173540965207632,0.7628055704978781,0.7732527377876215,0.8133928571428571,0.7862206421029949
1,0.8406356667226232,0.7610544217687075,0.8239795918367347,0.7934408602150538,0.8309374327680964,0.737760809451986,0.6454954954954956,0.7604359925788499,0.7682079945799458,0.81868961352657,0.7608024691358025
