,18A2,868Z11,A23,A6,NYE-S1,TCR2-T,TCR3,TCR6,TCR7,T1,FLT3DY
0,0.804854797979798,0.6533189033189033,0.7987451737451737,0.7719933070542826,0.742927203065134,0.73883547008547,0.6419918503352202,0.7623468729851709,0.892971096096096,0.8058748403575992,0.80445385224797
