,18A2,868Z11,A23,A6,NYE-S1,TCR2-T,TCR3,TCR6,TCR7,T1,FLT3DY
0,0.8453980417198809,0.700406410551338,0.7878382034632034,0.813940036633568,0.7705457940752058,0.6964962545139821,0.5601379633407378,0.7516032536316511,0.7547795771479983,0.839952718676123,0.7984011679663853
