,18A2,868Z11,A23,A6,NYE-S1,TCR2-T,TCR3,TCR6,TCR7,T1,FLT3DY
0,0.844824321300074,0.7990688131313132,0.8038194444444443,0.7621876143888723,0.6493190097698295,0.7553861076301126,0.6397514799835883,0.7176937944718117,0.7073391812865498,0.8487993487993489,0.7203270100195504
1,0.8774418715456451,0.7812251984126984,0.845959595959596,0.7586414548958208,0.6793393114821686,0.7382469846491228,0.6467499601466603,0.7396609042553192,0.7504956268221573,0.80671834625323,0.796265664160401
2,0.8572983326803362,0.7804804804804805,0.7283730158730158,0.7843939393939395,0.7492063492063492,0.7829545454545453,0.7131519274376417,0.728389985380117,0.8189583333333333,0.88668430335097,0.8717652717652719
