,18A2,868Z11,A23,A6,NYE-S1,TCR2-T,TCR3,TCR6,TCR7,T1,FLT3DY
0,0.8631596316687595,0.6858226004870578,0.8109172077922078,0.7630643426902276,0.71138468013468,0.7322530864197532,0.6443397091876519,0.7310148270731993,0.8030448717948717,0.8504432624113475,0.762378716744914
