,18A2,868Z11,A23,A6,NYE-S1,TCR2-T,TCR3,TCR6,TCR7,T1,FLT3DY
0,0.8545953360768176,0.7183881604171459,0.791602366255144,0.8045209339774556,0.6099813735017817,0.766370150728935,0.6237277928334839,0.7649984119820137,0.7493551587301588,0.840661938534279,0.753858024691358
