,18A2,868Z11,A23,A6,NYE-S1,TCR2-T,TCR3,TCR6,TCR7,T1,FLT3DY
0,0.8777218152218152,0.69500962000962,0.8104920980737974,0.8026021080368907,0.7921189220261041,0.6842821924091274,0.6680988184747583,0.7751500600240097,0.7769714562167392,0.8445519713261649,0.7769182871922599
