,18A2,868Z11,A23,A6,NYE-S1,TCR2-T,TCR3,TCR6,TCR7,T1,FLT3DY
0,0.863027256343276,0.696918817014257,0.8187628835402115,0.7837206196581197,0.6650673400673401,0.7037067099567099,0.6372549019607843,0.7603670682474247,0.78668430335097,0.8438016528925619,0.7801665388874691
1,0.8935805422647528,0.6411111111111111,0.8342313218390803,0.8099856321839081,0.7113776065981948,0.7092996593291404,0.6652777777777777,0.7521367521367521,0.7730483716475095,0.8208137715179968,0.7186728395061728
