,18A2,868Z11,A23,A6,NYE-S1,TCR2-T,TCR3,TCR6,TCR7,T1,FLT3DY
0,0.8172470547470546,0.7347176632890919,0.804927536231884,0.7826001429063211,0.6938675808161103,0.6647209653092007,0.6357271633810438,0.7361254644324697,0.7767262054507338,0.8331201137171287,0.7381776239907728
1,0.827103212051309,0.7548203711996816,0.8424795808290955,0.7777918884050959,0.7470425549095608,0.6891674901185771,0.6067503924646781,0.7465686274509804,0.8182286107355488,0.8338373876835415,0.7467305037957211
2,0.8871784345922277,0.7483199340342197,0.8319444444444445,0.7797844667409884,0.7849158249158249,0.7556980056980057,0.6513215024623364,0.7572542400128608,0.8156052393857273,0.8697209653092006,0.765224358974359
3,0.8939582243153671,0.747533167495854,0.8665050505050506,0.7600409774322818,0.7975623167155425,0.7516835016835017,0.6533081068684784,0.7362820512820513,0.8036605118237771,0.8609055673009162,0.777218782249742
4,0.8911445279866332,0.801392632524708,0.8379166666666666,0.763668430335097,0.8224206349206349,0.7663602644734722,0.6577685421994884,0.740551776266062,0.818510101010101,0.8757335680751174,0.7373198321474184
