,18A2,868Z11,A23,A6,NYE-S1,TCR2-T,TCR3,TCR6,TCR7,T1,FLT3DY
0,0.834510498818675,0.711468253968254,0.8209252450980392,0.7609374999999999,0.662589898989899,0.7393783371472158,0.6271394547256616,0.766138455382153,0.7526917526917526,0.8410559495665879,0.7723878536922015
