,18A2,868Z11,A23,A6,NYE-S1,TCR2-T,TCR3,TCR6,TCR7,T1,FLT3DY
0,0.8081114969135803,0.7278645833333334,0.853992303992304,0.795517757809157,0.7502869605142332,0.7421986338395007,0.658491954286588,0.706089380196523,0.8291764705882353,0.8757183908045977,0.9036960514233242
