,18A2,868Z11,A23,A6,NYE-S1,TCR2-T,TCR3,TCR6,TCR7,T1,FLT3DY
0,0.8086312956555171,0.7348181089159439,0.8164466446644664,0.748114649414819,0.7145752192774136,0.7266474036660372,0.61385514754787,0.7493188342334453,0.7597633163416075,0.9162596662596663,0.8119052163717176
1,0.865814226925338,0.7503316749585407,0.8588461259694137,0.7693723430857714,0.8077252112966399,0.7133382764870655,0.63341631104789,0.7667878787878788,0.7296296296296297,0.8857881136950905,0.7901119402985075
2,0.880859010270775,0.7576555023923447,0.8269557823129251,0.813802669065827,0.809447128287708,0.669949494949495,0.6401748971193416,0.7506385696040869,0.7374384236453202,0.9217330538085254,0.7669376693766937
