,18A2,868Z11,A23,A6,NYE-S1,TCR2-T,TCR3,TCR6,TCR7,T1,FLT3DY
0,0.8763312304978972,0.7032976827094474,0.8292604313173934,0.7917486553850189,0.7817361111111111,0.7348384424192211,0.5994241192411924,0.7634579066826065,0.7656394129979036,0.8589473684210528,0.7816822182516049
