,18A2,868Z11,A23,A6,NYE-S1,TCR2-T,TCR3,TCR6,TCR7,T1,FLT3DY
0,0.8265224358974358,0.6806091806091806,0.8321718931475028,0.8148240057981976,0.720193553611921,0.7497665732959851,0.6350175933509267,0.714795524691358,0.7844463869463869,0.814093567251462,0.752566510172144
