,18A2,868Z11,A23,A6,NYE-S1,TCR2-T,TCR3,TCR6,TCR7,T1,FLT3DY
0,0.7777751109404335,0.680791104320516,0.8037420040815627,0.7638287638287639,0.7202579191860403,0.7518896447467877,0.6439371980676328,0.7645299145299145,0.7864554637281911,0.8476999726999725,0.7259070294784581
1,0.8934714795008912,0.7421645021645021,0.8201970443349754,0.79290665226393,0.8412930474333983,0.7568277310924371,0.6239242520077436,0.7939390331031199,0.8326010101010102,0.8631239935587761,0.7395104895104895
