,18A2,868Z11,A23,A6,NYE-S1,TCR2-T,TCR3,TCR6,TCR7,T1,FLT3DY
0,0.8582642089093703,0.7266375171467763,0.8236519607843137,0.7887231815803245,0.7321164893674351,0.7053266340116817,0.6198752228163993,0.705011508683825,0.7862318840579711,0.7987373737373739,0.8120265465226706
1,0.8836052836052836,0.7778549382716049,0.7863888888888889,0.7864122165392583,0.753680216802168,0.7375116713352007,0.6959435626102293,0.7258333333333334,0.8015536197354379,0.7255291005291005,0.7491821396993811
