,18A2,868Z11,A23,A6,NYE-S1,TCR2-T,TCR3,TCR6,TCR7,T1,FLT3DY
0,0.8689517819706499,0.6251821179357411,0.8467938311688311,0.82002199375991,0.7359045999352123,0.7141354016354017,0.6432641432641433,0.7277901785714286,0.7982079503305918,0.8346052631578947,0.7945054945054947
