,18A2,868Z11,A23,A6,NYE-S1,TCR2-T,TCR3,TCR6,TCR7,T1,FLT3DY
0,0.87660734327401,0.7113260735248687,0.7841776426882809,0.8142647828362114,0.705716550474615,0.6507575757575758,0.7008563709171612,0.7303310878013268,0.7899709302325583,0.8650997150997152,0.800518368266847
1,0.882157514168458,0.7128787878787879,0.81288056206089,0.787638888888889,0.7783212560386473,0.669394172763445,0.677625448028674,0.6940659340659341,0.7712883141762452,0.8173913043478261,0.7994465329991646
