,18A2,868Z11,A23,A6,NYE-S1,TCR2-T,TCR3,TCR6,TCR7,T1,FLT3DY
0,0.8367187610145357,0.7519666585147142,0.8094875509168121,0.7545592376001733,0.6995474939468158,0.7348473529558244,0.6296037296037297,0.7576274825550188,0.7862364322596304,0.8629557291666666,0.7100907029478458
1,0.8758806080830553,0.7642365210547029,0.8439734422880489,0.734592627748774,0.7745935981230098,0.7374847374847375,0.6416553627947931,0.7770572961250927,0.7810497762323321,0.8628640776699029,0.7523666558476685
2,0.8857840572126287,0.7853151397011047,0.8653104471286289,0.7908671489986369,0.8087221420554753,0.7079670948839306,0.6070338804713805,0.7835356364768128,0.7645655757830859,0.8680555555555557,0.7784157363104732
