,18A2,868Z11,A23,A6,NYE-S1,TCR2-T,TCR3,TCR6,TCR7,T1,FLT3DY
0,0.8310913114372234,0.7110185185185185,0.8128858024691358,0.7458333333333332,0.6427976785119642,0.7351195016526825,0.6348103226948785,0.762873149259704,0.7454095050248898,0.8410559495665879,0.7732850241545894
