,18A2,868Z11,A23,A6,NYE-S1,TCR2-T,TCR3,TCR6,TCR7,T1,FLT3DY
0,0.8070184288404628,0.7510135135135134,0.8198045712090657,0.7584226700971984,0.8019620128753254,0.6546031746031745,0.6715034759043244,0.7314352548036759,0.7927673952064196,0.8989408649602826,0.7242246642246641
1,0.8937934027777779,0.61,0.7683215130023641,0.8511653264276952,0.8050925925925926,0.7163742690058479,0.6839925901710799,0.7455686076375732,0.7223370064279155,0.8684523809523809,0.7726315789473684
