,18A2,868Z11,A23,A6,NYE-S1,TCR2-T,TCR3,TCR6,TCR7,T1,FLT3DY
0,0.8770004572473709,0.6698245614035088,0.8037638287638288,0.7655393539460379,0.7646264814536216,0.6492888704777685,0.6106891211769261,0.7461873638344226,0.7511554289332066,0.838140267927502,0.7683076923076922
