,18A2,868Z11,A23,A6,NYE-S1,TCR2-T,TCR3,TCR6,TCR7,T1,FLT3DY
0,0.8401354195829575,0.7389022435897435,0.8107182589347796,0.7584612296575363,0.7560164435907599,0.7189168573607932,0.6178876941457586,0.7311787973830849,0.79619240558932,0.8396696696696697,0.7869022385839655
1,0.8760162601626016,0.7480658930238762,0.8137426900584795,0.7722402597402597,0.7795785760698042,0.7276269482151836,0.6690139597505668,0.778222391598916,0.8439072783584978,0.8518266908212561,0.7133667502088553
