,18A2,868Z11,A23,A6,NYE-S1,TCR2-T,TCR3,TCR6,TCR7,T1,FLT3DY
0,0.8182796717171718,0.7434836021792544,0.8340989729225022,0.8021923014056881,0.7704092697586518,0.710357624831309,0.6376902667225247,0.7690999476713762,0.7830439384726257,0.7378707893413775,0.6630140214445622
1,0.8566574330563251,0.7029166666666667,0.9109788359788359,0.8648214285714286,0.8241256864445271,0.7414529914529915,0.5734830794321509,0.7590004788646554,0.8777356902356903,0.675595238095238,0.7001448164238862
