,18A2,868Z11,A23,A6,NYE-S1,TCR2-T,TCR3,TCR6,TCR7,T1,FLT3DY
0,0.8480794270833334,0.691358024691358,0.8244941593658739,0.7726980452674898,0.7678088305023288,0.7407150121681014,0.6153078052314497,0.7717682553748128,0.78606884057971,0.8820707070707071,0.7588111888111889
1,0.8744053911205074,0.7128235294117647,0.8494664155681105,0.8320962663067926,0.8196649029982362,0.7390530303030302,0.614863075374755,0.7629583333333333,0.7745029015190306,0.8776455026455027,0.8205605158730158
