,18A2,868Z11,A23,A6,NYE-S1,TCR2-T,TCR3,TCR6,TCR7,T1,FLT3DY
0,0.8088856941081518,0.7018456995201182,0.8096502057613169,0.6674900793650794,0.7277403846153846,0.7647415749956347,0.5990798523266055,0.7651576307490285,0.7959251717691327,0.921902557319224,0.754939111283845
1,0.8680396643783371,0.745125786163522,0.8187500000000001,0.7721088435374149,0.7821307833478218,0.7426050420168067,0.6048387096774194,0.7867777777777777,0.80982905982906,0.9129353233830845,0.903030303030303
