,18A2,868Z11,A23,A6,NYE-S1,TCR2-T,TCR3,TCR6,TCR7,T1,FLT3DY
0,0.8310261827431443,0.6938405797101449,0.8071388577827547,0.7675091869190624,0.6771020881190374,0.7500521566786627,0.6098412972227014,0.761247947454844,0.7767087511333036,0.8438016528925619,0.7790877796901894
1,0.8987299465240642,0.7524302620456466,0.8171702404158546,0.8191942466136014,0.7844584286803967,0.7757227891156462,0.6159722222222221,0.7734093067426401,0.8523706896551723,0.8173611111111111,0.7460379658655519
