,18A2,868Z11,A23,A6,NYE-S1,TCR2-T,TCR3,TCR6,TCR7,T1,FLT3DY
0,0.8644095102428436,0.7470811051693405,0.8467571644042232,0.7820108897613623,0.7705388144841269,0.7584780092592593,0.6016144349477682,0.7488309016086795,0.7863264221158958,0.833201754385965,0.7625375375375375
