,18A2,868Z11,A23,A6,NYE-S1,TCR2-T,TCR3,TCR6,TCR7,T1,FLT3DY
0,0.854320987654321,0.7207749766573296,0.802373908143139,0.757403381642512,0.661370492252845,0.7662610365783741,0.5864072783584979,0.7774832371744894,0.7680431547619047,0.7491319444444445,0.7141717828337546
