,18A2,868Z11,A23,A6,NYE-S1,TCR2-T,TCR3,TCR6,TCR7,T1,FLT3DY
0,0.8147552586911854,0.677479091995221,0.8205188679245282,0.7900612609605663,0.7067349022136256,0.6946125305045072,0.650232483565817,0.7847372745689715,0.8286072530864198,0.8048657379366041,0.7361111111111112
1,0.8598062953995157,0.675870954442383,0.819560170791361,0.830883487654321,0.7724069512862616,0.677150726676043,0.6781117627891821,0.7987969884521608,0.823839522546419,0.8154337492572786,0.7642276422764227
2,0.8586719467401286,0.7381213450292398,0.8111778846153846,0.858657764907765,0.7819497931821423,0.700475933908046,0.6564053230719897,0.7823045267489711,0.7819304152637486,0.813627730294397,0.752927400468384
