,18A2,868Z11,A23,A6,NYE-S1,TCR2-T,TCR3,TCR6,TCR7,T1,FLT3DY
0,0.8328510802469135,0.7322401452836235,0.8374312952964639,0.8323770087745244,0.693963193963194,0.8026411200356983,0.6243379653517903,0.7524212113995397,0.773723997627788,0.8253205128205128,0.7669893123613631
1,0.8847751562815084,0.7435897435897436,0.8447204968944099,0.8699046679815909,0.6771685105018439,0.7443581780538303,0.6201454490928175,0.7202559749249052,0.8067449791587723,0.7530303030303029,0.7844444444444445
