,18A2,868Z11,A23,A6,NYE-S1,TCR2-T,TCR3,TCR6,TCR7,T1,FLT3DY
0,0.8434695894666242,0.7269812462189957,0.8314415375825978,0.7746707818930041,0.7266563883617962,0.7183911277725711,0.6289923526765633,0.730072703724962,0.7746438048581342,0.8484444444444446,0.8255796942432888
1,0.8371944774739067,0.770776874435411,0.8444170771756978,0.7871665875652587,0.7641876985663281,0.7179534313725492,0.5975526448661974,0.7566341379900702,0.7802888693706883,0.8295829582958296,0.7599624291697462
2,0.8225985147921907,0.7495829970406241,0.8613247863247864,0.7884615384615384,0.7843508343508342,0.7447285353535354,0.6448693064182195,0.75612922705314,0.7714585834333735,0.814102564102564,0.7943499622071051
3,0.8481551760489142,0.7238888888888889,0.8042328042328043,0.7698523698523698,0.7643904320987653,0.762962962962963,0.6662698412698412,0.732405462184874,0.8049838717005132,0.8203616352201258,0.8381172839506172
