,18A2,868Z11,A23,A6,NYE-S1,TCR2-T,TCR3,TCR6,TCR7,T1,FLT3DY
0,0.8205225134408604,0.7220058422590068,0.832351497299951,0.8186123438527285,0.7378117913832201,0.7038327221931203,0.6816376811594204,0.7652252375730993,0.8159641057607397,0.8387687687687689,0.8025002593630045
1,0.8555346700083541,0.7323089492207139,0.8738662131519274,0.8107988022795324,0.8290895061728394,0.730921855921856,0.650084175084175,0.7804771133259506,0.8016260162601626,0.8350586611456178,0.8052287581699348
