,18A2,868Z11,A23,A6,NYE-S1,TCR2-T,TCR3,TCR6,TCR7,T1,FLT3DY
0,0.8245352080546655,0.7457287616354424,0.8077206701994477,0.7823981405523653,0.7396887481633244,0.7339466089466088,0.6445505607171024,0.749654934437543,0.7361804625231736,0.8429201101928374,0.7725588235294119
1,0.8961722488038277,0.8233363858363859,0.8254166666666668,0.7786536536536536,0.7853719948018195,0.7320305480682839,0.6221378943701992,0.808015604890605,0.8293447293447294,0.8161375661375662,0.8127456382001835
