,18A2,868Z11,A23,A6,NYE-S1,TCR2-T,TCR3,TCR6,TCR7,T1,FLT3DY
0,0.8158854166666667,0.7791943828529194,0.7573696145124716,0.7584285714285715,0.8217261904761904,0.7472582972582972,0.6527022946859904,0.7555121527777778,0.8095555555555555,0.8755050505050505,0.7797435897435898
