,18A2,868Z11,A23,A6,NYE-S1,TCR2-T,TCR3,TCR6,TCR7,T1,FLT3DY
0,0.8237774571107904,0.7282023097070119,0.833200571895425,0.8105620915032681,0.7208096254148885,0.7050597508263411,0.6141392118863048,0.748310724209706,0.734276279956427,0.8657169990503325,0.7443517914020615
1,0.8651362984218078,0.7159297052154194,0.8186123911930364,0.8371571502501295,0.8101010101010101,0.7185314685314684,0.6404728670147685,0.7493891406934886,0.7292504789272031,0.843221618357488,0.7868659420289855
