,18A2,868Z11,A23,A6,NYE-S1,TCR2-T,TCR3,TCR6,TCR7,T1,FLT3DY
0,0.8378268398268398,0.7103366306264857,0.8119719432488443,0.8155381944444443,0.7665626856803328,0.7159920634920635,0.6418320313669151,0.7443857543017206,0.7613397129186602,0.8877659574468084,0.7718974358974359
