,18A2,868Z11,A23,A6,NYE-S1,TCR2-T,TCR3,TCR6,TCR7,T1,FLT3DY
0,0.8111941331119413,0.691374269005848,0.8091318288321617,0.794653293813142,0.6675424925404946,0.7314526710402999,0.6826472269868495,0.7796044064336748,0.7230056980056979,0.8564388120839733,0.758733230134159
1,0.8276971157415844,0.6687037037037037,0.8251506024096386,0.7648358585858586,0.7891490336872661,0.7244846656611363,0.6832793709528214,0.779683411826269,0.7715309356483395,0.9110973597359736,0.711776318919176
2,0.8393959435626103,0.7618585216572504,0.8540792540792541,0.7826984126984127,0.8041838985387373,0.6986346516007534,0.6304896227496846,0.8104640230075771,0.86399568810636,0.910968660968661,0.7596179714823782
3,0.8417818740399386,0.7965811965811967,0.7927910052910053,0.7765675185030023,0.8478318250377074,0.7363558061232479,0.6591452991452992,0.8665079365079364,0.8390151515151515,0.9106060606060606,0.7692587209302326
