,18A2,868Z11,A23,A6,NYE-S1,TCR2-T,TCR3,TCR6,TCR7,T1,FLT3DY
0,0.8007044864664441,0.7426308539944904,0.8421530392684239,0.7433727344365643,0.7524160661415563,0.7321743775548124,0.637242485646741,0.755026455026455,0.7379276522284997,0.8588996763754047,0.7183611922535973
1,0.7844932844932845,0.7542735042735043,0.8589914226560188,0.8238683127572016,0.7626157407407407,0.7309529402552659,0.6751137102014294,0.7461493239271016,0.7643010752688172,0.8374485596707819,0.8212797619047619
