,18A2,868Z11,A23,A6,NYE-S1,TCR2-T,TCR3,TCR6,TCR7,T1,FLT3DY
0,0.8038816706491437,0.6567346155953752,0.8151447911063295,0.772356859410431,0.7173363363363364,0.7331420373027259,0.692251673166739,0.7316668006323178,0.7990461812941742,0.7962715389185977,0.7650867650867651
1,0.8491771708683472,0.7910852713178294,0.7982663514578409,0.8202225334578276,0.8133667502088556,0.8246913580246914,0.6638651471984806,0.7579365079365079,0.6684343434343435,0.9821428571428572,0.8985917537746806
