,18A2,868Z11,A23,A6,NYE-S1,TCR2-T,TCR3,TCR6,TCR7,T1,FLT3DY
0,0.8805555555555555,0.726608187134503,0.8131313131313131,0.7827380952380953,0.7430451127819548,0.7005324563464098,0.5971848664156357,0.6845238095238096,0.7902777777777779,0.812610229276896,0.8283391405342625
