,18A2,868Z11,A23,A6,NYE-S1,TCR2-T,TCR3,TCR6,TCR7,T1,FLT3DY
0,0.8432720961456593,0.7617880485527545,0.8418128654970759,0.7892021895537309,0.6960155490767735,0.6773726851851851,0.5771138583638584,0.7499504852446028,0.8246314496314496,0.8582456140350878,0.8208730158730159
