,18A2,868Z11,A23,A6,NYE-S1,TCR2-T,TCR3,TCR6,TCR7,T1,FLT3DY
0,0.8210809629747339,0.7910665294924554,0.8425925925925926,0.7506713615888992,0.7780327497308629,0.6789466841588956,0.6359945130315501,0.7496693121693122,0.7501257422546525,0.8716289104638619,0.7391518737672583
1,0.844187675070028,0.7757936507936508,0.8084490740740741,0.8017777777777777,0.7869433198380565,0.7283950617283951,0.6165293040293041,0.8069272976680385,0.7410746082621081,0.8504464285714285,0.8796296296296298
