,18A2,868Z11,A23,A6,NYE-S1,TCR2-T,TCR3,TCR6,TCR7,T1,FLT3DY
0,0.8311656651908076,0.7564799783549784,0.7909375000000001,0.7667049349439287,0.7621136173767752,0.7062086776859503,0.630969440658022,0.7297920028689259,0.7447125998866811,0.877536708305939,0.697786840175953
1,0.8624561403508771,0.7415239487607909,0.7908080808080808,0.8337172538392051,0.815809247364954,0.7003676470588235,0.6424034110685695,0.7824632352941175,0.8249554367201425,0.8478682170542635,0.764072204968944
2,0.8681362497151971,0.7770061728395062,0.8283687943262411,0.8556547619047619,0.819325396825397,0.6995229456426796,0.6233161027568922,0.7467218771566597,0.828443161776495,0.8240740740740741,0.7481060606060606
