,18A2,868Z11,A23,A6,NYE-S1,TCR2-T,TCR3,TCR6,TCR7,T1,FLT3DY
0,0.7968694509553237,0.6805293631100083,0.828561771316196,0.7733010978625013,0.7755012181469166,0.7376929300472991,0.6545811957486417,0.7485043867396808,0.7809793252786053,0.8552929943907387,0.6720105109351433
1,0.7951192598251421,0.705880149812734,0.8271979049756828,0.7717206790123458,0.7941490950831014,0.7254925026664156,0.6322091194968554,0.7722772696476965,0.7958107389686337,0.8413037942449707,0.7655814949668023
2,0.8273814242304134,0.7240857946554149,0.8531746031746033,0.7338282078472959,0.7880344995140912,0.7376816690107829,0.6169342231842232,0.7621709760074541,0.8058423549852981,0.8073943316661764,0.824605686156319
3,0.8821153846153846,0.777943615257048,0.86087035030697,0.7536686979231438,0.8078388762912573,0.7372158813774266,0.6146235909822866,0.7582727272727272,0.797012012012012,0.7374521072796935,0.8741246498599441
4,0.8841478696741856,0.7940654733107563,0.8619883040935673,0.80462775528565,0.7909920634920634,0.7583333333333334,0.6313779239766082,0.7679834054834055,0.7893279569892474,0.7363556338028169,0.8681552365762893
