,18A2,868Z11,A23,A6,NYE-S1,TCR2-T,TCR3,TCR6,TCR7,T1,FLT3DY
0,0.8397003331966912,0.7870775058275058,0.8388556415121879,0.7691280407626562,0.7879470439954311,0.6970209339774557,0.6211251681598305,0.7326057982342743,0.7299245588719273,0.8446969696969697,0.8170067801850748
1,0.8455516705516706,0.7709401709401709,0.8568441713603004,0.7609690656565656,0.8085593033509699,0.7105339105339107,0.6485970819304153,0.6827573696145125,0.8261006104143359,0.8766534391534392,0.7899749373433584
