,18A2,868Z11,A23,A6,NYE-S1,TCR2-T,TCR3,TCR6,TCR7,T1,FLT3DY
0,0.7992167577413479,0.7051633986928104,0.8263975803087192,0.7905098906871956,0.7130750605326877,0.6968614718614718,0.6061051373954599,0.7639759847640283,0.7824900589606472,0.88125,0.7365857454092749
1,0.8827410130718955,0.7253302253302253,0.875,0.7916762916762917,0.8023026646556057,0.7010242843576178,0.6185680417259365,0.7572590011614402,0.8148148148148149,0.8477531857813547,0.7981203007518797
