,18A2,868Z11,A23,A6,NYE-S1,TCR2-T,TCR3,TCR6,TCR7,T1,FLT3DY
0,0.8425605536332178,0.7436601307189544,0.807210401891253,0.8551428571428573,0.8169642857142857,0.7518292682926829,0.640952380952381,0.7316091954022989,0.6997755331088665,0.942857142857143,0.8817361111111112
