,18A2,868Z11,A23,A6,NYE-S1,TCR2-T,TCR3,TCR6,TCR7,T1,FLT3DY
0,0.8115914786967418,0.7075438596491228,0.7976886661097188,0.7688167515753722,0.7271286231884059,0.6781765018607123,0.638989898989899,0.7324614130359685,0.7343001867154716,0.8648888888888888,0.7394544673539519
1,0.8251341891882813,0.7130847953216374,0.8045952175165659,0.7726638176638176,0.7531803172197261,0.7378578211911545,0.6220580186097427,0.7737768632830361,0.7624727886623129,0.8620462046204621,0.7735101356500534
2,0.8589302112029383,0.7300182149362477,0.83193407960199,0.8095359366157329,0.8031951286261632,0.7718511133266867,0.6527777777777777,0.807534029756252,0.8151985205314011,0.840530303030303,0.8241803278688525
