,18A2,868Z11,A23,A6,NYE-S1,TCR2-T,TCR3,TCR6,TCR7,T1,FLT3DY
0,0.8681395879345922,0.7164835164835166,0.8180913978494625,0.7903003780407626,0.7113722591771371,0.7506914843231979,0.6092657004830918,0.7502793816353138,0.7910722373188407,0.8863636363636364,0.7422052154195011
1,0.9030910609857977,0.762962962962963,0.8510536398467433,0.7444261695906432,0.7051891722408027,0.7344017094017093,0.6727188341223429,0.7696869488536157,0.8241807475678443,0.806423611111111,0.7659920634920635
