,18A2,868Z11,A23,A6,NYE-S1,TCR2-T,TCR3,TCR6,TCR7,T1,FLT3DY
0,0.8602716727716727,0.6934793948878456,0.8109247967479675,0.8209384004228258,0.799857026143791,0.7766452516267194,0.658676268861454,0.7796955128205129,0.7709643605870021,0.8598090277777777,0.8282246900204647
