,18A2,868Z11,A23,A6,NYE-S1,TCR2-T,TCR3,TCR6,TCR7,T1,FLT3DY
0,0.8091249249885276,0.7649122807017544,0.8234183631247931,0.7526436526436527,0.7208806818181818,0.6796875,0.6416113516113516,0.7421379229598407,0.7624753605145762,0.8553507424475165,0.7779313546170048
1,0.8151449098218166,0.7384122611395338,0.8341543513957307,0.7681228236783793,0.7275195263290501,0.7302380952380952,0.6767156905505446,0.7733727899762055,0.7596661796111048,0.8925490196078432,0.7541937897493453
2,0.8534912916348842,0.7322222222222221,0.8772802653399668,0.8220899470899471,0.7737818704717659,0.7354070660522273,0.6893490729625183,0.773242193767851,0.8160665760869565,0.887085137085137,0.7363888888888889
3,0.8838141025641026,0.742962962962963,0.9152979066022544,0.8550179211469535,0.8005050505050506,0.7272018970189702,0.6755303030303029,0.8003535353535353,0.8857843137254902,0.9320987654320989,0.8212543554006967
