,18A2,868Z11,A23,A6,NYE-S1,TCR2-T,TCR3,TCR6,TCR7,T1,FLT3DY
0,0.839374585853459,0.6991541353383459,0.7675344904316868,0.7678641006373327,0.729461736934563,0.7401620370370371,0.6228595726789741,0.7121064947679808,0.7914227393345582,0.8415791776027998,0.6948509034475112
1,0.8626969903851625,0.7263939763939763,0.8356434527834122,0.7827975969280317,0.7579399399399399,0.7187755102040816,0.6655889559207637,0.7487159198178688,0.7941846583266076,0.8450045004500452,0.7951314508276534
2,0.9003239390994494,0.7704248366013072,0.8342840608465609,0.7914565826330534,0.8190378494963045,0.7247281265447355,0.6443713450292398,0.7703146374829002,0.8237481194928004,0.817426400759734,0.778529341029341
