,18A2,868Z11,A23,A6,NYE-S1,TCR2-T,TCR3,TCR6,TCR7,T1,FLT3DY
0,0.8375180375180374,0.6911800936191179,0.8093389088012745,0.8128245539593056,0.7054315476190477,0.6933910864116815,0.6329247311827957,0.7500834167500834,0.7874479498818322,0.812202380952381,0.7923133450911228
1,0.9022239943292575,0.7443557490727303,0.8226190476190475,0.8264550264550264,0.7202604166666666,0.7396090534979424,0.5119448452781786,0.7607083333333334,0.8092490602325378,0.8860035211267605,0.7393755739210285
