,18A2,868Z11,A23,A6,NYE-S1,TCR2-T,TCR3,TCR6,TCR7,T1,FLT3DY
0,0.8485340257492157,0.720087235996327,0.7960038986354775,0.7595209604386467,0.7043871143871144,0.729006233956729,0.6837944022339113,0.7374999999999999,0.7467843653930609,0.8677861319966583,0.7816797657574357
1,0.8694454425679723,0.6955026455026454,0.8229123332501317,0.7833939393939393,0.74378186251227,0.7578098076182367,0.6813869463869464,0.7747790404040403,0.7744428897180763,0.8636642559719482,0.8264560498603052
2,0.8693965517241379,0.6854482323232323,0.8133141762452109,0.7429979047165259,0.7353601953601955,0.7783584169453733,0.6980842911877394,0.7792594310451454,0.7812197374051303,0.8627777777777778,0.8147198480531813
3,0.8871911421911421,0.6667297979797979,0.8138138138138138,0.8180656199677938,0.7751120915933858,0.777481639421938,0.6715017390971983,0.7821045998739761,0.8115347490347492,0.8853748326639893,0.8054952510176392
4,0.8942088463292294,0.5652337858220211,0.8390277777777779,0.8258778258778259,0.7594482237339379,0.7766203703703703,0.6672065482410309,0.7885822664770034,0.8392048670062252,0.9604761904761904,0.8048293391430645
5,0.8733660130718954,0.48035230352303526,0.8356994971901804,0.8593117408906883,0.7814682539682539,0.7754120879120879,0.6678178847296494,0.7995642701525054,0.8365799179263416,0.9722222222222222,0.8370815231280347
