,18A2,868Z11,A23,A6,NYE-S1,TCR2-T,TCR3,TCR6,TCR7,T1,FLT3DY
0,0.821187470365102,0.7421288202538202,0.8304692891649413,0.7672218027603485,0.6865942028985508,0.7525417574437182,0.6164788104562676,0.7636007972244778,0.7978755144032922,0.854875283446712,0.811142113095238
1,0.8263652352011398,0.7474267305727981,0.8444338131292121,0.7917012233049969,0.758519721019721,0.7610646928828747,0.637954229310772,0.7644904115492351,0.7855693102522813,0.862743808897655,0.800872885979269
2,0.8422945384294068,0.7479914529914531,0.831986021641194,0.8292920524691358,0.7810047733293347,0.7563315339631128,0.6697145877378435,0.778657616892911,0.7707010582010584,0.8649444444444444,0.8033843951718348
3,0.8737079247283329,0.7725490196078432,0.8344919947032623,0.8318216175359033,0.8349938460232579,0.7244569088319089,0.6627972709551656,0.7951330532212886,0.7598843537414965,0.8747222222222222,0.8624338624338623
4,0.8926414768806072,0.7805435305435305,0.8370228256591893,0.825519173186516,0.8377095660749507,0.7062271062271063,0.6617383512544802,0.7938521241830067,0.7846612466124662,0.8518266908212561,0.8492283950617284
5,0.8967704728950404,0.7643518518518518,0.825994318181818,0.8069370958259848,0.8531428062678063,0.7576558265582656,0.6470311581422693,0.8345959595959597,0.8459901433691757,0.8604372566636718,0.815648148148148
