,18A2,868Z11,A23,A6,NYE-S1,TCR2-T,TCR3,TCR6,TCR7,T1,FLT3DY
0,0.861300505050505,0.7528323778323779,0.8033333333333332,0.7595169082125603,0.7530456349206348,0.6971916971916973,0.6167972239400811,0.7446963970773495,0.754472295415475,0.8301282051282052,0.8050624589086128
1,0.8693310657596373,0.7605982905982905,0.7915157004830918,0.7889983579638753,0.8187192118226602,0.7335497835497836,0.6541486291486291,0.731358024691358,0.8220598845598847,0.8218390804597702,0.8209387511713094
