,18A2,868Z11,A23,A6,NYE-S1,TCR2-T,TCR3,TCR6,TCR7,T1,FLT3DY
0,0.8140211303011634,0.7863746282990269,0.8197111020334059,0.719416709336064,0.6997870582252732,0.689670138888889,0.593737549000707,0.7579817498658078,0.6687038171055318,0.8416361416361416,0.7591166363452597
1,0.8351767676767676,0.8155741084312513,0.8227813852813851,0.7702886710239651,0.7711272228189522,0.7179962894248608,0.6169473402833466,0.7458338841986641,0.7777777777777778,0.8089805825242719,0.7727777777777778
2,0.8393154486586494,0.759742989251186,0.8509950248756218,0.807409784624162,0.8329764004367178,0.7356133629922557,0.5879901960784314,0.7463113520024088,0.8242143658810326,0.8145743145743145,0.8011730333158905
3,0.8599409849409848,0.7957317073170733,0.8047914818101153,0.8318376068376069,0.8138132688041945,0.7435672514619883,0.5722222222222223,0.7835047388586407,0.8150225962287675,0.7582304526748972,0.8017543859649123
