,18A2,868Z11,A23,A6,NYE-S1,TCR2-T,TCR3,TCR6,TCR7,T1,FLT3DY
0,0.8584545454545455,0.7900896722325293,0.8253968253968255,0.8005998389694042,0.674781912765106,0.7409738113399441,0.587793586269196,0.7597586819797648,0.7575892857142857,0.8417651694247438,0.8226300366300366
