,18A2,868Z11,A23,A6,NYE-S1,TCR2-T,TCR3,TCR6,TCR7,T1,FLT3DY
0,0.7926666666666667,0.6631306865177833,0.7616262879420774,0.7365996941045605,0.700798580301686,0.7570485436893204,0.6484630538209931,0.7640001661740792,0.750263778550149,0.648281101614435,0.7299115724721261
1,0.8361528488206876,0.672675120772947,0.8189745349939525,0.8150642319074523,0.7599578373015873,0.7446567120480164,0.6686145451770452,0.7979273504273504,0.8057045308012426,0.8408454290807232,0.7654932950191572
2,0.8775692762980899,0.7644809900244683,0.811624053030303,0.8243589743589744,0.7505588753053255,0.7348217783000391,0.6683862433862435,0.8117154269115053,0.7872202513905314,0.8415686274509805,0.7742257742257742
3,0.883632707162119,0.8012764245483138,0.8629129129129129,0.8287742723226593,0.7523565323565323,0.745755517826825,0.6575148809523811,0.8260444245962125,0.7945040802183659,0.8208656330749354,0.7523621677467832
4,0.8999795751633987,0.7811045470819907,0.8426867545511613,0.8407177363699102,0.7888962217455866,0.7342777777777778,0.6393483709273182,0.8013928458372902,0.8232804232804233,0.8189484126984127,0.7738927738927739
