,18A2,868Z11,A23,A6,NYE-S1,TCR2-T,TCR3,TCR6,TCR7,T1,FLT3DY
0,0.7959673090575382,0.7489285714285715,0.8310928837244628,0.8011217948717949,0.7483191411762841,0.7861541107671138,0.6309412861136999,0.7714342948717948,0.8145634322104911,0.897766323024055,0.7586409550045913
