,18A2,868Z11,A23,A6,NYE-S1,TCR2-T,TCR3,TCR6,TCR7,T1,FLT3DY
0,0.8707834858081164,0.7425825418362733,0.8413672402159245,0.7760103687993402,0.7472676282051283,0.7246031746031747,0.5831679894179894,0.8104450113378685,0.7863240245593186,0.8361842105263159,0.7761103094436427
