,18A2,868Z11,A23,A6,NYE-S1,TCR2-T,TCR3,TCR6,TCR7,T1,FLT3DY
0,0.8334909973827768,0.6929377589409019,0.8127936801066995,0.7674535667324128,0.6809151300676725,0.7491313078400559,0.6075795909761754,0.7568633605356769,0.7722770267527301,0.8431955922865014,0.774861350162555
1,0.8920542635658916,0.75954494223725,0.8698282591725214,0.8192989805893033,0.7795282520682978,0.7761479591836734,0.6341563786008231,0.7780214424951267,0.8540360501567399,0.8163690476190476,0.746168582375479
