,18A2,868Z11,A23,A6,NYE-S1,TCR2-T,TCR3,TCR6,TCR7,T1,FLT3DY
0,0.8393968253968254,0.718272274988693,0.8532332251082252,0.7947039584777545,0.7431216931216932,0.797953216374269,0.6353999101488341,0.7567689304839598,0.8538988095238095,0.8400716845878137,0.7401455026455027
