,18A2,868Z11,A23,A6,NYE-S1,TCR2-T,TCR3,TCR6,TCR7,T1,FLT3DY
0,0.8106755424063117,0.7554421768707482,0.7889881691073054,0.7494224806201552,0.7905560622951927,0.711593172119488,0.6490589788462129,0.7438684503901896,0.7599645617929397,0.7945773524720893,0.7635345804988661
