,18A2,868Z11,A23,A6,NYE-S1,TCR2-T,TCR3,TCR6,TCR7,T1,FLT3DY
0,0.8314739942098432,0.7073677248677249,0.8060467479674797,0.7667289027541438,0.6411088911088911,0.7362382405288583,0.6268066095652304,0.7622729091636654,0.7550005550005551,0.8424743892828999,0.7693788819875778
