,18A2,868Z11,A23,A6,NYE-S1,TCR2-T,TCR3,TCR6,TCR7,T1,FLT3DY
0,0.8159685228591046,0.7592881944444444,0.7966979229683403,0.7715210383634045,0.6900696652534887,0.7341662517633392,0.6587639553429027,0.7498388136686008,0.8369736842105263,0.8546664279746986,0.6830065359477123
1,0.8161120879511224,0.773866582855347,0.8169738247863249,0.7921537806595277,0.7876972740315638,0.7573176386659531,0.6496179321240847,0.7795463344243831,0.7666187971063341,0.8504273504273505,0.7855744835085177
2,0.8247407874457054,0.7557692307692307,0.7903594532808015,0.7842685494859407,0.7950092467636326,0.7648398542385885,0.6755791962174941,0.7772295321637427,0.8021475373424399,0.8497727272727272,0.8235754985754986
3,0.8662470862470862,0.7720258136924804,0.7837462462462463,0.8061234656464212,0.8524515993265993,0.7265928515928516,0.6614798534798535,0.7596949891067538,0.8040584795321637,0.8276984126984127,0.7739279791518596
4,0.8749554367201426,0.7673010380622838,0.7704090081139262,0.7974497126436781,0.8879738562091504,0.7503409090909091,0.6387135241301908,0.7698333333333333,0.8501666666666665,0.8295887799564271,0.7591919191919191
5,0.8984041645331967,0.7419191919191919,0.7644376899696047,0.7996678743961354,0.8670835337502005,0.7250802599639808,0.6,0.7600000000000001,0.8315384615384614,0.8298611111111112,0.7810699588477367
