,18A2,868Z11,A23,A6,NYE-S1,TCR2-T,TCR3,TCR6,TCR7,T1,FLT3DY
0,0.8063764374073269,0.7605452674897119,0.8027079303675048,0.7686970172684459,0.7707527365422102,0.7014172936760423,0.6436490413647343,0.794441687344913,0.7939473092910908,0.8983918128654972,0.7936125454197743
1,0.8660268557572793,0.7817695125387433,0.8265125678918782,0.7622624269005848,0.8100273569023568,0.7298961251167132,0.6071454678362573,0.8182002022244692,0.7697926392779335,0.8961187214611872,0.8671732026143791
