,18A2,868Z11,A23,A6,NYE-S1,TCR2-T,TCR3,TCR6,TCR7,T1,FLT3DY
0,0.8344605836744202,0.710462962962963,0.8038194444444443,0.7654999369761138,0.6713725490196079,0.7393783371472159,0.6280788177339902,0.7620728291316526,0.7502700291161831,0.8417651694247438,0.768688750862664
