,18A2,868Z11,A23,A6,NYE-S1,TCR2-T,TCR3,TCR6,TCR7,T1,FLT3DY
0,0.8324473395228112,0.7064904044147928,0.8032350948509485,0.7615688131313131,0.64005439005439,0.7345601322145945,0.6291661119247327,0.7239057239057239,0.750422654268808,0.8421591804570528,0.7728571428571428
