,18A2,868Z11,A23,A6,NYE-S1,TCR2-T,TCR3,TCR6,TCR7,T1,FLT3DY
0,0.8400482138943678,0.7433394667740019,0.8125858123569794,0.7557699324940703,0.7584623973291768,0.7418666666666667,0.625918329043329,0.7402847923681257,0.777262893081761,0.867953216374269,0.7122567767913285
1,0.8258945031003854,0.717062507385088,0.8386928104575163,0.7433444037021948,0.7662696716380103,0.7412008281573499,0.6564160839160839,0.7706696595585485,0.8394585738335737,0.867528735632184,0.7035500107089311
2,0.8607797270955166,0.7864344503233393,0.8447437114380637,0.7406610266348639,0.770159841954023,0.7312587904360055,0.6526632605120977,0.7606890998944972,0.8506331949344405,0.8533653846153846,0.798455047062642
3,0.8535879629629629,0.8161446396740514,0.8284384945343849,0.7793650793650793,0.7587301587301587,0.7206230751006869,0.6584367096230278,0.7649224869540586,0.8418209876543209,0.8709447415329769,0.782070707070707
4,0.8570048309178744,0.8179245283018868,0.8219540229885057,0.8012688614540465,0.7829496162829498,0.7524711399711399,0.6650377229080933,0.7598149713534329,0.8524631157789448,0.8190476190476191,0.8511530398322851
