,18A2,868Z11,A23,A6,NYE-S1,TCR2-T,TCR3,TCR6,TCR7,T1,FLT3DY
0,0.8317235699311171,0.7822036384976525,0.8191068672839507,0.7678081868027982,0.6638747474747474,0.7391367912534962,0.6264367816091955,0.7589515806322528,0.7526584526584528,0.8410559495665879,0.7754520358868184
