,18A2,868Z11,A23,A6,NYE-S1,TCR2-T,TCR3,TCR6,TCR7,T1,FLT3DY
0,0.7971813336157295,0.6747660586835845,0.7692367601246106,0.7668621802900004,0.6986229441851052,0.7403067129629629,0.6234329014256774,0.7114662899024239,0.7811608211359661,0.831990231990232,0.6961949894690167
1,0.8757101334390276,0.7178856071261134,0.8366351138156413,0.7854917626656758,0.7141030486268581,0.7188387635756056,0.6657103067286133,0.7504306814651643,0.788363333771296,0.8341666666666668,0.7983511846802985
2,0.9108465608465609,0.7762269658821382,0.8358134920634921,0.797826884764601,0.7683658069905949,0.7298761609907122,0.6416040100250627,0.7684906520747834,0.8189055764149632,0.808080808080808,0.783451210396182
