,18A2,868Z11,A23,A6,NYE-S1,TCR2-T,TCR3,TCR6,TCR7,T1,FLT3DY
0,0.8445973012861058,0.7119259825142178,0.8228673835125448,0.8065709246661626,0.7209417880212513,0.7242296918767507,0.6366931918656057,0.74095219017094,0.7063172043010754,0.8434710743801652,0.7352607709750566
1,0.8795260295260295,0.6899449035812673,0.8248633879781421,0.8255405618686869,0.7741768707482993,0.7064744668911337,0.6464580498866214,0.7195512820512819,0.7378801565793435,0.7291666666666666,0.8596745376406393
