,18A2,868Z11,A23,A6,NYE-S1,TCR2-T,TCR3,TCR6,TCR7,T1,FLT3DY
0,0.8092733092733093,0.7133333333333334,0.8219069928856498,0.7487790253058955,0.6974302200751475,0.6062845651080945,0.6760094091160104,0.7514298233476316,0.8068036890645586,0.8540398615586585,0.6399461745482508
1,0.8733526925262859,0.6968858371480094,0.8326191862883766,0.7625119513255106,0.7557388400130335,0.6950473137973138,0.6868818681318681,0.7521421107628004,0.8194743589743588,0.8497150997150998,0.6913202831454642
2,0.8775384615384616,0.6923868312757202,0.8242424242424242,0.8074153213042102,0.8059796893667861,0.7384761205894943,0.6693093727977448,0.7498139164805832,0.8317118212733373,0.8514141414141414,0.7436723602484472
3,0.8688383838383839,0.7176409618573798,0.8384153384153384,0.8275252525252524,0.8678655934737197,0.7479094579008073,0.6542196250304358,0.7640039950699138,0.8001054067460318,0.8491298527443106,0.7358091787439612
4,0.8466134559884559,0.6854423868312757,0.8307210031347964,0.8158550707570315,0.8784950958864003,0.7735721069054402,0.6410473718593853,0.7801106083459025,0.8469354838709678,0.8859366612989801,0.7980808080808081
