,18A2,868Z11,A23,A6,NYE-S1,TCR2-T,TCR3,TCR6,TCR7,T1,FLT3DY
0,0.8546660636212874,0.7259189901511999,0.8105844279459357,0.7508787436114623,0.7062439092876138,0.735930735930736,0.6320027677037602,0.7696153846153847,0.7679870699101468,0.8653846153846154,0.7423469387755102
1,0.8631665737643998,0.7209935897435896,0.8187799043062202,0.7466249799583133,0.7867003367003367,0.7200854700854702,0.6384895164741121,0.7584371410902023,0.7949514253862079,0.94234496124031,0.7232517482517483
2,0.8546801346801347,0.6581072351421188,0.7921296296296297,0.7491892814473461,0.7613636363636364,0.7617079889807162,0.6777777777777777,0.743872549019608,0.7906194885361552,0.9876543209876543,0.8462889767237592
