,18A2,868Z11,A23,A6,NYE-S1,TCR2-T,TCR3,TCR6,TCR7,T1,FLT3DY
0,0.7784013605442177,0.7033234126984128,0.8910840932117529,0.7847148736037625,0.773537037037037,0.71039972899729,0.63838784672118,0.7139909898530589,0.7257222222222223,0.865079365079365,0.7852813852813852
