,18A2,868Z11,A23,A6,NYE-S1,TCR2-T,TCR3,TCR6,TCR7,T1,FLT3DY
0,0.8172227955509689,0.7209866220735787,0.8407036163522013,0.7703509852216749,0.7597385947385948,0.656983695652174,0.6421766890516891,0.7412070992261816,0.7708573958573958,0.8377142857142856,0.7226823793490459
1,0.8896707818930042,0.7175047943746004,0.8608803986710963,0.7979698216735254,0.8007351712614871,0.6977368622938243,0.6290802793265847,0.763711967545639,0.7908512636612022,0.8406903190319032,0.6444266381766383
2,0.8824005550416282,0.7196969696969697,0.8260893246187363,0.7814414828431372,0.8488996242619432,0.7218581989247311,0.6446496212121212,0.7669552669552671,0.7553795938104448,0.8570574162679425,0.7765950824774354
3,0.9108035371011148,0.7952533577533577,0.8534118357487923,0.8133509003074221,0.8627344222625529,0.7021153846153846,0.631127450980392,0.7845625798212005,0.7301747311827956,0.9727272727272727,0.8148148148148148
