,18A2,868Z11,A23,A6,NYE-S1,TCR2-T,TCR3,TCR6,TCR7,T1,FLT3DY
0,0.8471686562595653,0.8092482363315696,0.8429657665030005,0.8130239151873768,0.7355988598029265,0.6660077519379844,0.6350657108721625,0.7597386078163259,0.737433326907011,0.7393353174603173,0.796525358110724
1,0.9099378881987578,0.7453703703703703,0.8938271604938272,0.8186951181506535,0.8371221405228758,0.7624895572263993,0.664921418128655,0.7851213282247764,0.7907708333333333,0.6682316118935837,0.8364197530864198
