,18A2,868Z11,A23,A6,NYE-S1,TCR2-T,TCR3,TCR6,TCR7,T1,FLT3DY
0,0.8871506579839913,0.7334617180205415,0.842548076923077,0.7883848607532817,0.7447447447447447,0.7157073844030366,0.6398994622398878,0.775673076923077,0.7617387820512821,0.8452688172043011,0.7585700483091787
