,18A2,868Z11,A23,A6,NYE-S1,TCR2-T,TCR3,TCR6,TCR7,T1,FLT3DY
0,0.8209475223193455,0.6881857979418955,0.8333799925345278,0.7852977925864223,0.7027352607709751,0.687631503644229,0.5941553166069294,0.7630021367521368,0.7699574934869053,0.8458953168044078,0.7112258558041691
1,0.888784461152882,0.7667410714285715,0.8189814814814814,0.7907109287317621,0.841446923597025,0.7383006535947713,0.6806798806479112,0.7997450892187734,0.8096899224806201,0.8173611111111111,0.672633744855967
