,18A2,868Z11,A23,A6,NYE-S1,TCR2-T,TCR3,TCR6,TCR7,T1,FLT3DY
0,0.8447376543209876,0.693129520052597,0.8288416075650119,0.7977075008325007,0.7069097222222221,0.6809343434343433,0.6834821428571428,0.7675106140623381,0.7804028990469668,0.8461707988980717,0.8223336740778602
1,0.8585925039872407,0.7606646825396824,0.8526151444184231,0.78575225943647,0.7702688258243815,0.6884259259259259,0.6555659107383246,0.7792735042735043,0.7791588857765328,0.8867753623188407,0.8279499299719889
