,18A2,868Z11,A23,A6,NYE-S1,TCR2-T,TCR3,TCR6,TCR7,T1,FLT3DY
0,0.8469223484848484,0.8102020202020203,0.8339356575963719,0.7715409590409591,0.7140201071550946,0.7252126654064273,0.6022332702020202,0.7284358198924731,0.811345938292726,0.8681967984934088,0.792451690821256
1,0.8728445581131004,0.8095833333333333,0.8293607800650055,0.7674636285836542,0.7751436781609194,0.7044688644688645,0.6410154173312068,0.7405322636300896,0.7744006693586525,0.9324712643678161,0.7881746031746032
2,0.9069973785037306,0.7695624195624197,0.8683510638297872,0.8154761904761904,0.8144463667820069,0.740964590964591,0.6082178690874344,0.7254901960784315,0.8358974358974359,0.9757575757575756,0.8509530141843972
