,18A2,868Z11,A23,A6,NYE-S1,TCR2-T,TCR3,TCR6,TCR7,T1,FLT3DY
0,0.8098187016123305,0.7542411096079986,0.8451134630053394,0.7412009415624543,0.7518291893291894,0.654940645773979,0.6201587301587302,0.7352931796767413,0.7979681069958847,0.8329424307036248,0.7263324276459627
1,0.8408810399159664,0.7392894461859979,0.8395145764576458,0.7087140190588466,0.7561224489795918,0.7099621212121212,0.5987423402512849,0.7365514905149052,0.7944314883913765,0.8278719397363465,0.8316684472934472
2,0.82291890274444,0.8464786902286904,0.8479304715259771,0.7495021196884551,0.7987297032474805,0.7218792172739542,0.6173747276688454,0.7467421124828532,0.7971205962059621,0.8373899889988999,0.8516529571381892
3,0.8625624239372195,0.7966540404040403,0.8710737512107375,0.8087839987711618,0.8204747915537682,0.7494723583877997,0.6477282515073214,0.7643865017637809,0.7762237762237763,0.7987522281639928,0.8088235294117648
4,0.8410062160062161,0.7732371794871794,0.8705172413793104,0.7848319763729247,0.8342803030303031,0.7476190476190476,0.629567901234568,0.7701469890943575,0.7499723145071983,0.7871712292002147,0.8432748538011695
