,18A2,868Z11,A23,A6,NYE-S1,TCR2-T,TCR3,TCR6,TCR7,T1,FLT3DY
0,0.8337617716548534,0.7214007885763,0.804591049382716,0.7470959595959595,0.6430276073133215,0.7396325959827105,0.6269841269841271,0.7257377698554169,0.7479336902413826,0.8414499605988969,0.7701794340924776
