,18A2,868Z11,A23,A6,NYE-S1,TCR2-T,TCR3,TCR6,TCR7,T1,FLT3DY
0,0.8464069415327278,0.7066176470588236,0.8209418872069474,0.8073968935945306,0.749579797979798,0.736399557452189,0.5934954742584281,0.7464927536231883,0.7833721833721835,0.841686367218282,0.7811320135263798
