,18A2,868Z11,A23,A6,NYE-S1,TCR2-T,TCR3,TCR6,TCR7,T1,FLT3DY
0,0.8440732206861239,0.6872073273330477,0.8157632556568727,0.805230271120794,0.7583335896726034,0.7017316017316017,0.6511971326164875,0.7389551740119206,0.7978650137741047,0.8438016528925619,0.7683531746031745
1,0.8695111763147706,0.6201131687242798,0.8081317204301075,0.8309419075548107,0.8171406700818465,0.6852092352092352,0.6927329749103942,0.7946198830409356,0.8406546080964685,0.8648809523809523,0.7758817616959064
