,18A2,868Z11,A23,A6,NYE-S1,TCR2-T,TCR3,TCR6,TCR7,T1,FLT3DY
0,0.8732000000000001,0.6951406293511556,0.7966812966812967,0.7413194444444443,0.8435005574136009,0.6863636363636364,0.6270032051282052,0.7731326644370123,0.8121307189542484,0.839601370851371,0.8159639877031181
