,18A2,868Z11,A23,A6,NYE-S1,TCR2-T,TCR3,TCR6,TCR7,T1,FLT3DY
0,0.7872390891840607,0.6544121148626124,0.8109182530795073,0.7747871000251952,0.7316819957550217,0.7159609737614853,0.6247216248506571,0.7680137844611529,0.820751972286499,0.8148375648375649,0.7532596371882087
1,0.9208619374523265,0.8173314339981007,0.8533962506420133,0.8063799283154122,0.7958912432596644,0.7161151036583563,0.6560570987654321,0.7857562825983879,0.8103174603174604,0.6847619047619048,0.733410688460633
