,18A2,868Z11,A23,A6,NYE-S1,TCR2-T,TCR3,TCR6,TCR7,T1,FLT3DY
0,0.7913744985173556,0.6978425614789252,0.8366422974006117,0.729010116612396,0.7556731334509114,0.7249240500024902,0.6528010261343594,0.7496743673422649,0.7036946315574607,0.8482393162393164,0.6389811300864432
1,0.8062987464954562,0.7034605952984948,0.8400316911552866,0.6902457466918713,0.773805256869773,0.744690576652602,0.6466106513743709,0.7237860082304527,0.784251797755953,0.8662626262626262,0.7860398860398861
2,0.7957791327913278,0.6910919540229884,0.8520171957671957,0.6650378056628057,0.8092208672086721,0.8011579495186053,0.6570930013205055,0.7221648301193756,0.8370316063864451,0.8654320987654321,0.7412497256967304
