,18A2,868Z11,A23,A6,NYE-S1,TCR2-T,TCR3,TCR6,TCR7,T1,FLT3DY
0,0.8198097601323407,0.6982916014606156,0.8074041923868313,0.7844768280814792,0.7284823453190801,0.7673611111111112,0.6108570108570108,0.7571181979764834,0.8211961722488038,0.8994845360824743,0.775530303030303
