,18A2,868Z11,A23,A6,NYE-S1,TCR2-T,TCR3,TCR6,TCR7,T1,FLT3DY
0,0.7960058597197218,0.698005698005698,0.7667890520694259,0.7530790665273424,0.7287755270092227,0.7414641203703703,0.6321533210985545,0.7534415584415584,0.7816880486723073,0.8421041119860018,0.6940472231459927
1,0.8734112828643149,0.7327991452991452,0.8342911877394638,0.7734690656565656,0.782966966966967,0.7446969696969697,0.6671434019832189,0.776732174351222,0.7905443875093067,0.8450045004500452,0.7957676079195067
2,0.9111552028218695,0.8025383141762452,0.8341187169312169,0.7834600506869416,0.817437002219611,0.7488012566137566,0.6406902673350042,0.7829307271497941,0.8223998294970162,0.817426400759734,0.7938612313612312
