,18A2,868Z11,A23,A6,NYE-S1,TCR2-T,TCR3,TCR6,TCR7,T1,FLT3DY
0,0.8269363946303003,0.7924019607843137,0.8249033816425122,0.7846172670734074,0.7418423601792471,0.6423026646556058,0.6588856400259909,0.7428025074764205,0.7530816189552859,0.8566058002148228,0.6683988499245853
1,0.8305256477591035,0.7926611796982167,0.832010582010582,0.8008474223022543,0.7515100478625754,0.6459573002754821,0.6896831456384808,0.7357400099199931,0.8418526401788785,0.8537511870845204,0.7933316080055212
2,0.8432830162668873,0.78047052154195,0.8380373303167422,0.8048030018761727,0.7865248615755714,0.7765026959400361,0.6645866881374127,0.7291867760617761,0.8457747117342103,0.8307830783078308,0.8489183580646995
3,0.8737660155429533,0.7786764705882353,0.8324882629107981,0.8011017126148704,0.8127698354512871,0.7790913180386864,0.6766708437761069,0.735966043412852,0.835900210900211,0.7952941176470588,0.8498556998556999
4,0.8797706986765159,0.7836662967073623,0.7956027890238416,0.7951297514619883,0.8062925170068027,0.7495786265017035,0.7093970003060912,0.7431149097815765,0.8213346482577251,0.7930756843800322,0.8110371267150928
5,0.87100671789667,0.792077580539119,0.7790697674418604,0.8211898395721926,0.8295120517342739,0.7359078590785909,0.6947768281101614,0.7437386569872958,0.8016666666666667,0.7845163222521713,0.8053359683794467
