,18A2,868Z11,A23,A6,NYE-S1,TCR2-T,TCR3,TCR6,TCR7,T1,FLT3DY
0,0.8366232567678425,0.7284168212739641,0.8936776299581178,0.7922789476341968,0.7791132478632479,0.7734766016016016,0.6809239666382524,0.7512510989382566,0.7781596849266021,0.8625510962467485,0.8238122171945701
