,18A2,868Z11,A23,A6,NYE-S1,TCR2-T,TCR3,TCR6,TCR7,T1,FLT3DY
0,0.8094290719290719,0.6677991306337222,0.81461955851523,0.7435036945812808,0.7076223544973544,0.6879041248606467,0.7036566050879648,0.7405316100968276,0.7802120027666524,0.8564388120839733,0.7004053694843169
1,0.8326703375695272,0.6867394361890785,0.801602564102564,0.776006304176517,0.7862937767699673,0.7059119331846605,0.6703204208512673,0.7255952380952381,0.7946886243091873,0.8503030303030302,0.753070818070818
2,0.8205288313290163,0.7181123296776337,0.7773407148407149,0.8165986394557824,0.7884163533834587,0.6725865209471765,0.6434468524251806,0.7315996219504992,0.820930339985218,0.8389254385964913,0.7872685185185185
3,0.8255876068376068,0.7208672086720869,0.7797619047619048,0.820408950617284,0.7878472222222223,0.7053451178451179,0.6234654234654236,0.7282325517619634,0.8308556832694763,0.8332188644688645,0.6839506172839505
