,18A2,868Z11,A23,A6,NYE-S1,TCR2-T,TCR3,TCR6,TCR7,T1,FLT3DY
0,0.8307981045405999,0.673375342935528,0.8137401176450413,0.7451726844583989,0.7295287458857547,0.7487914862914863,0.6478115942028985,0.7644433982004605,0.788589832068093,0.9076930014430014,0.7871226988131951
1,0.894860269689271,0.7014285714285714,0.7778902384165542,0.7478964215207099,0.7907963910201762,0.7377289377289378,0.6335173916309819,0.8266253869969041,0.8311915377218289,0.806423611111111,0.7643126177024482
