,18A2,868Z11,A23,A6,NYE-S1,TCR2-T,TCR3,TCR6,TCR7,T1,FLT3DY
0,0.8356772266986972,0.73998998998999,0.8177715924426451,0.8054999364352912,0.7147216042516377,0.7114402098867716,0.6088080799138299,0.7457264957264957,0.7387734487734487,0.8427387914230019,0.7215727699530516
