,18A2,868Z11,A23,A6,NYE-S1,TCR2-T,TCR3,TCR6,TCR7,T1,FLT3DY
0,0.8101288592360021,0.8069607843137255,0.8137195121951221,0.7077494796532114,0.8191093474426806,0.7687587513384401,0.6582363971523011,0.738408389450056,0.7866246813615234,0.8115292712066906,0.8166520146520148
