,18A2,868Z11,A23,A6,NYE-S1,TCR2-T,TCR3,TCR6,TCR7,T1,FLT3DY
0,0.8521220159151194,0.7185941043083899,0.8272486772486772,0.7910459694659058,0.7418548227371756,0.7480430907540883,0.6508547008547009,0.7532616911498898,0.7577389277389278,0.8417651694247438,0.7786980176686059
