,18A2,868Z11,A23,A6,NYE-S1,TCR2-T,TCR3,TCR6,TCR7,T1,FLT3DY
0,0.8340196665668365,0.7030310518079235,0.8072662601626016,0.7384852801519468,0.6439393939393939,0.7385011441647599,0.6264145919318334,0.7270251534957417,0.749412980182211,0.840661938534279,0.7708971704623879
