,18A2,868Z11,A23,A6,NYE-S1,TCR2-T,TCR3,TCR6,TCR7,T1,FLT3DY
0,0.8800125786163523,0.666696511176769,0.7838702417695473,0.7575178789464504,0.6842250413678985,0.7515406162464986,0.5981151417197929,0.7425270807623748,0.7600079744816588,0.8890070921985815,0.7502208419599724
