,18A2,868Z11,A23,A6,NYE-S1,TCR2-T,TCR3,TCR6,TCR7,T1,FLT3DY
0,0.8603909465020577,0.6280777777777778,0.786653895274585,0.8127847589653147,0.780048076923077,0.7129629629629629,0.6324074074074074,0.773319044216877,0.7168171820222358,0.8102750809061489,0.8227716727716728
1,0.8980429292929294,0.6015037593984963,0.8425925925925926,0.8132440476190476,0.8525062656641604,0.6945814736512411,0.6784877763138634,0.7559139784946236,0.8232954545454545,0.8051146384479718,0.8453733766233765
