,18A2,868Z11,A23,A6,NYE-S1,TCR2-T,TCR3,TCR6,TCR7,T1,FLT3DY
0,0.8721389539422325,0.7180243998425816,0.8117779829691187,0.7821120812646236,0.7525160256410256,0.7173856209150328,0.6727272727272728,0.7270022158911047,0.7695294474802671,0.809077380952381,0.8131503285870756
1,0.886936255983875,0.7552161890397184,0.8086917562724015,0.7983539094650206,0.8278140885984024,0.7554112554112553,0.6535824856258293,0.7449215143120961,0.7942377495462795,0.8135912698412698,0.815491452991453
