,18A2,868Z11,A23,A6,NYE-S1,TCR2-T,TCR3,TCR6,TCR7,T1,FLT3DY
0,0.818992189085007,0.693617724867725,0.8524267060852427,0.7754742547425474,0.7097456326179731,0.7615864527629234,0.6952047576031316,0.7782696530522618,0.6969407963310402,0.8795138888888889,0.7608695652173912
