,18A2,868Z11,A23,A6,NYE-S1,TCR2-T,TCR3,TCR6,TCR7,T1,FLT3DY
0,0.8434022767356101,0.6980503795721186,0.8075121313923107,0.7567473674458821,0.6782558307982036,0.7500695422382169,0.608767945105706,0.7583281021134128,0.7852579086800686,0.8452892561983472,0.7748995983935743
1,0.90140873015873,0.7520076077768385,0.8222059779077323,0.8262820512820513,0.777239922548847,0.7757227891156463,0.6164351851851853,0.7730927508705285,0.8189655172413793,0.8205357142857143,0.7451236502960641
