,18A2,868Z11,A23,A6,NYE-S1,TCR2-T,TCR3,TCR6,TCR7,T1,FLT3DY
0,0.8747540229885057,0.706638237384506,0.819724025974026,0.7413133173068726,0.7821288823673269,0.7469135802469137,0.6615811965811965,0.7701149425287356,0.7651634635979515,0.8037234042553191,0.8074274013402829
