,18A2,868Z11,A23,A6,NYE-S1,TCR2-T,TCR3,TCR6,TCR7,T1,FLT3DY
0,0.798303592053592,0.7546263260548974,0.8234283625730994,0.7631578947368421,0.7123494314983677,0.6502614379084967,0.6857452864904646,0.735030477912205,0.7930606995884774,0.854875283446712,0.6462898885044214
1,0.8292672920121614,0.7578016298946532,0.8423958333333333,0.7641978578154425,0.707729984649227,0.6800752086078173,0.691308962264151,0.7847222222222223,0.7943263953308595,0.8528015194681862,0.6614857433715994
2,0.8222016017454236,0.7388955342902711,0.8389683959451402,0.7386346153846155,0.7967967967967967,0.7204260651629073,0.6777131215537012,0.7880166184259751,0.8094659533338779,0.8427222222222222,0.7816136043984145
3,0.8531438848117244,0.7574326026706979,0.8804036339247606,0.7573270322928326,0.8252209595959595,0.7210207612456747,0.6761913364647315,0.7894824016563146,0.8102982342807925,0.8443957648776926,0.8495608256477821
4,0.8523670392953929,0.6969862018881626,0.8584147334147335,0.7652093195952845,0.826807440925088,0.7205815018315018,0.7179472819593787,0.7820857699805069,0.804198595146871,0.8512437810945274,0.8675157563025211
