,18A2,868Z11,A23,A6,NYE-S1,TCR2-T,TCR3,TCR6,TCR7,T1,FLT3DY
0,0.821168430335097,0.686918201624084,0.8298878205128206,0.7886645962732919,0.7888936562420544,0.6588888888888889,0.5302030917085997,0.7621594092182328,0.7494283494283493,0.9661508704061895,0.8186615186615187
