,18A2,868Z11,A23,A6,NYE-S1,TCR2-T,TCR3,TCR6,TCR7,T1,FLT3DY
0,0.8057325407956544,0.7298198056625024,0.8337433862433862,0.7292293850998304,0.6630677155267319,0.7711383497900353,0.6607536907536907,0.7639265281541704,0.7408818314559866,0.8721893491124261,0.6526440164080612
1,0.8428004535147392,0.6475810738968634,0.8276124338624339,0.7762612444554989,0.8172049689440994,0.7640314054726368,0.6066543816543816,0.7880376344086022,0.7223648335073675,0.8803921568627451,0.7345352016404648
2,0.8991003787878787,0.6897916666666667,0.9006172839506172,0.8035714285714285,0.8059727482477906,0.7542087542087543,0.6432905982905983,0.820123839009288,0.826984126984127,0.9599358974358975,0.7959656084656084
