,18A2,868Z11,A23,A6,NYE-S1,TCR2-T,TCR3,TCR6,TCR7,T1,FLT3DY
0,0.8152917494618315,0.776969981238274,0.8117562724014338,0.7899057058720924,0.7370992179863146,0.7366913541612337,0.6486501433050571,0.7553086419753087,0.7636258417508417,0.8464462809917356,0.8142979156444784
1,0.8459259259259259,0.7080392156862745,0.8223664238008501,0.7895912397216951,0.8147670250896057,0.7368405695611578,0.6474229965691066,0.7690297507370678,0.791969696969697,0.933489827856025,0.8189187355854023
