,18A2,868Z11,A23,A6,NYE-S1,TCR2-T,TCR3,TCR6,TCR7,T1,FLT3DY
0,0.8413377926421405,0.7462231968810916,0.8378947368421051,0.7936991869918698,0.7623908045977011,0.7120847902097903,0.623000562655735,0.8077111111111112,0.7427606177606179,0.8535130718954248,0.8342307692307692
