,18A2,868Z11,A23,A6,NYE-S1,TCR2-T,TCR3,TCR6,TCR7,T1,FLT3DY
0,0.8299837856289468,0.6983264320220842,0.8071388577827547,0.7679454926624737,0.6784162165518097,0.7511213685912481,0.6117867479347555,0.7594724958949097,0.7719319611902732,0.8434710743801653,0.7776056607381908
1,0.8924849267872523,0.7529233586925894,0.8222059779077323,0.8076719576719577,0.772448121418373,0.7757227891156463,0.6375,0.7686948853615521,0.8532384601350119,0.8179563492063492,0.746168582375479
