,18A2,868Z11,A23,A6,NYE-S1,TCR2-T,TCR3,TCR6,TCR7,T1,FLT3DY
0,0.8282663423792456,0.7011127514008604,0.8124653739612189,0.7716666666666666,0.6799269468760993,0.7489305046272045,0.6173643455427137,0.7395061728395063,0.7911147472858553,0.8438016528925619,0.7746318607764392
1,0.9032091097308488,0.7585587489433644,0.8706088992974239,0.8228289842873177,0.7764380292984412,0.7757227891156463,0.6156121399176955,0.7614434947768282,0.8221003134796239,0.8189484126984127,0.746168582375479
