,18A2,868Z11,A23,A6,NYE-S1,TCR2-T,TCR3,TCR6,TCR7,T1,FLT3DY
0,0.7972027972027972,0.8861111111111111,0.8107385811467444,0.793386450714037,0.8038281979458449,0.7211451601695504,0.7349951690821257,0.7319711538461537,0.7560256410256411,0.8247863247863249,0.9002267573696144
