,18A2,868Z11,A23,A6,NYE-S1,TCR2-T,TCR3,TCR6,TCR7,T1,FLT3DY
0,0.8561068079297245,0.7302350427350427,0.8126748971193415,0.8186636900405017,0.7115042696516666,0.7081179138321995,0.6895504655763015,0.7813831335503162,0.7494501122296541,0.8496794871794872,0.7399025415903052
1,0.8825086805555555,0.698051948051948,0.8672619047619047,0.8353923853923854,0.7236136317806009,0.7471544715447154,0.6693471446095134,0.7674932718185312,0.8074074074074075,0.9161616161616162,0.8721833721833722
