,18A2,868Z11,A23,A6,NYE-S1,TCR2-T,TCR3,TCR6,TCR7,T1,FLT3DY
0,0.818550585217252,0.710387902695595,0.8184986061330147,0.8009900038446752,0.7611961451247167,0.6916486291486291,0.5942086483159251,0.7340709353421219,0.7032896044523952,0.8125,0.7411258710801393
1,0.851911976911977,0.7359523809523809,0.804603494623656,0.8176190476190476,0.7594077787060244,0.7419108669108669,0.5613802383698577,0.7945185185185185,0.7407205768486257,0.830952380952381,0.8009803921568629
