,18A2,868Z11,A23,A6,NYE-S1,TCR2-T,TCR3,TCR6,TCR7,T1,FLT3DY
0,0.8401349604263236,0.6435135135135135,0.7814590542099192,0.7465136054421769,0.73327580539119,0.6839280248371157,0.6568932710603701,0.7727112393779061,0.7749372253609542,0.8772002200220023,0.8466194494675507
1,0.8492063492063492,0.6131578947368421,0.69011175898931,0.8342175066312998,0.8381773399014779,0.7034952400806059,0.7057387057387058,0.7527160493827161,0.8267973856209151,0.8148148148148148,0.8692877492877492
