,18A2,868Z11,A23,A6,NYE-S1,TCR2-T,TCR3,TCR6,TCR7,T1,FLT3DY
0,0.7559002725669393,0.6902947759417115,0.8226052405498282,0.7578616352201258,0.7498164682539682,0.7267053292145093,0.6561644772851669,0.7444689793480116,0.6573435972629521,0.8086309523809524,0.7731148162182645
1,0.8789238539238539,0.7385119047619049,0.8382395382395381,0.7975657108721625,0.7420227621840524,0.6957163207163207,0.6507197209284495,0.7771135265700483,0.820781405306216,0.8499888218198076,0.7950937950937952
