,18A2,868Z11,A23,A6,NYE-S1,TCR2-T,TCR3,TCR6,TCR7,T1,FLT3DY
0,0.8420661027568922,0.745639534883721,0.8083136327817179,0.787049488972566,0.740796963946869,0.6693783068783068,0.6437977660199882,0.7708304767128297,0.8245845552297166,0.8649691358024691,0.8539851916376305
