,18A2,868Z11,A23,A6,NYE-S1,TCR2-T,TCR3,TCR6,TCR7,T1,FLT3DY
0,0.7914465408805031,0.7582070707070706,0.7959109163928441,0.7662433301351648,0.8326181818181818,0.7541248097412482,0.6131313131313131,0.7692635163899532,0.770713141025641,0.8435776201733649,0.8005163817663817
