,18A2,868Z11,A23,A6,NYE-S1,TCR2-T,TCR3,TCR6,TCR7,T1,FLT3DY
0,0.7852564102564102,0.6959166129378896,0.8135848881462916,0.7903716101981471,0.714373897707231,0.639362201490348,0.6755819515306122,0.7470101714004153,0.752933226214088,0.8520683760683762,0.6775992183815106
1,0.7743055555555557,0.7961182336182336,0.8316230486685031,0.8056139122315593,0.740921873464977,0.7442251461988305,0.6986282578875173,0.7385070380353399,0.8039411206077873,0.8447744774477447,0.6700833937120857
2,0.8333261183261182,0.8301631271160357,0.8207772166105499,0.8294871794871795,0.7415277777777778,0.7436507936507937,0.6504357298474945,0.7306123566286168,0.777250409165303,0.9002285513361462,0.8403954802259888
