,18A2,868Z11,A23,A6,NYE-S1,TCR2-T,TCR3,TCR6,TCR7,T1,FLT3DY
0,0.8316532258064515,0.6883853781719637,0.8114394172565919,0.765357905982906,0.6786697295171872,0.7506591583726209,0.6117675809326663,0.7612992610837438,0.7734746072341981,0.8402702702702703,0.7759036144578314
1,0.8996598639455781,0.7460093011563599,0.8698282591725214,0.82445987654321,0.7781787244029807,0.7761479591836734,0.6191100823045267,0.7861232943469786,0.848823207443897,0.8157738095238095,0.7441222570532915
