,18A2,868Z11,A23,A6,NYE-S1,TCR2-T,TCR3,TCR6,TCR7,T1,FLT3DY
0,0.8344433788007956,0.7375052452571832,0.8303397382344752,0.752946507515473,0.7508675464320625,0.7402136743059833,0.671946386946387,0.738035372194855,0.7505527743012098,0.8988431530804412,0.7934015902872776
1,0.8848225187510902,0.7296594982078853,0.858932178932179,0.75634810710988,0.7637361518409905,0.7633190883190882,0.6462211340260121,0.7473544973544975,0.7661045751633986,0.805243445692884,0.7961111111111112
2,0.896151053013798,0.7343567251461988,0.8586956521739131,0.7688888888888888,0.7881813909774437,0.8612481403179078,0.7451131687242798,0.7739898989898991,0.8065004887585533,0.827485380116959,0.8078472222222223
