,18A2,868Z11,A23,A6,NYE-S1,TCR2-T,TCR3,TCR6,TCR7,T1,FLT3DY
0,0.7965291095485001,0.7310452819475496,0.8193878659497039,0.7483894141638858,0.7358496331669319,0.6878210010350148,0.6394165205532826,0.7417149270482604,0.7663490979808011,0.8550543024227234,0.7928470499035015
1,0.7954078601137424,0.7210073323022282,0.8209375,0.7775739275567277,0.730098855359001,0.6571479885057471,0.6634197843099828,0.7230796164619694,0.7519689103887677,0.8567454203047422,0.8572808833678399
2,0.8273946360153256,0.7084055074394847,0.8186507936507935,0.7665168181093575,0.7387820512820514,0.7168556311413453,0.6506968209095869,0.7550184081346423,0.7996989295272078,0.8561606160616062,0.7962225540622754
3,0.881869658119658,0.7121212121212123,0.8456790123456789,0.7637741046831956,0.7564404549698667,0.7148262813897489,0.6381747601259796,0.7726091954022989,0.7595228758169935,0.860077519379845,0.8155582335366924
4,0.8840643274853802,0.6809368191721132,0.8184482758620689,0.805458089668616,0.8187213582751108,0.7340057817998994,0.6704270597127739,0.7678124720807649,0.8106800766283525,0.8720238095238096,0.7902255639097744
5,0.8983343875184483,0.6616844116844117,0.8127572016460904,0.8021031746031747,0.8639455782312925,0.7986199846664963,0.6772810522810522,0.769680936347603,0.7978736949325184,0.8232323232323232,0.7844186046511629
