,18A2,868Z11,A23,A6,NYE-S1,TCR2-T,TCR3,TCR6,TCR7,T1,FLT3DY
0,0.8319565072709727,0.7101190476190476,0.8196212705761318,0.7665877525252526,0.6639787581699347,0.736022120518688,0.6360018001268942,0.7671788715486194,0.7531912531912534,0.8410559495665879,0.7743892339544513
