,18A2,868Z11,A23,A6,NYE-S1,TCR2-T,TCR3,TCR6,TCR7,T1,FLT3DY
0,0.7929269005847953,0.6760794044665013,0.7610693400167085,0.7359826890989988,0.7221117018235866,0.7562718446601941,0.6479825092391996,0.7615173961840629,0.7509051224760013,0.6461158594491928,0.7304882737408689
1,0.8551437031100425,0.7309704184704184,0.8209195515020756,0.8150263989776702,0.7539380081300813,0.7434782608695653,0.6749347357990816,0.7768620268620269,0.8090699060234844,0.8394703335879807,0.7687100893997445
2,0.8742468824436037,0.7615682137834038,0.811529356060606,0.8261538461538462,0.7602162162162163,0.7193232323232323,0.6676735275772966,0.791881300542816,0.7908816187097623,0.8399346405228759,0.7615946918578498
3,0.8749001697114904,0.8243994567523979,0.8629129129129129,0.8201414946841776,0.7679141034404191,0.7169117647058822,0.6674567230273754,0.7934923835125448,0.8321995464852607,0.8178940568475452,0.7552641802641803
4,0.8719020334793842,0.8342857142857142,0.8384180790960452,0.8243292147029934,0.80103995621237,0.7221055088702147,0.6401942002854781,0.794214332675871,0.8295414462081129,0.8151785714285714,0.7580891330891332
