,18A2,868Z11,A23,A6,NYE-S1,TCR2-T,TCR3,TCR6,TCR7,T1,FLT3DY
0,0.8299501424501425,0.7228347548713682,0.8129734848484849,0.8117424242424242,0.7398485584710075,0.7354808590102708,0.6084315948601663,0.7597328786587099,0.7611607142857143,0.8423001949317738,0.7808137808137808
