,18A2,868Z11,A23,A6,NYE-S1,TCR2-T,TCR3,TCR6,TCR7,T1,FLT3DY
0,0.8326475912002227,0.747700119474313,0.8245098428584666,0.7681616037219485,0.7303163503163503,0.6626091107474087,0.6492763772175537,0.7627543035993739,0.7568406992426601,0.832010582010582,0.6491104090455604
1,0.8391358376792698,0.7725125751441541,0.8234392607617759,0.7672727272727272,0.7837929207097565,0.7459168755221386,0.6594263084404641,0.7567487742926341,0.7522241851285969,0.8161003236245955,0.6900004757147613
2,0.8391754079254078,0.8006265664160401,0.8754227053140097,0.7648300438596491,0.8002242418842259,0.7451266288356452,0.6802462121212121,0.7385204081632653,0.7679410866910867,0.7798611111111112,0.754118386151054
