,18A2,868Z11,A23,A6,NYE-S1,TCR2-T,TCR3,TCR6,TCR7,T1,FLT3DY
0,0.785760834147931,0.6995592948717949,0.8245076179858789,0.7654850520455095,0.6302548274770498,0.6784660380653046,0.6233149997587687,0.7608410826702457,0.8100067495228785,0.8446831955922866,0.7449974861739568
1,0.8275159443323757,0.7044817927170869,0.8530555555555556,0.7852778941488618,0.7722908093278464,0.7076126834381552,0.6273073331896862,0.8466810966810967,0.80679012345679,0.8717122920021471,0.7143620268620269
