,18A2,868Z11,A23,A6,NYE-S1,TCR2-T,TCR3,TCR6,TCR7,T1,FLT3DY
0,0.7699361430395912,0.7829949914748507,0.8243744207599629,0.8101129703157497,0.7558486199790547,0.7553698029319875,0.6476910406938966,0.80530489472245,0.7047417651271034,0.8857638888888889,0.7869181681681682
