,18A2,868Z11,A23,A6,NYE-S1,TCR2-T,TCR3,TCR6,TCR7,T1,FLT3DY
0,0.8402519893899205,0.7414993306559573,0.8098438300051204,0.8104871794871795,0.7759754990925588,0.7570168067226891,0.6693515704154002,0.7600664431388231,0.776292642660929,0.8266942148760331,0.8242018398268399
1,0.8317943982763927,0.717343976777939,0.7955172413793105,0.8204559601618424,0.8625904010519395,0.7591666666666667,0.6704530087897229,0.7880555555555556,0.762671493902439,0.8795634920634922,0.805861581920904
