,18A2,868Z11,A23,A6,NYE-S1,TCR2-T,TCR3,TCR6,TCR7,T1,FLT3DY
0,0.8226462274407479,0.7313970702820632,0.8267609126984127,0.7845659989727786,0.7283249158249158,0.7178644354798546,0.6933561160313181,0.7602507769799592,0.7257921284455812,0.8529230769230769,0.6908151812437646
1,0.8476322906211665,0.7641457868730597,0.8468608597285069,0.7970750147042303,0.8195427293724507,0.75846542763836,0.6793964334705076,0.7626672613737734,0.7980255516840883,0.8360636063606361,0.8086634087791497
2,0.8471189295703025,0.7491666666666665,0.8432974910394265,0.8118955240665766,0.8304338957368068,0.7684027777777778,0.6190943043884221,0.7678071032909743,0.8250668449197862,0.8119658119658121,0.746342383107089
