,18A2,868Z11,A23,A6,NYE-S1,TCR2-T,TCR3,TCR6,TCR7,T1,FLT3DY
0,0.8344480044794226,0.7030525030525031,0.8198115910881869,0.7719736193293887,0.7081818181818184,0.7426303854875282,0.6419769871482955,0.7754352643241532,0.7961448525090346,0.8390690690690691,0.741917965755175
1,0.9064792663476874,0.7676443926443927,0.8774170274170275,0.8069183094384708,0.7864331723027376,0.7311648322851153,0.6448906063321386,0.8085185185185185,0.7951228878648234,0.9287949921752738,0.6910560146923784
