,18A2,868Z11,A23,A6,NYE-S1,TCR2-T,TCR3,TCR6,TCR7,T1,FLT3DY
0,0.8331859711170057,0.67981220657277,0.7857076866223207,0.7844756335282651,0.8166339869281045,0.7459201388888888,0.6205348837209302,0.7726325247079964,0.7423683198769705,0.8476063829787234,0.8879812206572769
