,18A2,868Z11,A23,A6,NYE-S1,TCR2-T,TCR3,TCR6,TCR7,T1,FLT3DY
0,0.8597102302459446,0.6798673673673674,0.8235918209876543,0.7903384494293585,0.6998024845366183,0.7185100800883735,0.6029780564263323,0.7354359567901234,0.7683135292891391,0.840661938534279,0.7666506284081299
