,18A2,868Z11,A23,A6,NYE-S1,TCR2-T,TCR3,TCR6,TCR7,T1,FLT3DY
0,0.8346768826328574,0.7057491145704637,0.8219682355967078,0.7450757575757576,0.6432892504321076,0.7370010170353419,0.6349726292181253,0.7627931172468987,0.7516927516927518,0.8410559495665879,0.7735058661145618
