,18A2,868Z11,A23,A6,NYE-S1,TCR2-T,TCR3,TCR6,TCR7,T1,FLT3DY
0,0.8061213450292396,0.730601469237833,0.8180157903869513,0.7794315732758621,0.7389560670810672,0.7285822021116138,0.6174050946575478,0.7783897594402913,0.8380901451489686,0.8554720133667502,0.7556086276817288
1,0.8142600244872972,0.752958615829506,0.8166035353535354,0.7470406369777439,0.7897631676089448,0.720314558629776,0.6484761904761904,0.7771164021164022,0.8299685149133559,0.8286723163841808,0.7946913580246914
2,0.8384990253411306,0.7683055040197897,0.8162910997732427,0.7730429292929292,0.8109919406359035,0.716888888888889,0.6549640120057115,0.8072189733593241,0.8057103966813587,0.8484848484848485,0.8174501424501424
3,0.8474786324786324,0.7733004385964911,0.8293607800650055,0.7976615751005994,0.8297790434003058,0.7005585860075024,0.6279901960784313,0.8168102481267105,0.7858522727272726,0.7363026819923372,0.8304742132867133
4,0.8509460547504025,0.7805964052287582,0.8203297341228376,0.7960157126823794,0.8269047619047619,0.661965811965812,0.5959249084249084,0.8107947074293227,0.8163656267104543,0.6614501825769431,0.8037157287157287
5,0.8518518518518517,0.8267587113740961,0.8479770531400966,0.8114285714285714,0.8153735632183908,0.6866223207686621,0.5896112831097352,0.817857142857143,0.7932900432900434,0.6597402597402597,0.8101166705817869
