,18A2,868Z11,A23,A6,NYE-S1,TCR2-T,TCR3,TCR6,TCR7,T1,FLT3DY
0,0.85339946147145,0.8100751879699248,0.8214840714840715,0.8147896825396824,0.7870469955576339,0.7227812177502582,0.638190732983453,0.762920673076923,0.7722104538953162,0.8353245718837116,0.7080096618357489
