,18A2,868Z11,A23,A6,NYE-S1,TCR2-T,TCR3,TCR6,TCR7,T1,FLT3DY
0,0.8463503291089497,0.7172619047619047,0.8282805429864254,0.766033411033411,0.7274872912127814,0.7523278717879845,0.6077906976744186,0.735909090909091,0.7742323520101296,0.8440058479532163,0.7406978879706152
