,18A2,868Z11,A23,A6,NYE-S1,TCR2-T,TCR3,TCR6,TCR7,T1,FLT3DY
0,0.8666643185873956,0.7616327300150828,0.8174218475588338,0.7836240310077519,0.7708178936100131,0.7355664488017429,0.6997523647140015,0.7538596491228069,0.7987973856209151,0.8715686274509803,0.7991478696741855
