,18A2,868Z11,A23,A6,NYE-S1,TCR2-T,TCR3,TCR6,TCR7,T1,FLT3DY
0,0.8663265306122448,0.7435636856368563,0.7964039621016364,0.7962118684903072,0.8322557471264368,0.8278619528619529,0.596190476190476,0.7766661833647479,0.7430060978448075,0.8070987654320988,0.8358262108262108
