,18A2,868Z11,A23,A6,NYE-S1,TCR2-T,TCR3,TCR6,TCR7,T1,FLT3DY
0,0.8331839904420549,0.6918583424607521,0.8094718178424786,0.7666239487797095,0.6784679538916828,0.7494543390955125,0.6133919843597263,0.7343304843304844,0.7731769036116862,0.8438016528925619,0.7732931726907631
1,0.8901714513556618,0.7586852351003296,0.8191195581546459,0.8202241307080017,0.7815217391304348,0.7761479591836734,0.6634895833333334,0.7762664625409723,0.8476190476190476,0.8157738095238095,0.7456461163357715
