,18A2,868Z11,A23,A6,NYE-S1,TCR2-T,TCR3,TCR6,TCR7,T1,FLT3DY
0,0.8064349651320125,0.6968096809680969,0.8281721384205856,0.7319150188323916,0.6710243597237201,0.6522723383449456,0.6753492527615333,0.7376275876940771,0.7397819730485634,0.8546365914786967,0.8286250449478604
1,0.8410470248705542,0.7122558922558923,0.8374726128074993,0.7671854816508904,0.7506643395128701,0.6979724784072611,0.6328400157232704,0.7392442947998504,0.7965200041459369,0.8409982174688057,0.7727022432904785
2,0.8698748991121873,0.7259728082512892,0.8486757105943153,0.7987268518518519,0.7456261854846761,0.7484177215189872,0.603014300232288,0.7372897954615407,0.7991114640048397,0.8420261437908496,0.7581421502474135
3,0.865570419918246,0.7153702060534358,0.8080759330759331,0.8601909786120313,0.7666496663691614,0.7642465137201979,0.6117768677987875,0.7300395256916996,0.8297633947195898,0.8590889740315029,0.7554052784822015
4,0.8450311942959002,0.7481150793650794,0.8059193631227529,0.8690525949146638,0.8079618079618079,0.717898322851153,0.6556946997549019,0.7304120028578233,0.8080437099004737,0.8807218309859155,0.7652314142880181
