,18A2,868Z11,A23,A6,NYE-S1,TCR2-T,TCR3,TCR6,TCR7,T1,FLT3DY
0,0.8204552261156035,0.7494057204202131,0.8308517156862746,0.7558251167618059,0.6946184534419828,0.7109199410989692,0.6305362890430211,0.7416225749559082,0.7558201817312291,0.8441935483870968,0.7153016966449802
