,18A2,868Z11,A23,A6,NYE-S1,TCR2-T,TCR3,TCR6,TCR7,T1,FLT3DY
0,0.8471186551543695,0.710133744855967,0.8178385416666666,0.7659737969261778,0.6163112745098039,0.7566872427983539,0.6221782603361551,0.7006177606177606,0.7684393795504908,0.8163120567375887,0.8406635802469135
