,18A2,868Z11,A23,A6,NYE-S1,TCR2-T,TCR3,TCR6,TCR7,T1,FLT3DY
0,0.8694537140032135,0.6967257112184648,0.8280336257309941,0.8054688977122328,0.7781190092784295,0.7453474372205022,0.5693431493968166,0.7256316812439262,0.8003685503685505,0.8368859649122807,0.8380596505596505
