,18A2,868Z11,A23,A6,NYE-S1,TCR2-T,TCR3,TCR6,TCR7,T1,FLT3DY
0,0.8331128747795414,0.7141666666666667,0.8185924639917695,0.7669665404040403,0.6424052138337852,0.7346745486905669,0.6279234899924555,0.7612164865946379,0.7467244294167372,0.8414499605988969,0.7743892339544513
