,18A2,868Z11,A23,A6,NYE-S1,TCR2-T,TCR3,TCR6,TCR7,T1,FLT3DY
0,0.8303616522366523,0.6593874643874643,0.7907812500000001,0.7841442735451952,0.6954545454545454,0.6971212121212121,0.6469547224264206,0.7057933087027916,0.7861477818607066,0.8469848053181387,0.7673898071625344
1,0.860932400932401,0.7085069444444444,0.8067567567567567,0.7961432506887052,0.7691474584996746,0.8063725490196078,0.6340479066022544,0.7555765595463138,0.7760740659900325,0.8297480620155039,0.8490954319312528
2,0.9127832602339181,0.7085416666666666,0.8553743961352658,0.7846459096459096,0.7800082101806239,0.8478910430129942,0.6456916099773243,0.7616213151927438,0.7563131313131314,0.8354938271604938,0.7963501291989664
