,18A2,868Z11,A23,A6,NYE-S1,TCR2-T,TCR3,TCR6,TCR7,T1,FLT3DY
0,0.7984665661136249,0.764367156412611,0.8138162672476398,0.7663699721226603,0.6953644102990033,0.7006723985890653,0.6972190476190475,0.7703631138975965,0.788984763681592,0.8706816059757236,0.8288427259015494
1,0.829388560157791,0.8062791783380018,0.8241045321637427,0.7370772946859905,0.8043745962532299,0.6958858053482587,0.6906306306306306,0.7626792114695341,0.8069225460529807,0.9337164750957854,0.8710148358585857
2,0.8438375350140056,0.875,0.8757369614512472,0.722008547008547,0.8321903036576949,0.7021645021645022,0.6545075757575758,0.7836469534050178,0.7918773946360154,0.9316037735849058,0.7974160206718347
