,18A2,868Z11,A23,A6,NYE-S1,TCR2-T,TCR3,TCR6,TCR7,T1,FLT3DY
0,0.8259679587235519,0.6966011042097998,0.8114599363906844,0.7663511719111881,0.6754257983071543,0.7504321634363541,0.6101910950108294,0.7574178698472483,0.7723108567098337,0.8425895316804408,0.7760661694396634
1,0.9072850599013389,0.7564390536088649,0.8730555555555556,0.8248737373737374,0.7746386590780183,0.7761479591836734,0.6224022633744856,0.775182019626464,0.8501003466520708,0.8157738095238095,0.7456461163357716
