,18A2,868Z11,A23,A6,NYE-S1,TCR2-T,TCR3,TCR6,TCR7,T1,FLT3DY
0,0.8359453010857797,0.7278781793842034,0.8046974319857615,0.8075771188978735,0.759975369458128,0.7428193499622071,0.6383978675645342,0.7586800334168755,0.7666931216931218,0.8396696696696697,0.7552028218694885
1,0.8723829156735167,0.7312933397839059,0.7844877344877345,0.7995930264532806,0.8314261496079678,0.7263333333333333,0.6638404935463303,0.7580407397480569,0.7728182636077374,0.8436274509803923,0.8363471314451706
