,18A2,868Z11,A23,A6,NYE-S1,TCR2-T,TCR3,TCR6,TCR7,T1,FLT3DY
0,0.77313171159325,0.6761207609594706,0.7617655249234198,0.7356234936967,0.7029647469753947,0.7544699029126214,0.646684242385625,0.7634868069650679,0.7519326519916142,0.6474833808167142,0.7308727412533641
1,0.8308954597881933,0.7298742923742924,0.8212954790624692,0.8144210721011569,0.7423590746171391,0.7472844385887866,0.6744735989633949,0.7969871794871795,0.8078146064122853,0.8394703335879807,0.7652139208173692
2,0.8671661193212917,0.7627168307548055,0.8120028409090909,0.8235347985347984,0.7662236412236413,0.7212698412698413,0.6690100686091064,0.8105742296918766,0.787842158279683,0.8409150326797387,0.7568038686459739
3,0.869806556127311,0.8272079772079772,0.8608858858858858,0.8243212613944321,0.78667871842796,0.7263257575757577,0.662812244062244,0.8285006432953734,0.8279478458049887,0.8195736434108527,0.7511655011655013
4,0.8886934618808763,0.8300653594771242,0.8426867545511613,0.8187773672687467,0.8222686345493363,0.7105921855921856,0.638587379396203,0.8039252928141818,0.8138242894056847,0.8151785714285714,0.7545787545787546
