,18A2,868Z11,A23,A6,NYE-S1,TCR2-T,TCR3,TCR6,TCR7,T1,FLT3DY
0,0.7736445321060706,0.682093593974782,0.7602896129211918,0.7364548572487949,0.7187217744240554,0.7500854700854701,0.6464638821630347,0.7116757715161971,0.7501706802383317,0.8332622601279317,0.7313533256439831
1,0.8340629478172731,0.7112561870626387,0.8228809126867378,0.817182875975249,0.6671016863778471,0.7413464738075515,0.6752510528020732,0.7534874608150469,0.8065593068010862,0.8326101249178173,0.7657487228607917
2,0.871189107827039,0.7602461013645225,0.8119081439393939,0.8268070818070817,0.7708063032606643,0.7194343434343434,0.6701327630758264,0.7597319347319348,0.7948158914728682,0.8445192307692307,0.7620107962213226
3,0.8825973287865873,0.7673254985754986,0.8332982086406743,0.8206203095684802,0.7890564178369056,0.7268920237778369,0.6623720311220311,0.7729577850877193,0.8283208020050125,0.8114676173499703,0.7481168404245327
4,0.9042423130998228,0.7905982905982906,0.8007082317427145,0.8247255682503577,0.8483713998419882,0.723797852474323,0.6379216437532867,0.7936507936507936,0.808979774705581,0.7302910052910052,0.784786641929499
