,18A2,868Z11,A23,A6,NYE-S1,TCR2-T,TCR3,TCR6,TCR7,T1,FLT3DY
0,0.8194716562173459,0.7171214502277886,0.8304498889605272,0.73952914499133,0.7684134615384615,0.7116853408029878,0.6738473167044595,0.7470768402971792,0.7844041922989291,0.8579646017699115,0.8040673705379587
1,0.8973765432098766,0.7078347578347578,0.921448087431694,0.7618658574540929,0.7995230352303523,0.6906118572785239,0.707439446366782,0.8068260568260568,0.8324233716475096,0.8753306878306878,0.7953580901856764
