,18A2,868Z11,A23,A6,NYE-S1,TCR2-T,TCR3,TCR6,TCR7,T1,FLT3DY
0,0.8637981118373275,0.6903623188405797,0.806653525607774,0.8193156199677939,0.7285383022774328,0.7171710388873968,0.5948441301358479,0.780102862400999,0.7494929453262786,0.8662280701754387,0.8405564845782237
