,18A2,868Z11,A23,A6,NYE-S1,TCR2-T,TCR3,TCR6,TCR7,T1,FLT3DY
0,0.7974284302305058,0.668192184418146,0.7670338228749444,0.7533716475095785,0.6846282114624506,0.7407407407407408,0.6239393418185988,0.7517748917748919,0.7921208409879567,0.843153980752406,0.6969293869859218
1,0.869599682917162,0.7244947812569397,0.8351250845165653,0.7755587121212121,0.7201499118165785,0.7191080876795161,0.6655427270415829,0.7750914494741655,0.7932850753295669,0.8450045004500452,0.8004154495293735
2,0.915143877336694,0.7658264522671302,0.8649839743589745,0.7928971588635454,0.7725985221674877,0.726334651507662,0.6400114870509608,0.7870296118090825,0.8257683215130024,0.817426400759734,0.7831289081289081
