,18A2,868Z11,A23,A6,NYE-S1,TCR2-T,TCR3,TCR6,TCR7,T1,FLT3DY
0,0.8139205554371759,0.7396694214876033,0.8218932748538011,0.7745149911816579,0.694220782054639,0.7297687280040223,0.6065842894023632,0.7559672392549105,0.7998096707818929,0.8561284162787922,0.737406006091757
1,0.8236637157582183,0.7651002929907595,0.817364824717766,0.7491835994194486,0.707073224770134,0.724538567493113,0.5817082865693977,0.778677908113392,0.8063890757768308,0.8658594491927826,0.7721139430284859
2,0.832668183071409,0.7368421052631579,0.7961726998491705,0.7260881602388175,0.7428013798111838,0.7871775793650793,0.6641260162601625,0.7827540106951871,0.7958723719372807,0.8577076457645765,0.8393028846153846
3,0.8758204081632653,0.7726375272331154,0.799702380952381,0.7864523983442903,0.8031275060144347,0.7983391608391607,0.6767361111111111,0.7921099290780141,0.7781339031339032,0.8568722943722943,0.813863582520299
4,0.8734265734265735,0.7910714285714286,0.8067490153956319,0.7878962034134448,0.8327821869488536,0.7874364560639071,0.6827821610430306,0.8081909818405663,0.8142939814814815,0.8746732026143791,0.8150427890011223
