,18A2,868Z11,A23,A6,NYE-S1,TCR2-T,TCR3,TCR6,TCR7,T1,FLT3DY
0,0.8449701314217443,0.7879233511586454,0.8271604938271605,0.7745653817082389,0.7950195939326375,0.7494620500782472,0.6936363636363637,0.7332971836077427,0.7623449578441108,0.8531028368794327,0.7393661518661517
