,18A2,868Z11,A23,A6,NYE-S1,TCR2-T,TCR3,TCR6,TCR7,T1,FLT3DY
0,0.8628015873015874,0.7243088158581116,0.8122535900313679,0.7625817550351363,0.7535676767676769,0.7234964551790434,0.5899232684187307,0.7974051364080691,0.8424111560953667,0.8039007092198581,0.8594285714285714
