,18A2,868Z11,A23,A6,NYE-S1,TCR2-T,TCR3,TCR6,TCR7,T1,FLT3DY
0,0.8337451332734352,0.7069444444444445,0.8238970588235294,0.7581597222222222,0.6411643911643911,0.7379656862745098,0.6345484189869122,0.7609043617446978,0.7459613036536114,0.8417651694247438,0.7690338164251207
