,18A2,868Z11,A23,A6,NYE-S1,TCR2-T,TCR3,TCR6,TCR7,T1,FLT3DY
0,0.8344855412465476,0.7071296296296296,0.8221813725490197,0.7551609848484849,0.6644646464646465,0.7332634121535723,0.6268657820381959,0.7656902761104442,0.7527583527583528,0.8417651694247438,0.7705935127674257
