,18A2,868Z11,A23,A6,NYE-S1,TCR2-T,TCR3,TCR6,TCR7,T1,FLT3DY
0,0.8287865423387096,0.6942374051069704,0.8084079880552446,0.7621513002364066,0.6773918172223258,0.7492797276060764,0.6129032258064516,0.7609092775041052,0.766807878112226,0.8444077134986226,0.7769076305220883
1,0.890891472868217,0.7538391096083403,0.8196068875893436,0.8065079365079365,0.7976495726495726,0.7610038807189543,0.6364711934156378,0.775062656641604,0.8592957489509213,0.8205357142857143,0.7465604319052593
