,18A2,868Z11,A23,A6,NYE-S1,TCR2-T,TCR3,TCR6,TCR7,T1,FLT3DY
0,0.8104059328649492,0.7277825139717723,0.8222857054378793,0.790721517365116,0.6746319822544868,0.7380237001127775,0.6315554590630579,0.7755116959064328,0.7980704415234242,0.8393693693693693,0.671110367395508
1,0.8889448454665846,0.6889952153110048,0.8556451612903225,0.8012304434342882,0.798235294117647,0.7460087082728591,0.6461611456176675,0.7943079922027291,0.743384009009009,0.8194444444444445,0.8531204906204906
