,18A2,868Z11,A23,A6,NYE-S1,TCR2-T,TCR3,TCR6,TCR7,T1,FLT3DY
0,0.8521691176470588,0.7341414141414141,0.8125859993120055,0.7837687515891177,0.778968253968254,0.7398484474096039,0.6548873348873349,0.7532238120473415,0.7765151515151515,0.8973995271867613,0.7138376068376068
