,18A2,868Z11,A23,A6,NYE-S1,TCR2-T,TCR3,TCR6,TCR7,T1,FLT3DY
0,0.8012240609403731,0.7520254629629629,0.8404512489927477,0.7798369798369799,0.812519425019425,0.7357693476114529,0.6480877616747182,0.7809976582687339,0.7962535612535612,0.8599806201550387,0.7816059757236228
