,18A2,868Z11,A23,A6,NYE-S1,TCR2-T,TCR3,TCR6,TCR7,T1,FLT3DY
0,0.8331627899237963,0.7042939900612252,0.8052676151761519,0.7448232323232323,0.5619353535353535,0.7338736333587592,0.6312519415967692,0.768939575830332,0.7521954541185311,0.8428684003152088,0.7688129744651483
