,18A2,868Z11,A23,A6,NYE-S1,TCR2-T,TCR3,TCR6,TCR7,T1,FLT3DY
0,0.8002992453812126,0.7169189578828133,0.8143512724238633,0.7751300236406621,0.7250334859670436,0.7462207105064248,0.5893038544841201,0.7208725674827369,0.7656988770685581,0.8393693693693693,0.8247590702947845
1,0.8743810746378141,0.7749255952380952,0.8161330822347771,0.7729054659498207,0.7875832624716553,0.7338333333333334,0.5429292929292929,0.7477821786764877,0.8168563685636857,0.8552559912854031,0.7440329218106996
