,18A2,868Z11,A23,A6,NYE-S1,TCR2-T,TCR3,TCR6,TCR7,T1,FLT3DY
0,0.8526682012634145,0.6721668249446028,0.8030538931867205,0.7378702250130821,0.6609268707482993,0.6964859437751004,0.6562409833227537,0.7699906230801566,0.7708451235615921,0.8579646017699115,0.6907051282051282
1,0.9055491990846681,0.6980056980056979,0.8094630515683147,0.7297524565381708,0.8590990990990991,0.7140143806810473,0.6305753184014055,0.7639241100779562,0.8440000906844408,0.8019179894179894,0.7188492063492063
