,18A2,868Z11,A23,A6,NYE-S1,TCR2-T,TCR3,TCR6,TCR7,T1,FLT3DY
0,0.8207547169811319,0.699043270276147,0.7748199588477366,0.7712215320910975,0.7875217694183211,0.7484625099525025,0.7109053497942387,0.709526348529281,0.7650509821562453,0.8224263915753278,0.7543168168168167
