,18A2,868Z11,A23,A6,NYE-S1,TCR2-T,TCR3,TCR6,TCR7,T1,FLT3DY
0,0.8440824415378518,0.7302102659245516,0.7987991898148148,0.7584850138041629,0.816785445720536,0.7130823410033725,0.6709833890083742,0.7629908103592316,0.7398321867834063,0.8878472222222222,0.8119200244200244
