,18A2,868Z11,A23,A6,NYE-S1,TCR2-T,TCR3,TCR6,TCR7,T1,FLT3DY
0,0.858895117027843,0.6977753727753728,0.8101154618473895,0.8125884438988629,0.6006384919428398,0.755422168867547,0.6218627051960385,0.7709910903832974,0.7772712883823996,0.8939393939393939,0.7603032879818595
