,18A2,868Z11,A23,A6,NYE-S1,TCR2-T,TCR3,TCR6,TCR7,T1,FLT3DY
0,0.7962635461894173,0.6732540311921755,0.7682688028482421,0.7515290839428772,0.7291666666666666,0.7400173611111112,0.6327747190830355,0.7123235757281411,0.7940640947132067,0.8410542432195975,0.6962642722536305
1,0.877242700488836,0.7322453703703703,0.8358688302907371,0.77478851010101,0.7777537537537538,0.7134398496240602,0.6691716940572775,0.751224909119646,0.7933018899650256,0.8446444644464447,0.8099372498106675
2,0.9189629629629631,0.7646916799459172,0.8363921957671957,0.785094037615046,0.8157021604938272,0.7291236670106639,0.6422566833751046,0.7641910477619405,0.8271007951859016,0.8160018993352326,0.8046996576408341
