,18A2,868Z11,A23,A6,NYE-S1,TCR2-T,TCR3,TCR6,TCR7,T1,FLT3DY
0,0.8299763299763301,0.7726937813144709,0.8250365497076023,0.7823586744639376,0.7338530443233194,0.778047551667953,0.6582609395109396,0.7600374872998633,0.7831684182275334,0.8924662402274341,0.6372899159663866
1,0.8522967564922582,0.7648046398046399,0.8394899626517275,0.7648080215211542,0.7754368912378754,0.775946275946276,0.6857781235661419,0.7751068376068376,0.7924201848351187,0.9008101851851852,0.8436464803312629
2,0.8490220615498703,0.7878556910569104,0.8218893480257116,0.7868150298338978,0.8134271022383546,0.7551453352086263,0.6548526398739164,0.7612731164684002,0.7988929738562093,0.9006570559968617,0.8136458333333333
3,0.8656185300207039,0.7672975172975174,0.8250661375661376,0.8100621993443026,0.8182788450735871,0.7651391480099502,0.6421888053467001,0.7822902494331067,0.8369177991819501,0.8999354005167959,0.8413324420677362
4,0.8481481481481481,0.7697649572649573,0.8197126436781609,0.8263031550068587,0.8374725274725275,0.7428266178266177,0.6548098169191919,0.7921957671957672,0.8123188405797102,0.8927579365079366,0.8320454545454545
5,0.8585858585858586,0.8147916666666667,0.785748106060606,0.8169482846902202,0.8568672839506174,0.7393631436314362,0.7033298826777088,0.8034411096612053,0.8276262626262626,0.8507575757575757,0.7960648148148147
