,18A2,868Z11,A23,A6,NYE-S1,TCR2-T,TCR3,TCR6,TCR7,T1,FLT3DY
0,0.8666904761904762,0.7256426202321724,0.8213922764227641,0.7974477606618171,0.7416286514605842,0.7450580677044725,0.6201719576719577,0.7533191446234925,0.7632367632367633,0.856842105263158,0.7203442879499219
