,18A2,868Z11,A23,A6,NYE-S1,TCR2-T,TCR3,TCR6,TCR7,T1,FLT3DY
0,0.8392883079157589,0.7682828282828282,0.8460648148148149,0.7951121189216427,0.7978316223098006,0.715789837061585,0.6076756230357222,0.7625081699346405,0.8398313492063493,0.8499833499833501,0.8455188246097336
