,18A2,868Z11,A23,A6,NYE-S1,TCR2-T,TCR3,TCR6,TCR7,T1,FLT3DY
0,0.7821790006325111,0.6802708764665287,0.8220292252550316,0.7979415469891661,0.7937713675213676,0.7057407117648081,0.6775313431157587,0.7049848359525779,0.7860755773968063,0.8393693693693693,0.7170806623931624
1,0.8731794294294294,0.7203703703703703,0.8470430107526882,0.8123563679119234,0.8456875,0.7346861471861471,0.6865522470361181,0.7472804972804973,0.7898441427853192,0.8512228260869565,0.8165940977261732
