,18A2,868Z11,A23,A6,NYE-S1,TCR2-T,TCR3,TCR6,TCR7,T1,FLT3DY
0,0.8373331881668585,0.8065894678797904,0.8030960648148149,0.7446448479057176,0.7952281746031745,0.7584067443402484,0.7145952555637075,0.7545407476441959,0.7694172299435458,0.8659544159544158,0.7823600817786863
1,0.863670634920635,0.7930819957695657,0.8249296241099519,0.7346511994949495,0.8206237816764133,0.788292714884696,0.657437865497076,0.7904791666666667,0.8260286225402504,0.8705882352941177,0.850024366471735
