,18A2,868Z11,A23,A6,NYE-S1,TCR2-T,TCR3,TCR6,TCR7,T1,FLT3DY
0,0.8622499295576218,0.7323188405797101,0.8042155133658402,0.8119327481029609,0.603406862745098,0.7264938662445588,0.62236958443855,0.727764423076923,0.7615961199294533,0.8435776201733649,0.7594893029675639
