,18A2,868Z11,A23,A6,NYE-S1,TCR2-T,TCR3,TCR6,TCR7,T1,FLT3DY
0,0.8580140544792183,0.7150724108555434,0.8175375031782354,0.7912587880472265,0.6773561507936506,0.6797276060764799,0.6042782907736739,0.7521191189355503,0.7795026040615286,0.8378678678678679,0.7474677002583979
1,0.8935463659147871,0.7068440818440817,0.8475471085120209,0.8093823901446405,0.8266694725028058,0.7401377217553687,0.6510989010989011,0.8230452674897119,0.8172174329501916,0.8110119047619048,0.8057667584940312
