,18A2,868Z11,A23,A6,NYE-S1,TCR2-T,TCR3,TCR6,TCR7,T1,FLT3DY
0,0.8381234150464921,0.7039172535211268,0.8131590792181069,0.7177001569858712,0.7431594202898552,0.7223677248677248,0.665117775582892,0.7669444444444444,0.8058554505922927,0.8812865497076023,0.7669753086419752
