,18A2,868Z11,A23,A6,NYE-S1,TCR2-T,TCR3,TCR6,TCR7,T1,FLT3DY
0,0.7969095273394755,0.6843814300411523,0.7679127725856699,0.769847067991428,0.700168512277323,0.7405960648148149,0.6245604479608607,0.7600053834275432,0.7931781996325782,0.8426290463692038,0.694733122713668
1,0.8717359613588881,0.7048301132578282,0.8359364435429345,0.7849281555803295,0.7158982111363064,0.7184429327286469,0.6660107944432886,0.7839360587002097,0.7935120729082593,0.8456645664566458,0.7995326192794548
2,0.9143298059964726,0.7591553287981859,0.8210464432686656,0.7948909510328196,0.7729875764680519,0.7281883341571923,0.6397504177109441,0.7979318214234774,0.8254674403610572,0.8188509021842355,0.7872775372775372
