,18A2,868Z11,A23,A6,NYE-S1,TCR2-T,TCR3,TCR6,TCR7,T1,FLT3DY
0,0.824582714134953,0.7216678452633508,0.8238870183314627,0.7930254544837879,0.6882089234198793,0.6997924648786716,0.6218441636231393,0.7591428820808238,0.7575430581810544,0.8893596986817326,0.7924771455036045
1,0.8358113100312589,0.7345797720797721,0.8506030701754385,0.7738828502415459,0.8107565011820331,0.7017903733693207,0.6560125830959165,0.7505726303514909,0.7903888828258577,0.9024009474590869,0.7344405594405594
2,0.843337673611111,0.7294567294567295,0.7934027777777778,0.7906911928651059,0.8041152263374486,0.8216450216450216,0.7459845575787605,0.7493141289437585,0.8057851239669421,0.9262626262626262,0.7649728997289973
