,18A2,868Z11,A23,A6,NYE-S1,TCR2-T,TCR3,TCR6,TCR7,T1,FLT3DY
0,0.8244290303222845,0.731561189417589,0.8403574159021406,0.7439415128997244,0.7208912037037036,0.6603450655624569,0.6635576544667453,0.7601473922902494,0.7408631295655518,0.9028246469191351,0.7671147496799406
1,0.8312623860483552,0.7131324688532926,0.8552337175932682,0.7520259997938569,0.7132607380520266,0.7535501355013551,0.6721656003570896,0.777288803150872,0.8195238095238095,0.8917818966362656,0.7280623174294062
2,0.8715034965034966,0.6860827664399093,0.8439728163992869,0.8179422483880012,0.8151634038730812,0.7819431051108969,0.678063778063778,0.7848128019323672,0.8119904891304347,0.8827160493827161,0.7553275844979681
