,18A2,868Z11,A23,A6,NYE-S1,TCR2-T,TCR3,TCR6,TCR7,T1,FLT3DY
0,0.8349572730426008,0.6977398205659076,0.8127936801066995,0.7637683438155136,0.6786593820492125,0.7541954922654815,0.6138160542809499,0.7342936592621335,0.7732445635258934,0.8441046831955923,0.7719449225473323
1,0.8891903531438414,0.7566568047337278,0.8730555555555556,0.8069047619047619,0.7799008390541572,0.7595928996598639,0.6293290043290043,0.7599873377651155,0.8592227695675971,0.8197420634920635,0.7461250435388367
