,18A2,868Z11,A23,A6,NYE-S1,TCR2-T,TCR3,TCR6,TCR7,T1,FLT3DY
0,0.8440709617180205,0.6563973063973064,0.8853359173126615,0.7581585081585082,0.8490873015873017,0.7493386243386243,0.6354875283446711,0.7245959595959596,0.7715038314176245,0.8704545454545455,0.7644444444444445
