,18A2,868Z11,A23,A6,NYE-S1,TCR2-T,TCR3,TCR6,TCR7,T1,FLT3DY
0,0.7983539094650206,0.7299012185449563,0.8153679653679653,0.8214907836968308,0.7413810290621884,0.8005735627584367,0.5911882627308159,0.804335429769392,0.8031495165115855,0.9060361681329424,0.8344433719433719
