,18A2,868Z11,A23,A6,NYE-S1,TCR2-T,TCR3,TCR6,TCR7,T1,FLT3DY
0,0.8460286458333334,0.7017794498150706,0.8075121313923107,0.7662721893491126,0.6784627801576955,0.750004365287236,0.6091920150269297,0.7579462230592174,0.7727032842122356,0.8411711711711711,0.7757601835915088
1,0.8882088943288453,0.7585587489433644,0.8196068875893436,0.8184785644463064,0.7792715484363081,0.7433363970588235,0.603500035318217,0.7758784425451092,0.857432079414838,0.8195436507936508,0.7456461163357716
