,18A2,868Z11,A23,A6,NYE-S1,TCR2-T,TCR3,TCR6,TCR7,T1,FLT3DY
0,0.8212075088787417,0.7371577029156816,0.8507651991614256,0.7540398422489636,0.7482162898829565,0.704339733054435,0.6508163394955848,0.7381860988122847,0.7992724867724869,0.8529230769230769,0.6271928001330229
1,0.8474719805955169,0.737154710368996,0.8702146690518783,0.773480846239205,0.7851401096837204,0.6989091318038687,0.6873857623857624,0.758841952486441,0.7922932330827068,0.8352272727272728,0.6438688737422915
2,0.8489146325959828,0.7746448087431693,0.87534435261708,0.7886002886002886,0.8100749559082893,0.7132716049382717,0.6617764951098285,0.765,0.7667673235855054,0.8256974506974507,0.7186111111111111
3,0.9192821067821068,0.761875,0.9154589371980677,0.8168981481481482,0.8205473856209151,0.7235409407665506,0.6605128205128205,0.751010101010101,0.8665445665445666,0.8734567901234569,0.7093704906204906
