,18A2,868Z11,A23,A6,NYE-S1,TCR2-T,TCR3,TCR6,TCR7,T1,FLT3DY
0,0.8688271604938271,0.7507002801120448,0.9089834515366432,0.8221763085399449,0.8301800252264648,0.7558608058608058,0.6379437869822485,0.6881773399014778,0.7884237924560504,0.9909090909090909,0.8061821219715956
