,18A2,868Z11,A23,A6,NYE-S1,TCR2-T,TCR3,TCR6,TCR7,T1,FLT3DY
0,0.8723013950985262,0.7281322843822844,0.8323073766287062,0.7618622118622117,0.7081211825563788,0.6957429718875501,0.572147844653471,0.7562606837606838,0.7747085580919039,0.8550595238095239,0.7092407084785134
1,0.8652659069325735,0.7124747474747474,0.8711326338444983,0.8247877695139358,0.8241668462256698,0.6593613933236574,0.5927522349936143,0.7828451218544098,0.7692874470062799,0.9107142857142857,0.7554869684499314
