,18A2,868Z11,A23,A6,NYE-S1,TCR2-T,TCR3,TCR6,TCR7,T1,FLT3DY
0,0.8282844387755102,0.7860591206179443,0.8112433862433863,0.7894290211248909,0.7764800785634117,0.7161779835390947,0.6707209302325582,0.7737459591006502,0.7330249867091974,0.8751431844215349,0.7862050078247261
