,18A2,868Z11,A23,A6,NYE-S1,TCR2-T,TCR3,TCR6,TCR7,T1,FLT3DY
0,0.840015949882778,0.6913089560148383,0.8684574040586699,0.795310331152092,0.7609029971749997,0.7354925775978408,0.6655925528105978,0.705857235681797,0.7887727086862549,0.8653508771929824,0.7583333333333333
