,18A2,868Z11,A23,A6,NYE-S1,TCR2-T,TCR3,TCR6,TCR7,T1,FLT3DY
0,0.8368597525725517,0.702065177706875,0.8071201941022771,0.763585500394011,0.6782868732021274,0.7539177565688701,0.6092734747858087,0.7595443349753696,0.77517963707222,0.8438016528925619,0.774354561101549
1,0.8984630889392794,0.7576429980276135,0.8209064327485381,0.8083881578947368,0.773934557687418,0.7543048469387754,0.602952602952603,0.7699074074074074,0.8514869549352309,0.8173611111111111,0.7449930337861371
