,18A2,868Z11,A23,A6,NYE-S1,TCR2-T,TCR3,TCR6,TCR7,T1,FLT3DY
0,0.8324339351125065,0.7094164557932673,0.8141878858024691,0.7179018445322795,0.7108088235294118,0.7554773082942097,0.63144375949254,0.7812767676767677,0.7739732213416423,0.8456272401433692,0.7838577097505669
