,18A2,868Z11,A23,A6,NYE-S1,TCR2-T,TCR3,TCR6,TCR7,T1,FLT3DY
0,0.7987111825784595,0.7385872666503627,0.831055063534848,0.7708436213991771,0.6855866355866356,0.7617759224902082,0.6903896103896102,0.7618395259734475,0.7666833166833168,0.8136935763888888,0.7557989690721648
1,0.8291431704260651,0.7336860670194003,0.8263035983624217,0.8018307768431469,0.8197148090005233,0.7586519607843139,0.7117963697824807,0.7989778420812904,0.8179205851619645,0.8237179487179486,0.8102222222222221
2,0.8505636070853463,0.7566451149425287,0.8053651266766021,0.7609974747474747,0.8787426081543727,0.8334686147186147,0.6782172373081464,0.804306632213609,0.7831207482993197,0.8263009845288326,0.7991659476560254
