,18A2,868Z11,A23,A6,NYE-S1,TCR2-T,TCR3,TCR6,TCR7,T1,FLT3DY
0,0.8405483405483406,0.6906995571217677,0.8206889685384309,0.7987142871611015,0.7323681732580037,0.7403683627673837,0.6453680727874276,0.7137586805555555,0.7799214975845411,0.855014749262537,0.6772740173123314
1,0.9061476442428823,0.6525157232704403,0.8046594982078853,0.8188672438672439,0.7820964142813174,0.7332954545454546,0.6860567551357025,0.7549659863945578,0.7729261601940647,0.8873015873015873,0.7681755829903977
