,18A2,868Z11,A23,A6,NYE-S1,TCR2-T,TCR3,TCR6,TCR7,T1,FLT3DY
0,0.8364279398762157,0.7119144880174293,0.8122554807046786,0.7834931918139475,0.7753227124183008,0.6637037037037037,0.6546496516916753,0.7190838675213674,0.8231738437001596,0.9033564814814815,0.7991898148148149
