,18A2,868Z11,A23,A6,NYE-S1,TCR2-T,TCR3,TCR6,TCR7,T1,FLT3DY
0,0.8352054531490016,0.695600414078675,0.8082213512504666,0.769895178197065,0.677997144098839,0.7496551423083639,0.6123857167500432,0.7607040229885058,0.7726220923151869,0.8425895316804408,0.7780168292216484
1,0.901107226107226,0.7515145111298956,0.8209064327485379,0.8271254208754208,0.7771616890610025,0.7748458758503401,0.655922594430659,0.7668882557771446,0.8459936698317508,0.8141865079365079,0.746168582375479
