,18A2,868Z11,A23,A6,NYE-S1,TCR2-T,TCR3,TCR6,TCR7,T1,FLT3DY
0,0.8693293885601578,0.7091530195351393,0.8152116402116403,0.8181969870327994,0.7393728164752688,0.6991355199593187,0.6773743440410107,0.7474346405228758,0.8181596181596182,0.8410559495665879,0.7450769230769231
