,18A2,868Z11,A23,A6,NYE-S1,TCR2-T,TCR3,TCR6,TCR7,T1,FLT3DY
0,0.7739197530864197,0.7294978397326161,0.8135723039215687,0.7813977134384799,0.6716646469462489,0.7155193236714976,0.640455304928989,0.7680491551459294,0.7173537362021206,0.8652571428571428,0.7021465844402277
1,0.8224802867383513,0.6953262786596119,0.8108228980322004,0.796078431372549,0.7823973561055628,0.7055438349742147,0.6741838134430727,0.7749517334004868,0.7628802677018683,0.8666666666666667,0.8044658593439081
2,0.8029811848461734,0.7534242191500256,0.8893438057040998,0.8061529021281343,0.8067010976493735,0.7071292562724013,0.6934933753115572,0.7829805996472663,0.8226050569800569,0.8890331890331891,0.7533179012345679
