,18A2,868Z11,A23,A6,NYE-S1,TCR2-T,TCR3,TCR6,TCR7,T1,FLT3DY
0,0.8533212792285373,0.7669611780455154,0.8105454238432962,0.7880776302762119,0.7119895536562204,0.7530276816608996,0.6694058370474627,0.7508060632707325,0.735923354849186,0.8564814814814815,0.7810146280734515
1,0.8354546496961358,0.749485596707819,0.7943502824858758,0.7878957586618878,0.7694642010431485,0.7524810606060607,0.6374451754385966,0.7362162373604022,0.7703924162257495,0.8036971830985916,0.8063786008230452
