,18A2,868Z11,A23,A6,NYE-S1,TCR2-T,TCR3,TCR6,TCR7,T1,FLT3DY
0,0.8004109138724523,0.7161058946270215,0.8214048378522062,0.7949081479327226,0.7998883374689827,0.7202301011728892,0.6243407830515134,0.7344347262714609,0.8016239266312285,0.8246527777777777,0.7432659932659932
