,18A2,868Z11,A23,A6,NYE-S1,TCR2-T,TCR3,TCR6,TCR7,T1,FLT3DY
0,0.8507535674202341,0.7008901686239085,0.7916666666666666,0.800010582010582,0.7150184774575018,0.6847780733322901,0.6888941317776252,0.7516777461221906,0.754798452028466,0.825206611570248,0.7816785927251043
1,0.8859501382737612,0.7325980392156862,0.7859794061302682,0.8291850315443782,0.7138674914410208,0.7352941176470589,0.6372599451303155,0.7444761000316555,0.8049417641511839,0.7996870109546167,0.8058569182389937
