,18A2,868Z11,A23,A6,NYE-S1,TCR2-T,TCR3,TCR6,TCR7,T1,FLT3DY
0,0.7708550347222222,0.7229613205222961,0.8166388192703983,0.7829579239103048,0.7114512471655328,0.6873550228989472,0.6822039842873177,0.7291036799511375,0.795666896235078,0.8449586776859505,0.7284843205574912
1,0.891812865497076,0.699537037037037,0.7833530106257379,0.8066512879661669,0.7746275687452157,0.6753568069357544,0.6713966836734695,0.7628161312371837,0.8348844571066794,0.825508607198748,0.8133189203354299
