,18A2,868Z11,A23,A6,NYE-S1,TCR2-T,TCR3,TCR6,TCR7,T1,FLT3DY
0,0.8207526230831315,0.6786469344608879,0.8086467390372314,0.7728097027742417,0.7692327082072999,0.7466081718177057,0.5968264342774147,0.7595432546884453,0.7810051556854626,0.809077380952381,0.8266166960611406
1,0.8907634941011064,0.7119341563786009,0.8313027940220922,0.8125360750360752,0.8291816614185036,0.7524947478991596,0.5750425170068028,0.7935867446393763,0.830467195342897,0.8177248677248676,0.7906617192331478
