,18A2,868Z11,A23,A6,NYE-S1,TCR2-T,TCR3,TCR6,TCR7,T1,FLT3DY
0,0.8465181771633384,0.752378972653363,0.8331076228583153,0.7957683215130024,0.7182203389830507,0.7447332098361846,0.587921146953405,0.7837342479518492,0.7971781305114639,0.8390690690690691,0.7379863056333645
1,0.9216269841269842,0.7128205128205128,0.8655122655122655,0.755731922398589,0.8366325212255444,0.7899267399267399,0.5787634408602149,0.7877777777777778,0.8272988505747126,0.958201058201058,0.7457210998877666
