,18A2,868Z11,A23,A6,NYE-S1,TCR2-T,TCR3,TCR6,TCR7,T1,FLT3DY
0,0.8074475404196767,0.7035262261165877,0.8377777777777777,0.7473958333333334,0.7457803992740472,0.650642158595499,0.6294792141662867,0.755860574902189,0.8010217044134728,0.8383838383838383,0.7637471655328798
1,0.8673941798941799,0.7199999999999999,0.8627278071722516,0.7784841421205058,0.7673973646390664,0.7010118149824033,0.6447544225322003,0.7593455524490008,0.7628233392122281,0.8755291005291005,0.7667350193665984
