,18A2,868Z11,A23,A6,NYE-S1,TCR2-T,TCR3,TCR6,TCR7,T1,FLT3DY
0,0.8972039200026621,0.7437513127494224,0.8629455909943715,0.7743691493691495,0.8055334736185801,0.7475529947360934,0.6222033257747543,0.7388798701298701,0.8010247688819118,0.8454106280193235,0.843524917621672
