,18A2,868Z11,A23,A6,NYE-S1,TCR2-T,TCR3,TCR6,TCR7,T1,FLT3DY
0,0.7806885710337202,0.7015963203463205,0.8378851540616247,0.7502405471472408,0.7346210644456259,0.7188930205949656,0.6654931203250531,0.7825635386119257,0.777640716374269,0.8368178829717291,0.833632662835249
1,0.8714399092970521,0.7119502314814815,0.8738888888888888,0.7442143796182963,0.7703308596165739,0.761915910642864,0.7035380116959065,0.788990638990639,0.7954617604617605,0.8746392496392495,0.81133804660906
2,0.8818742985409652,0.5809620596205962,0.822061191626409,0.7659564393939394,0.7637844611528822,0.7885185185185185,0.6078595317725752,0.8179443646336685,0.7600877192982457,0.7862654320987654,0.7572030141843972
