,18A2,868Z11,A23,A6,NYE-S1,TCR2-T,TCR3,TCR6,TCR7,T1,FLT3DY
0,0.8555911680911681,0.7164703621338165,0.8640747438215793,0.7597695707070707,0.6725674071845277,0.6987301587301588,0.5763851249623607,0.7042525450077729,0.7728365384615384,0.818654970760234,0.7745461821092073
