,18A2,868Z11,A23,A6,NYE-S1,TCR2-T,TCR3,TCR6,TCR7,T1,FLT3DY
0,0.8184736516104442,0.7737717309145881,0.8195945945945945,0.8030538302277433,0.7722993827160494,0.7611648787313433,0.6629932955959693,0.7639826060878692,0.8211156462585034,0.899812734082397,0.772960372960373
