,18A2,868Z11,A23,A6,NYE-S1,TCR2-T,TCR3,TCR6,TCR7,T1,FLT3DY
0,0.8335454726964162,0.7284408203607611,0.8238970588235294,0.7617266414141414,0.6719934640522877,0.7401411136536994,0.6317855193070987,0.725069320657556,0.7635431235431236,0.8414499605988969,0.7681090407177363
