,18A2,868Z11,A23,A6,NYE-S1,TCR2-T,TCR3,TCR6,TCR7,T1,FLT3DY
0,0.8202483860378598,0.6997215747215746,0.8172464206493245,0.7354433604579717,0.6869026577638123,0.6533042357490186,0.6722946192327881,0.7756493506493506,0.6511851286832218,0.8615288220551379,0.7372428541308996
1,0.7889475108225108,0.6966137029524454,0.8361044337606839,0.7696035089544218,0.7477127745478036,0.6973379976678328,0.694991654069035,0.7598538306451612,0.7688526616787067,0.8448827525750602,0.7248891459417776
2,0.7918724279835391,0.6689275362318842,0.8176589328274723,0.7793493445089189,0.7814944064944065,0.7280574452003022,0.6954318357379581,0.7774276377217554,0.7690551856335754,0.8496630913091309,0.7426871908579226
3,0.8528390522875817,0.7348840852130326,0.8293872384781475,0.790982905982906,0.7901190149853802,0.7422586520947178,0.6936527436527437,0.7750537634408602,0.7546209150326796,0.8440686274509804,0.7267586859305126
4,0.866563593807039,0.7214596949891069,0.8239981785063751,0.7959362506161346,0.7846249610955494,0.7456816059757236,0.6543231173212197,0.7897923226870596,0.7534087723322375,0.8083735909822866,0.7690358126721764
5,0.8944549862955936,0.7665915915915916,0.8472644376899696,0.7905897207367795,0.7832280440976093,0.7484788359788359,0.6196581196581197,0.8077272727272727,0.8158604680343812,0.7402998236331569,0.773526936026936
