,18A2,868Z11,A23,A6,NYE-S1,TCR2-T,TCR3,TCR6,TCR7,T1,FLT3DY
0,0.8199032738095239,0.7167459373761395,0.7996107303037996,0.7690003483106932,0.6056019864341085,0.7020524910969038,0.6464880952380951,0.7661118828351426,0.7801916221033869,0.8293785310734463,0.7190852302459446
1,0.8698046809928369,0.7532242063492064,0.8289292929292928,0.7829540066382172,0.7757253086419754,0.6939992877492878,0.6557158119658119,0.7996685853828711,0.7611286549707602,0.8124031007751938,0.7938180827886709
2,0.8441993464052288,0.7001287001287001,0.8948801742919391,0.7902695595003287,0.8101638504864312,0.6818297981088679,0.6657608695652174,0.8241421568627451,0.8278051900584794,0.7912878787878789,0.7831275720164609
