,18A2,868Z11,A23,A6,NYE-S1,TCR2-T,TCR3,TCR6,TCR7,T1,FLT3DY
0,0.8389699758930528,0.7066498316498316,0.836202485380117,0.7746280589543937,0.6620957461084273,0.7217380779472283,0.5985447697312104,0.745083441357484,0.771554834054834,0.8595117845117847,0.7123221837754709
1,0.8380665672065928,0.72729772308424,0.8733806022408963,0.7800341811601488,0.780046834625323,0.6940934065934066,0.6386934419279433,0.7783537668798862,0.7815743944636679,0.8559902740937225,0.8344148770619358
2,0.8357716049382716,0.7236663652802894,0.9176990300585807,0.7082851080246914,0.7746401504571439,0.7463030796364128,0.6591769547325103,0.7698750214004452,0.8196560846560846,0.8427222222222222,0.7973553345388789
3,0.8698937908496732,0.7513326226012792,0.914039039039039,0.7866580866580866,0.7856428872053872,0.7414712153518123,0.6715337132003798,0.7698597509755759,0.8105255255255255,0.8554743867243868,0.797820982436367
4,0.8686051693404635,0.7895299145299145,0.906896551724138,0.7958093041138024,0.8025730994152047,0.7655555555555557,0.7232093228298163,0.7745661450924608,0.8613960113960113,0.8176470588235295,0.8127104377104377
