,18A2,868Z11,A23,A6,NYE-S1,TCR2-T,TCR3,TCR6,TCR7,T1,FLT3DY
0,0.7818029568029567,0.6765756823821341,0.7609301030353661,0.7350470430107526,0.7003450655624569,0.7490598290598292,0.6449664946263964,0.762299849256371,0.7519154115635,0.6481671415004749,0.7375237238172705
1,0.8502546473134709,0.7288752913752914,0.8216877512994017,0.8118119855967079,0.7413163897034863,0.7406951140941498,0.670384996947497,0.7952777777777778,0.808889181954946,0.8411510058568883,0.7455632716049383
2,0.8639882820673782,0.7624135124135124,0.8125236742424242,0.8219466324041487,0.7577526816877729,0.7192323232323231,0.6673280423280423,0.8026295133437991,0.7888669907589891,0.8418954248366014,0.7462626262626263
3,0.8790242165242166,0.7895688657407408,0.834703196347032,0.8299603174603175,0.7652777777777778,0.7242835595776773,0.6525635660768373,0.8235588645071404,0.7963992249706536,0.8204780361757106,0.7395047762694822
4,0.8822895100069013,0.8401967930029155,0.8051201671891327,0.830727408100012,0.8103834637303198,0.7203888888888889,0.641483337974566,0.8118162393162393,0.8278659611992946,0.8183531746031746,0.7664141414141414
