,18A2,868Z11,A23,A6,NYE-S1,TCR2-T,TCR3,TCR6,TCR7,T1,FLT3DY
0,0.7954275473630311,0.7180392156862746,0.8020264565156205,0.7794714809000522,0.7355940664669806,0.7333943146636646,0.6606643356643357,0.7629594820384294,0.7939979878010438,0.8537364798426745,0.7965461493239271
1,0.8839467410895981,0.7081267217630853,0.8076388888888889,0.7645525463362276,0.7471678575126851,0.7155823586744638,0.6184694010780967,0.7562519236688212,0.7704805996472662,0.8819444444444445,0.7018025078369906
