,18A2,868Z11,A23,A6,NYE-S1,TCR2-T,TCR3,TCR6,TCR7,T1,FLT3DY
0,0.8483736574551847,0.6851851851851852,0.8521739130434782,0.8076306706114399,0.7588633040935674,0.82375,0.6568502415458938,0.7521604938271604,0.6665251358695653,0.899122807017544,0.8293457220286488
