,18A2,868Z11,A23,A6,NYE-S1,TCR2-T,TCR3,TCR6,TCR7,T1,FLT3DY
0,0.7913836642284918,0.7520094235033259,0.7962573099415206,0.7796755131660792,0.7618505644590728,0.7135295568237865,0.6267738526570047,0.714863387978142,0.7466394067849595,0.8390690690690691,0.7505668934240363
1,0.86315381950812,0.764022435897436,0.8339542970690511,0.7379007158418923,0.8296221322537112,0.6917115902964959,0.6617215801276523,0.7432100419905298,0.8088978494623656,0.8482035024154589,0.7068181818181819
