,18A2,868Z11,A23,A6,NYE-S1,TCR2-T,TCR3,TCR6,TCR7,T1,FLT3DY
0,0.8357843137254902,0.6687091503267973,0.8029900332225913,0.7366255144032922,0.8162907268170425,0.7336842105263158,0.6346153846153846,0.8165441176470588,0.7879761904761905,0.8496260683760685,0.8394986449864499
