,18A2,868Z11,A23,A6,NYE-S1,TCR2-T,TCR3,TCR6,TCR7,T1,FLT3DY
0,0.8020497076023392,0.7682889501071318,0.8247424115845168,0.7138633595713967,0.7529280045351475,0.7418907040562558,0.6565254792401607,0.7625360654772418,0.6721056721056721,0.8558897243107769,0.7852989024864024
1,0.7960101675516694,0.7786660904638433,0.8278968253968255,0.7171376717656209,0.772859198406159,0.7137338295233032,0.6900373931623932,0.780055894308943,0.7946001468220137,0.8355467893929432,0.7403456472605409
2,0.8318398481390755,0.7671717171717173,0.827705923807155,0.7839502501371293,0.7797654320987655,0.712610294117647,0.6633127510787085,0.7763789430456098,0.7925756479183899,0.8466246624662466,0.8045084996304509
3,0.8679396000824572,0.7494026284348866,0.8387878787878787,0.805996769417149,0.7903297682709448,0.7040772699004977,0.6010714547299915,0.7628367003367004,0.7718621399176954,0.8485714285714284,0.8218694885361552
4,0.8755124777183599,0.7044642857142858,0.8343434343434343,0.7929748822605965,0.8099962207105064,0.7150205761316872,0.6673368566176471,0.7889676113360324,0.737375415282392,0.8547113289760349,0.8045977011494253
5,0.8896658896658898,0.7086466165413533,0.808994708994709,0.7897509578544062,0.8007518796992481,0.6783509700176366,0.6507642998027614,0.792239010989011,0.786096256684492,0.8185085354896676,0.8575931554654957
