,18A2,868Z11,A23,A6,NYE-S1,TCR2-T,TCR3,TCR6,TCR7,T1,FLT3DY
0,0.8199292613964829,0.7698909040372456,0.8109656301145663,0.7664527349401299,0.7111839773130096,0.6871465061120233,0.6605992145199421,0.7650522317188985,0.7921602387511478,0.8376262626262626,0.7666813639035861
1,0.8554960317460317,0.7527301587301588,0.8090329524755754,0.7987983281086729,0.7951435747488379,0.7196637426900585,0.6869809203142537,0.7545702754036087,0.8074352267900654,0.8748043818466353,0.7790227201991908
