,18A2,868Z11,A23,A6,NYE-S1,TCR2-T,TCR3,TCR6,TCR7,T1,FLT3DY
0,0.8643859649122807,0.6423544973544973,0.8233501558147873,0.7945877425044091,0.798881701018003,0.7474918958193606,0.6164382500967868,0.7739187541045126,0.7995444307944308,0.8545138888888889,0.7381028053224848
