,18A2,868Z11,A23,A6,NYE-S1,TCR2-T,TCR3,TCR6,TCR7,T1,FLT3DY
0,0.8340928819444445,0.6968426501035196,0.8080347144456889,0.7664335196450812,0.6769986134392915,0.7553653486845427,0.6193169838805512,0.7618431855500821,0.7673092164855072,0.8396696696696697,0.7756358768406962
1,0.9062736205593348,0.7458313291646624,0.8191195581546459,0.8207128892612762,0.7776702067319917,0.7622549019607844,0.6051423324150597,0.7778195488721805,0.8488596971355591,0.8179563492063492,0.7456025774991293
