,18A2,868Z11,A23,A6,NYE-S1,TCR2-T,TCR3,TCR6,TCR7,T1,FLT3DY
0,0.8103143103143103,0.7236506478930721,0.8315379617923866,0.7720853365384617,0.7163663882413882,0.749372458717119,0.6716600632746931,0.7223616897529941,0.797682360087013,0.8914712153518124,0.6863542835765059
1,0.8591152964224493,0.7206329966329966,0.829833421938685,0.7737166429660376,0.7429539034411916,0.7625630897520299,0.6740131578947368,0.7596654647435898,0.7801371558724499,0.8919570458031997,0.79453125
2,0.8561796575670497,0.7482264957264957,0.8053752535496957,0.7624873737373737,0.8211521450685538,0.7171815718157183,0.6712578804415538,0.7272642613878246,0.8267536103743,0.8748624862486248,0.7994505494505494
3,0.8654114906832299,0.7753647586980921,0.782778314028314,0.7650492782071728,0.8322372863747338,0.6797385620915032,0.6440858513948214,0.7431927127392205,0.8374137533801399,0.8778860028860028,0.7941009963768116
4,0.8542420327304048,0.7787061994609165,0.7687237433000145,0.7581362007168458,0.8541910331384016,0.6801368274582561,0.6184842249657065,0.7562704248366013,0.8102428075902877,0.8995098039215687,0.819706498951782
5,0.8368253968253968,0.7952153110047847,0.7916264090177134,0.7817740429505134,0.8392857142857144,0.7287362258953168,0.6275510204081632,0.7904545454545455,0.815289256198347,0.8077922077922078,0.7831978319783198
