,18A2,868Z11,A23,A6,NYE-S1,TCR2-T,TCR3,TCR6,TCR7,T1,FLT3DY
0,0.7867202729044834,0.705013758870851,0.8259846461949266,0.7291958710335159,0.7762863756613757,0.7154085113800489,0.6624564816388716,0.7276247633336906,0.7069589936431194,0.8484032501889645,0.7544800860176514
1,0.8234192251461988,0.6972330517652156,0.848674733506194,0.764110304709523,0.7820574162679427,0.6814638194420093,0.6899534145744979,0.7753119429590019,0.7112949346405228,0.8508495145631069,0.7256253767329716
2,0.8521119049574336,0.7464285714285713,0.888235589728127,0.7793974314872147,0.8361258083480306,0.6376008326827999,0.6413825757575758,0.8171333333333334,0.7628395061728396,0.8526976495726496,0.7416965352449223
