,18A2,868Z11,A23,A6,NYE-S1,TCR2-T,TCR3,TCR6,TCR7,T1,FLT3DY
0,0.8182266773816069,0.6861166315953552,0.8342292622324159,0.7685764444089115,0.7448853615520282,0.679748538011696,0.6666134525329928,0.7403901444844779,0.7897921487435554,0.9134888888888889,0.7059461805555557
1,0.8278567742285962,0.7411477411477412,0.8202127148756362,0.7819318181818181,0.778377914951989,0.7695747027234369,0.6682289175832935,0.7323898565573771,0.8042624521072798,0.8831699346405228,0.7622526283240569
2,0.8622377622377623,0.8136221701795473,0.8062613714787629,0.7857816923560869,0.8404195011337868,0.8420919723551302,0.7059640522875817,0.8119522591645354,0.829623477297896,0.8915846225972809,0.7368815592203898
3,0.9052134646962232,0.7716666666666666,0.8285024154589372,0.7968559218559218,0.8582774584929758,0.8881145954316686,0.7128120921224369,0.8119060672514621,0.8483270202020202,0.942857142857143,0.8624338624338623
