,18A2,868Z11,A23,A6,NYE-S1,TCR2-T,TCR3,TCR6,TCR7,T1,FLT3DY
0,0.7830272580272579,0.6644954507857734,0.760178223336118,0.7361130422691881,0.7003591498711286,0.7550601941747571,0.6469178773204197,0.7629734477560565,0.736226621979477,0.6493447293447293,0.7315455594002307
1,0.829223260858338,0.678623188405797,0.822766499950966,0.8149549367769707,0.7405913978494624,0.7431708388230126,0.6729987232988434,0.7961324786324786,0.8084886583435905,0.8405907817672524,0.7680954661558109
2,0.8684958595970832,0.7746682665160926,0.8129971590909091,0.8251648351648351,0.759123220583667,0.7175353535353536,0.6680180581543853,0.8030743066457351,0.7889808610344676,0.8412418300653596,0.7616059379217274
3,0.8822933019361591,0.8035618279569893,0.8601351351351351,0.8207668855534709,0.7589304029304028,0.7302900326797386,0.6675171095008053,0.825343956809474,0.7932736504165075,0.8204780361757106,0.7500328731097962
4,0.8937556561085973,0.7780555555555556,0.8360326428123038,0.8243292147029933,0.8225250626566417,0.720361111111111,0.6342029148824281,0.8030465469489859,0.8206395348837209,0.8189484126984127,0.7555555555555555
