,18A2,868Z11,A23,A6,NYE-S1,TCR2-T,TCR3,TCR6,TCR7,T1,FLT3DY
0,0.8186833333333333,0.6566985645933014,0.8098989898989899,0.761686117936118,0.776343537414966,0.7771552905701754,0.6945238095238095,0.6910058479532163,0.7892185663924794,0.8167527993109389,0.7711773305813554
