,18A2,868Z11,A23,A6,NYE-S1,TCR2-T,TCR3,TCR6,TCR7,T1,FLT3DY
0,0.896500638569604,0.7342995169082126,0.7858199492814877,0.7745422979797979,0.8241764298311917,0.7257387462027065,0.7148035230352304,0.7689908131084602,0.7225978719948017,0.8568299482277978,0.8381868131868133
