,18A2,868Z11,A23,A6,NYE-S1,TCR2-T,TCR3,TCR6,TCR7,T1,FLT3DY
0,0.8631949042979219,0.7198376840696118,0.8408601029064108,0.7787702773417058,0.6695267312178442,0.6599794238683128,0.6300117453605826,0.7536245647356759,0.8134290753338372,0.8381681681681682,0.7009099616858238
1,0.8973214285714285,0.7663683276890824,0.9085181451612904,0.7976498194284037,0.7581453634085213,0.7062397875816994,0.6401416122004356,0.7638685834957765,0.8231372286250336,0.8755102040816327,0.7540302579365079
