,18A2,868Z11,A23,A6,NYE-S1,TCR2-T,TCR3,TCR6,TCR7,T1,FLT3DY
0,0.8100436228898834,0.7307638888888889,0.8080676328502415,0.7687911336670373,0.6778120031796503,0.7410809451985921,0.6237854977450698,0.7630913592357729,0.8004128238910848,0.8334399431414358,0.668408816895396
1,0.8402770483193277,0.7280438311688311,0.8332322006472491,0.766235632183908,0.7456419649881982,0.7414453524004085,0.6788649940262843,0.7798076923076923,0.7728321558042919,0.8082355497609734,0.6694364623243932
2,0.8232229589471776,0.7309815788076658,0.8270498732037194,0.7869683141825646,0.7628060483452641,0.7222578184591915,0.653970023535241,0.7829577285459638,0.7920758928571429,0.8131410256410256,0.6857844536415966
3,0.8602350427350428,0.7200826226012794,0.8006734006734005,0.8155687071576597,0.7709940843621399,0.714645421009934,0.6701886047200553,0.7995504469987228,0.8192671394799054,0.740686274509804,0.7546897546897547
4,0.8375,0.7029439696106362,0.7921146953405018,0.8318426724137931,0.7727272727272728,0.7086904025679536,0.6495852534562212,0.8047591297591298,0.804972804972805,0.6798418972332015,0.8274905921964745
5,0.8391203703703703,0.693076923076923,0.788500506585613,0.8216726084373143,0.7857142857142857,0.7037037037037038,0.6087962962962963,0.7918447293447294,0.8023097826086957,0.676450034940601,0.8356333588891728
