,18A2,868Z11,A23,A6,NYE-S1,TCR2-T,TCR3,TCR6,TCR7,T1,FLT3DY
0,0.834468514489326,0.6968253968253969,0.8076987681970885,0.7660578081091932,0.6797355187185695,0.7491313078400559,0.6089500316255535,0.7616174055829229,0.790582307412602,0.8425895316804408,0.7732644865174986
1,0.897392290249433,0.7510482180293502,0.822043534762833,0.8253246753246753,0.7783562166285279,0.7752976190476191,0.6218364197530865,0.7684082892416226,0.8232105538140022,0.8157738095238095,0.7461250435388367
