,18A2,868Z11,A23,A6,NYE-S1,TCR2-T,TCR3,TCR6,TCR7,T1,FLT3DY
0,0.8328632990582676,0.724171462063086,0.8231311274509805,0.7582027540360873,0.6517131313131314,0.736544117647059,0.6331454607316677,0.7657703081232493,0.750422654268808,0.8417651694247438,0.773464458247067
