,18A2,868Z11,A23,A6,NYE-S1,TCR2-T,TCR3,TCR6,TCR7,T1,FLT3DY
0,0.8818896551724138,0.7067348678601876,0.8149911816578483,0.7987456445993031,0.6944847020933977,0.7500608568646543,0.6792871123155676,0.7235066520780805,0.7280194119558154,0.848136200716846,0.6932870370370371
