,18A2,868Z11,A23,A6,NYE-S1,TCR2-T,TCR3,TCR6,TCR7,T1,FLT3DY
0,0.7956034452328004,0.6639854536489153,0.7706720071206052,0.7696098920236851,0.7001859566124496,0.7413194444444445,0.6240635630470512,0.7532539682539682,0.7949744845886916,0.8410542432195975,0.6925230018844917
1,0.8751354207953495,0.7241838774150565,0.8363195853053865,0.7929964539007092,0.7142794154698917,0.7180451127819549,0.6664384115757113,0.7774346024346025,0.79259567527576,0.8450045004500452,0.7920675105485232
2,0.9101851851851852,0.7647399681297987,0.8670272435897436,0.79160927456382,0.7659942867922496,0.7311016511867905,0.6427527151211362,0.789687843416793,0.8234472383408553,0.817426400759734,0.7864357864357864
