,18A2,868Z11,A23,A6,NYE-S1,TCR2-T,TCR3,TCR6,TCR7,T1,FLT3DY
0,0.858641975308642,0.6871772300469483,0.8015165441176472,0.8258369686941117,0.7585674603174603,0.6975333069515894,0.6690542031219305,0.7406667981202143,0.7822954822954823,0.840661938534279,0.7902266815310294
