,18A2,868Z11,A23,A6,NYE-S1,TCR2-T,TCR3,TCR6,TCR7,T1,FLT3DY
0,0.86511769514372,0.706453634085213,0.8063802083333332,0.7686186186186186,0.7681207681207681,0.6665690338860851,0.6747892201144233,0.7853939393939394,0.6894034722982093,0.877127659574468,0.8003791982665223
