,18A2,868Z11,A23,A6,NYE-S1,TCR2-T,TCR3,TCR6,TCR7,T1,FLT3DY
0,0.7781571985519354,0.6958717610891525,0.8548222407871532,0.745736620188695,0.7119565217391304,0.7236539228167637,0.5854699593335957,0.7315757510806273,0.7248695952740071,0.85752688172043,0.7019870302627204
1,0.8647250566893424,0.6755433455433456,0.8914100880393016,0.7529550827423167,0.7879959066571643,0.7097826472361097,0.6222721972347159,0.7467992684042067,0.8071936469962786,0.8558305830583057,0.7138447971781305
2,0.8918237433862434,0.6285157337788917,0.8809065934065935,0.7232630272952854,0.8516333938294012,0.766790293830142,0.5896964633806739,0.7555809337357587,0.808213787163266,0.8442099567099568,0.8418537382883734
3,0.9117167919799499,0.6984478935698449,0.8351063829787234,0.7707500832500833,0.8790106951871657,0.7786796536796537,0.5970668220668219,0.803454715219421,0.7843776106934003,0.8064373897707231,0.8310657596371883
