,18A2,868Z11,A23,A6,NYE-S1,TCR2-T,TCR3,TCR6,TCR7,T1,FLT3DY
0,0.8523569023569023,0.751265664160401,0.821701388888889,0.8231056311413454,0.7126008911723197,0.7159143518518518,0.6574978519422964,0.7290901571546732,0.755482986615062,0.839243498817967,0.74633487654321
