,18A2,868Z11,A23,A6,NYE-S1,TCR2-T,TCR3,TCR6,TCR7,T1,FLT3DY
0,0.8556480517978957,0.723287087744919,0.8191396043299739,0.7745418310322156,0.6783932055054375,0.7570237471625632,0.6367899171162718,0.7697688666109719,0.8071433062944099,0.8576576576576577,0.7446452476572959
1,0.8798341041843093,0.7585119047619048,0.8379237288135594,0.7709640083632019,0.811812865497076,0.7901399196042055,0.6648566308243727,0.792022792022792,0.8365384615384616,0.8657004830917875,0.7708847736625515
