,18A2,868Z11,A23,A6,NYE-S1,TCR2-T,TCR3,TCR6,TCR7,T1,FLT3DY
0,0.8456335899983441,0.7126406469760901,0.8100518433179724,0.7721087918654229,0.6985612219758561,0.7582306255835668,0.6385183355292051,0.7737245412381529,0.7742228293867638,0.8510802469135803,0.820418263090677
1,0.8431875142401458,0.7993464052287581,0.8623979912115506,0.8035867446393762,0.745987221443042,0.8267396184062851,0.6151175213675213,0.7801749377836336,0.7669497018408089,0.9259259259259259,0.8246031746031747
