,18A2,868Z11,A23,A6,NYE-S1,TCR2-T,TCR3,TCR6,TCR7,T1,FLT3DY
0,0.8122754099788749,0.710943587346112,0.8102672808555162,0.7595592403628117,0.7078464162905652,0.6480996105572115,0.6514388162672476,0.7339974699557242,0.8061771561771561,0.8630427350427351,0.7927406177524773
1,0.8194852746437841,0.717548686726769,0.8351459713819264,0.7810874704491725,0.7770940634318243,0.7333806329549363,0.6547730313192955,0.7224176904176903,0.8115381854722941,0.8418954248366012,0.7652859960552268
2,0.8453713269054178,0.7568430881124378,0.8446669600938966,0.8095181923036594,0.8394162489557226,0.6506226053639846,0.6705017711209661,0.7232914671244842,0.832139997536339,0.8322784810126582,0.8409796893667861
