,18A2,868Z11,A23,A6,NYE-S1,TCR2-T,TCR3,TCR6,TCR7,T1,FLT3DY
0,0.775122549019608,0.6463417366946779,0.8204858299595141,0.7588038297172912,0.7409567371831524,0.6925968992248062,0.6580546107331822,0.7742526290913387,0.8068648549807298,0.8300000000000001,0.8039342117559106
1,0.8764323911382735,0.7037878787878787,0.8539769277474196,0.8073979591836734,0.798244684608321,0.6955297788631122,0.7010577645786357,0.7671837965955612,0.7329710144927537,0.8271437198067634,0.7023504273504274
