,18A2,868Z11,A23,A6,NYE-S1,TCR2-T,TCR3,TCR6,TCR7,T1,FLT3DY
0,0.7994830700641838,0.7305908850026497,0.8116335141651597,0.7680878552971576,0.7726496128405279,0.7429629629629629,0.5958923732094463,0.7778163771712158,0.8512324645305277,0.8123791102514507,0.8149747474747474
