,18A2,868Z11,A23,A6,NYE-S1,TCR2-T,TCR3,TCR6,TCR7,T1,FLT3DY
0,0.8358545927331505,0.7207984420642649,0.829499784965372,0.7821281045751635,0.7183310250639584,0.715166539537249,0.6772569444444446,0.7747162485065711,0.7341243961352656,0.8225280326197758,0.8271519607843137
1,0.8731411862990811,0.7134978991596639,0.8107993197278911,0.7408088235294118,0.7453935910832463,0.6678639846743296,0.6642959770114943,0.7804309708379474,0.7517972350230414,0.98226395409494,0.8476817042606517
