,18A2,868Z11,A23,A6,NYE-S1,TCR2-T,TCR3,TCR6,TCR7,T1,FLT3DY
0,0.8354938271604938,0.7074507617985879,0.8443157060804118,0.8259447575485312,0.769419249181154,0.674373606191788,0.5737742504409171,0.7354255203225454,0.7454827709064996,0.8390151515151515,0.7830626163959497
1,0.9103986291486291,0.7090277777777777,0.8269428983714698,0.8237934904601572,0.7647392290249434,0.7211775878442545,0.6102777777777778,0.7429059829059829,0.7421028466483012,0.7664609053497943,0.719951923076923
