,18A2,868Z11,A23,A6,NYE-S1,TCR2-T,TCR3,TCR6,TCR7,T1,FLT3DY
0,0.8596442138108804,0.7875293427230048,0.817095588235294,0.7988095238095237,0.7311351791248938,0.7253427686864219,0.6451451451451452,0.7630390865173474,0.8175092726979519,0.8106237816764134,0.7241934513061273
