,18A2,868Z11,A23,A6,NYE-S1,TCR2-T,TCR3,TCR6,TCR7,T1,FLT3DY
0,0.8462301587301587,0.7374436090225563,0.8405578417924097,0.8292682926829268,0.7531643377833186,0.7024683454260918,0.6065505416569247,0.7530048076923078,0.7637214247740564,0.856842105263158,0.813557876057876
