,18A2,868Z11,A23,A6,NYE-S1,TCR2-T,TCR3,TCR6,TCR7,T1,FLT3DY
0,0.8843827160493828,0.6956762749445676,0.8494022253787877,0.7477878558830939,0.7568840918294241,0.6780045351473922,0.6007736516357206,0.7438998320354253,0.7709825528007347,0.8411711711711711,0.6975234270414994
1,0.9217066789781473,0.7550395097564909,0.8687006678809958,0.8103254769921436,0.8076225045372051,0.7065203439866513,0.6392728143889135,0.728654970760234,0.7637528084682556,0.7301587301587301,0.7376515151515152
