,18A2,868Z11,A23,A6,NYE-S1,TCR2-T,TCR3,TCR6,TCR7,T1,FLT3DY
0,0.8517868589743589,0.6346011131725416,0.8516053391053392,0.8019267966076477,0.6957086894586894,0.7411958695198019,0.6732670565302145,0.7690224358974359,0.7107836555674902,0.8148936170212765,0.7595887492009377
