,18A2,868Z11,A23,A6,NYE-S1,TCR2-T,TCR3,TCR6,TCR7,T1,FLT3DY
0,0.860535593547764,0.7141106442577031,0.8306584362139917,0.7800734618916437,0.78348404579223,0.7255787037037037,0.6329214766714767,0.7540123456790124,0.7916029236783954,0.8620567375886526,0.824906156156156
