,18A2,868Z11,A23,A6,NYE-S1,TCR2-T,TCR3,TCR6,TCR7,T1,FLT3DY
0,0.838992488992489,0.7651985867446394,0.816509392167287,0.7789653784219003,0.7439317928448363,0.7118047218887554,0.6180119513452847,0.7188057040998217,0.8042794895736073,0.8119883040935673,0.7221826484018266
