,18A2,868Z11,A23,A6,NYE-S1,TCR2-T,TCR3,TCR6,TCR7,T1,FLT3DY
0,0.8078763057929724,0.6464381720430108,0.8233024691358025,0.817264323146676,0.8047335804240395,0.6939120809614168,0.5857553606237816,0.758056758056758,0.7822422108136394,0.9614987080103359,0.8636272141706924
