,18A2,868Z11,A23,A6,NYE-S1,TCR2-T,TCR3,TCR6,TCR7,T1,FLT3DY
0,0.8062960521497108,0.7142279241793804,0.8149305555555557,0.7196663976324994,0.6853652312074487,0.6535868392664509,0.6451469326469326,0.6863234957675589,0.7871287954621288,0.8661152882205513,0.6423219119297551
1,0.8003984097734097,0.736561996779388,0.7999867724867725,0.7934711122211122,0.7448914431673052,0.7503719008264463,0.6596407793886785,0.7048752281310421,0.8075016040157005,0.8619548542625465,0.7719725343320848
2,0.8005198180636777,0.7368900646678425,0.7984993614303959,0.7869538962402857,0.8211324915178869,0.7519773459623084,0.6742463393626185,0.7473924817674819,0.8149056881815501,0.8444031903190319,0.7383219954648524
3,0.8554380341880341,0.7479166666666667,0.7991452991452991,0.7901733500417712,0.8314960062582344,0.7232388663967612,0.6445868945868946,0.7631130255305782,0.8548484848484849,0.845734126984127,0.7519413919413919
4,0.8592451523545707,0.7555080721747388,0.7924449233716474,0.7935528120713305,0.8619196119196119,0.765376552169005,0.5923786181139123,0.7646054792152794,0.8326800232288037,0.83775871459695,0.8589531680440771
5,0.8691707717569787,0.7438008130081301,0.8202260702260702,0.8099753694581281,0.876984126984127,0.7184266756635177,0.5958289794496691,0.7820719269994632,0.8085542929292929,0.8026729559748427,0.8790123456790123
