,18A2,868Z11,A23,A6,NYE-S1,TCR2-T,TCR3,TCR6,TCR7,T1,FLT3DY
0,0.7646819354565834,0.7187812792168509,0.832311901843529,0.7965101838052657,0.709666903145164,0.654754609929078,0.6509132202528428,0.7477565722952478,0.7528393549704021,0.8303368328958879,0.7230850168350168
1,0.8267766541744308,0.7139529914529915,0.8608273748723186,0.8036627140974968,0.7700054980756734,0.7102443352443353,0.6746693993070805,0.7683369644153958,0.7894671893147504,0.8493018419489008,0.7787441724941725
2,0.8959964385496301,0.749314692982456,0.8455128205128206,0.7934439857814471,0.7791171477079798,0.7451656524678837,0.6675417175417175,0.7728227093306459,0.8338895952532316,0.8299881936245573,0.8657407407407408
