,18A2,868Z11,A23,A6,NYE-S1,TCR2-T,TCR3,TCR6,TCR7,T1,FLT3DY
0,0.8408371685294762,0.7247549019607843,0.8304655195411499,0.7295578627558479,0.6632951426184509,0.736895792880259,0.6762944925299964,0.7322955778055903,0.7957807807807807,0.8544575725026853,0.82151581171189
1,0.8353089720736779,0.7081467221916661,0.8180687830687831,0.7184729034644898,0.7175027937420179,0.7701172051212651,0.6723154623154622,0.7612345401487808,0.8121617965367965,0.8555481874447391,0.779913167189953
2,0.8520643470002408,0.6906457739791073,0.8104855275443511,0.7608033607780827,0.761327337952725,0.7995799457994579,0.6973331885945867,0.7771127681841968,0.7969924812030076,0.8557800224466892,0.7528846153846155
3,0.8507265946502057,0.6783850652271705,0.8072714322714324,0.7675793650793651,0.824820788530466,0.7478291316526611,0.6987711395606132,0.7869181074397272,0.7955713866039953,0.8391504329004329,0.7141439909297053
4,0.8479871175523349,0.7109068627450981,0.8102777777777778,0.783008658008658,0.8570079883805374,0.7316624895572263,0.7028132245285429,0.7880744092508799,0.8260233918128654,0.852260348583878,0.7601354620222546
5,0.8495915032679738,0.7202991452991453,0.8339243498817966,0.8555407011289363,0.8689468599033816,0.7253310723514211,0.7450629081063864,0.7780465949820788,0.8121913580246914,0.8164120994309673,0.7341731266149871
