,18A2,868Z11,A23,A6,NYE-S1,TCR2-T,TCR3,TCR6,TCR7,T1,FLT3DY
0,0.8428643678160919,0.7377970177970177,0.7809925658026925,0.7891007430946764,0.756445839779173,0.7430686830497795,0.6533720480061943,0.7575621443545971,0.7986441798941799,0.8459188660801563,0.8217262189864929
