,18A2,868Z11,A23,A6,NYE-S1,TCR2-T,TCR3,TCR6,TCR7,T1,FLT3DY
0,0.8533784233469768,0.723961352657005,0.8090226715686275,0.7851192197692728,0.7286594637855143,0.7413378908931169,0.6635084697100201,0.7613581780538302,0.7712401113229461,0.8456272401433692,0.7826955782312925
