,18A2,868Z11,A23,A6,NYE-S1,TCR2-T,TCR3,TCR6,TCR7,T1,FLT3DY
0,0.8363603988603989,0.6600396825396825,0.7975758204516374,0.7931906450523472,0.6224754901960785,0.7394946706540909,0.664578111946533,0.7559389140271492,0.7621328671328671,0.8492021276595745,0.819051993118129
