,18A2,868Z11,A23,A6,NYE-S1,TCR2-T,TCR3,TCR6,TCR7,T1,FLT3DY
0,0.8152356902356902,0.7258219954648526,0.7926388888888889,0.7990601562992374,0.7262453258547009,0.7247963112185514,0.6175407925407925,0.7217541748157063,0.7447268842901887,0.7465635738831615,0.7776643990929705
