,18A2,868Z11,A23,A6,NYE-S1,TCR2-T,TCR3,TCR6,TCR7,T1,FLT3DY
0,0.8650819672131148,0.7281392235609102,0.8048433048433049,0.7986248353096178,0.70310960591133,0.6762695887828443,0.6239461926961926,0.7315678084099136,0.7712936658249158,0.8387687687687687,0.8424272486772487
1,0.8818930041152262,0.7022077922077923,0.8192995529061102,0.7931746031746032,0.742673413451402,0.7121399176954734,0.6425300300300301,0.7603636201197176,0.8315958299919807,0.814781746031746,0.838701571637427
