,18A2,868Z11,A23,A6,NYE-S1,TCR2-T,TCR3,TCR6,TCR7,T1,FLT3DY
0,0.8727646285338593,0.6866814924635533,0.8506493506493507,0.7839179841897234,0.7344379161770466,0.6885288065843621,0.7045102593883081,0.7896598639455782,0.7509323048538735,0.8271929824561403,0.7865629984051036
