,18A2,868Z11,A23,A6,NYE-S1,TCR2-T,TCR3,TCR6,TCR7,T1,FLT3DY
0,0.8199618108892303,0.7027708333333332,0.8171243325705569,0.791348809027157,0.7144270338714783,0.6836001279267451,0.6111458333333334,0.7685424855398971,0.7918946110796705,0.8125853125853126,0.6970236299648066
1,0.8877691645133506,0.6904531527173038,0.8125168146354588,0.8368050144581233,0.8111739190170563,0.7483516483516484,0.6919367283950617,0.8074613074613075,0.8226928664270968,0.741637323943662,0.7589466089466089
