,18A2,868Z11,A23,A6,NYE-S1,TCR2-T,TCR3,TCR6,TCR7,T1,FLT3DY
0,0.8525744234800839,0.747106516671734,0.7820159313725491,0.7396758996659735,0.7320343599413367,0.7270174736561291,0.6232532899199567,0.7190604575163398,0.7962404334953354,0.7731958762886597,0.8243342516069788
