,18A2,868Z11,A23,A6,NYE-S1,TCR2-T,TCR3,TCR6,TCR7,T1,FLT3DY
0,0.8419476044534483,0.7589166666666666,0.8487328643578643,0.7955673758865247,0.8165509259259259,0.7956706706706708,0.6611703775839937,0.7156406981694339,0.7885802469135802,0.8321808510638298,0.8528202115158635
