,18A2,868Z11,A23,A6,NYE-S1,TCR2-T,TCR3,TCR6,TCR7,T1,FLT3DY
0,0.8704254850088183,0.7626639061421671,0.8064797794117649,0.8266874969002629,0.7449653521082092,0.7051553954915298,0.6402389903329754,0.7493067934244405,0.8050187617260788,0.7627314814814815,0.8546855541718555
