,18A2,868Z11,A23,A6,NYE-S1,TCR2-T,TCR3,TCR6,TCR7,T1,FLT3DY
0,0.8246252204585538,0.7067649562089887,0.8188496656378601,0.7377967711301044,0.6628,0.734026188660056,0.6309887418293421,0.7650980392156863,0.7511821511821513,0.8421591804570528,0.7709385783298828
