,18A2,868Z11,A23,A6,NYE-S1,TCR2-T,TCR3,TCR6,TCR7,T1,FLT3DY
0,0.835483870967742,0.6881200692096449,0.8282163742690059,0.7950418391994477,0.7387653760838879,0.7204488951476904,0.607182400932401,0.7188724180911681,0.7893908000809726,0.8461707988980717,0.6667952598571626
1,0.8904065040650405,0.7373737373737375,0.8634259259259259,0.7655886109232964,0.7707347670250897,0.709638888888889,0.674096032791685,0.7840683621933623,0.7588943623426383,0.8217089371980677,0.82117768215087
