,18A2,868Z11,A23,A6,NYE-S1,TCR2-T,TCR3,TCR6,TCR7,T1,FLT3DY
0,0.8190359477124183,0.7775332097621254,0.8359050671550672,0.7961557539682539,0.7999495866102038,0.716045751633987,0.6883927694272524,0.7576094799638201,0.6980351670043113,0.8660881542699724,0.8313485663082437
1,0.8958896396396397,0.7524358974358974,0.8421052631578947,0.8094007222863847,0.8721145564168818,0.6698885405781958,0.6503459481169104,0.788329519450801,0.7525997150997151,0.9687010954616588,0.907898224224755
