,18A2,868Z11,A23,A6,NYE-S1,TCR2-T,TCR3,TCR6,TCR7,T1,FLT3DY
0,0.876204786658003,0.7184343434343434,0.8206340020576132,0.7384276793078489,0.6858303321328533,0.7307115828787656,0.6497792099295859,0.7165432606609077,0.7563286713286713,0.840661938534279,0.7687094547964112
