,18A2,868Z11,A23,A6,NYE-S1,TCR2-T,TCR3,TCR6,TCR7,T1,FLT3DY
0,0.7901666666666666,0.6795740281224152,0.7619047619047619,0.7349434883606563,0.6986352304897113,0.756126860841424,0.6463231702136698,0.7594372963388921,0.7244238248924196,0.6481671415004749,0.7293348712033833
1,0.8525297619047619,0.7302836052836054,0.8224722957732666,0.7975665018832392,0.7394224503095471,0.743507539159713,0.668255876068376,0.7901482904208196,0.8159262759924385,0.8411510058568883,0.7642401021711368
2,0.8701440329218108,0.7617012617012616,0.8133759469696971,0.8125390869293309,0.7643673893673893,0.7188787878787878,0.6679805996472664,0.7819125319125318,0.8079947150418662,0.8425490196078432,0.7575910931174089
3,0.8782595902754791,0.7939814814814814,0.8598348348348349,0.7830783214664444,0.7709126984126984,0.7248336438647858,0.6559264705882354,0.78781512605042,0.789563193698532,0.8256459948320414,0.7487555179862873
4,0.8712121212121212,0.8397716229348884,0.8384180790960452,0.8281609195402299,0.8238473167044597,0.7225140056022409,0.639719669544231,0.7959699031127602,0.810345443503733,0.8215277777777777,0.785521026592455
