,18A2,868Z11,A23,A6,NYE-S1,TCR2-T,TCR3,TCR6,TCR7,T1,FLT3DY
0,0.8752861952861953,0.6215393133997785,0.806,0.8151709401709403,0.8459656767190307,0.7892339544513458,0.6520441825123244,0.8085016835016835,0.8136837121212123,0.777056277056277,0.7520833333333332
