,18A2,868Z11,A23,A6,NYE-S1,TCR2-T,TCR3,TCR6,TCR7,T1,FLT3DY
0,0.8689188319005763,0.7075320512820512,0.799608262108262,0.7556818181818182,0.7454697554697555,0.7097809597809598,0.5900876106600615,0.7214004192872118,0.733928281351527,0.8293439716312058,0.7585032679738561
