,18A2,868Z11,A23,A6,NYE-S1,TCR2-T,TCR3,TCR6,TCR7,T1,FLT3DY
0,0.8203292578292577,0.7311095311450804,0.8160891190857895,0.7484477702497725,0.6978052739680646,0.6306534244678575,0.5931470068133354,0.7834254535147392,0.7364693703568385,0.8419047619047619,0.6965476190476191
1,0.8414922003284072,0.7035680369013703,0.8052673424766447,0.7351368454358488,0.742913000977517,0.7028679752950527,0.6058069923371647,0.7687743113439708,0.712162350320245,0.88732917409388,0.686302207546016
2,0.8602292768959435,0.6910521995267759,0.8279296461114644,0.78989898989899,0.7765999999999998,0.7762345679012346,0.6355741504298381,0.7881393298059964,0.7744834964397208,0.8942307692307693,0.8035493827160494
