,18A2,868Z11,A23,A6,NYE-S1,TCR2-T,TCR3,TCR6,TCR7,T1,FLT3DY
0,0.774709620863467,0.6793687061013793,0.7719298245614036,0.7354670924927896,0.6997676089069168,0.7565152103559871,0.6463789240049276,0.707182989441054,0.743333126448196,0.648281101614435,0.733275663206459
1,0.8326517772884555,0.7092507253797576,0.810814455231931,0.7985627690341675,0.743475073313783,0.7449568145220319,0.6781931820347187,0.7437249165194803,0.8083225875779068,0.8400305576776166,0.8180708180708182
2,0.8695060207991242,0.7602217348927875,0.8092237025426682,0.8026603174603174,0.7563882340758609,0.7245475995475995,0.6689625471501975,0.745439156103976,0.7875968992248062,0.8405882352941177,0.776910866910867
3,0.872394811617981,0.7572257758824922,0.7948893572181244,0.7877187106726748,0.7763231308783677,0.7207754629629629,0.653737579042457,0.7744883040935672,0.7955506526935098,0.819186046511628,0.7548174048174049
4,0.9013575605680869,0.7641612200435729,0.8365348399246705,0.8302681992337164,0.8219722099366061,0.7216970121381886,0.6287320483749056,0.7846611721611723,0.8268959435626103,0.816765873015873,0.7639270451770453
