,18A2,868Z11,A23,A6,NYE-S1,TCR2-T,TCR3,TCR6,TCR7,T1,FLT3DY
0,0.8211589968346725,0.7640723078177224,0.8117532716760142,0.7786432676518883,0.7223489071315159,0.7482864601417126,0.6568299961494032,0.7110252281266773,0.7724698575082206,0.843591426071741,0.7312237394957983
1,0.8561169444500427,0.756359649122807,0.7837301587301587,0.748761772312497,0.7602892034006584,0.7098921706516643,0.6749759499759499,0.752608187134503,0.7953028699262061,0.8523469994058229,0.7970085470085468
2,0.865417823003392,0.8033625730994153,0.8051158349665813,0.7888915701415701,0.7497027819608464,0.7092224979321754,0.6724406224406225,0.7635566188197768,0.7955931867696573,0.8664502164502165,0.7472819593787335
