,18A2,868Z11,A23,A6,NYE-S1,TCR2-T,TCR3,TCR6,TCR7,T1,FLT3DY
0,0.8195438596491229,0.6781389578163771,0.7608187134502925,0.7358436457174639,0.7003647835945972,0.7550601941747571,0.6474302812115034,0.7075030193236715,0.7518878268785171,0.6478632478632479,0.7309688581314879
1,0.8319168048645659,0.7300269175269175,0.8186803308162531,0.81215920781893,0.7417033235581623,0.7436539306104524,0.6730406746031746,0.7455560394314897,0.8131102340375126,0.8391647568118157,0.7622844827586207
2,0.8809458542188805,0.7624135124135124,0.8120028409090909,0.8245349421820011,0.7649613899613898,0.7222323232323232,0.6667410342447825,0.754407567740901,0.7865263935031376,0.8402614379084968,0.7554655870445344
3,0.8935777777777778,0.7990810359231412,0.8608858858858858,0.8285271317829457,0.7680059523809524,0.7185797930283225,0.6618998015873016,0.7718143284478476,0.7993589743589743,0.81828165374677,0.7465013618859772
4,0.9079755933381105,0.8388571428571429,0.8421217827997488,0.8253968253968255,0.8238284202569917,0.7399531558185405,0.6439436885865457,0.7881126809698239,0.8274250440917107,0.8135912698412698,0.7825061842918984
