,18A2,868Z11,A23,A6,NYE-S1,TCR2-T,TCR3,TCR6,TCR7,T1,FLT3DY
0,0.8565481524150879,0.6955141476880607,0.8087625979843226,0.7629078014184397,0.6782144409263053,0.7496289505849485,0.6113770532650987,0.7597598522167487,0.7736369910282953,0.8444077134986226,0.7774813539873779
1,0.8827707974049437,0.7515723270440252,0.8197693307342431,0.8068253968253968,0.7738172074556514,0.7421109068627452,0.6083386310659038,0.7756885090218423,0.8587119138843277,0.8173611111111111,0.745559038662487
