,18A2,868Z11,A23,A6,NYE-S1,TCR2-T,TCR3,TCR6,TCR7,T1,FLT3DY
0,0.8328882566303949,0.7099338624338625,0.8087384259259259,0.7659248737373737,0.6429800358371787,0.7382341723874905,0.6299042391512845,0.7592316926770709,0.7470296797219874,0.8428684003152088,0.7718909592822637
