,18A2,868Z11,A23,A6,NYE-S1,TCR2-T,TCR3,TCR6,TCR7,T1,FLT3DY
0,0.8322144021829555,0.7082200807182275,0.8032689701897019,0.7446338383838383,0.6523757575757575,0.7398741418764301,0.6310596310596311,0.7619287715086035,0.7520257520257521,0.8424743892828999,0.7733126293995859
