,18A2,868Z11,A23,A6,NYE-S1,TCR2-T,TCR3,TCR6,TCR7,T1,FLT3DY
0,0.8448804282137615,0.7113756613756613,0.8159007352941177,0.7936559869452119,0.7064133986928104,0.7322619047619048,0.642205751242879,0.7360964846296575,0.7858832224685882,0.8413711583924351,0.7990036630036629
