,18A2,868Z11,A23,A6,NYE-S1,TCR2-T,TCR3,TCR6,TCR7,T1,FLT3DY
0,0.8418791085457752,0.692615596963423,0.8082400149309444,0.7665621879792895,0.6754827093810145,0.7498559455212153,0.6167941272305599,0.7592467159277504,0.7740970784449046,0.8438016528925619,0.775922738573341
1,0.9041468253968254,0.7515145111298956,0.823180636777128,0.8261724386724386,0.7790808543096873,0.7404258578431372,0.6521660463192721,0.7728395061728395,0.8454939197068133,0.8173611111111111,0.7476053639846744
