,18A2,868Z11,A23,A6,NYE-S1,TCR2-T,TCR3,TCR6,TCR7,T1,FLT3DY
0,0.7800213675213675,0.7021701388888889,0.7616819827346143,0.734318634810707,0.7009506908353403,0.7498340874811463,0.6458612102289623,0.7615443322109988,0.696509847732539,0.6472934472934474,0.7336601307189543
1,0.8442807606986711,0.7091380471380472,0.819677356085123,0.8206370129035735,0.7390966112740306,0.7428120331627054,0.6679811507936507,0.7977044601553636,0.8127624289898027,0.8394703335879807,0.7881481481481482
2,0.8728867032245055,0.7399906235349274,0.8129024621212121,0.8263544703595723,0.7646272646272646,0.7217688467688467,0.6700614808874632,0.8039149532957582,0.7953306878306878,0.8392810457516341,0.7837876409304981
3,0.8721171802054156,0.7757427757427756,0.8323849666315418,0.831437617260788,0.7800793081460227,0.721928277483833,0.6610637254901961,0.8197165532879819,0.8022649572649573,0.8166020671834625,0.7686527106816962
4,0.8793402777777777,0.7738095238095237,0.8001857657030071,0.8294753086419752,0.8396825396825397,0.723389355742297,0.6418272864701436,0.8119024390243904,0.8218023255813954,0.7404636150234741,0.7946950710108606
