,18A2,868Z11,A23,A6,NYE-S1,TCR2-T,TCR3,TCR6,TCR7,T1,FLT3DY
0,0.8305945597612264,0.7636593204775023,0.8679398148148149,0.7605303910181959,0.8071721714900125,0.7610365783740396,0.6771201814058957,0.7401795735129069,0.7570469619169876,0.7929078014184396,0.7412740417877405
