,18A2,868Z11,A23,A6,NYE-S1,TCR2-T,TCR3,TCR6,TCR7,T1,FLT3DY
0,0.8727406473308111,0.7384566210045662,0.8284802043422733,0.8194151292474464,0.773952591789404,0.7269705603038936,0.6679834054834055,0.7950124588055623,0.7293929267613478,0.8467628205128205,0.7671573282684395
1,0.8872863247863249,0.7678628389154705,0.8292572463768116,0.864408866995074,0.7555518419489008,0.7284900284900285,0.6276308054085832,0.807010582010582,0.8354371201496026,0.9101010101010102,0.7577380952380951
