,18A2,868Z11,A23,A6,NYE-S1,TCR2-T,TCR3,TCR6,TCR7,T1,FLT3DY
0,0.8333419666753,0.7915343915343915,0.8121979286536248,0.790953225261736,0.7599007936507937,0.7541016406562625,0.6293370293370294,0.7573372811801985,0.7399867593512083,0.8551238188334963,0.8012740683973562
