,18A2,868Z11,A23,A6,NYE-S1,TCR2-T,TCR3,TCR6,TCR7,T1,FLT3DY
0,0.8743586684166567,0.5885802469135802,0.7843621399176955,0.7962278244631186,0.7973076923076924,0.7687229437229437,0.6848290598290597,0.7528344671201813,0.8063996675497377,0.827485380116959,0.7228043274554903
