,18A2,868Z11,A23,A6,NYE-S1,TCR2-T,TCR3,TCR6,TCR7,T1,FLT3DY
0,0.8741222925951991,0.7158320292123109,0.818212669683258,0.7773309178743961,0.7586642156862745,0.7505005005005007,0.6431127012522361,0.763531313131313,0.7848958333333332,0.834342105263158,0.8043097643097643
