,18A2,868Z11,A23,A6,NYE-S1,TCR2-T,TCR3,TCR6,TCR7,T1,FLT3DY
0,0.8026873767258383,0.7873877665544331,0.8553361724093431,0.7800978535353535,0.7692631993695823,0.7400312464166953,0.6515934539190352,0.7360646464646464,0.7729232992390888,0.8964912280701754,0.8176190476190476
