,18A2,868Z11,A23,A6,NYE-S1,TCR2-T,TCR3,TCR6,TCR7,T1,FLT3DY
0,0.7812412976886661,0.6645196416831033,0.7671005785491767,0.7535736677115987,0.7002871337561839,0.7397280092592592,0.6333349431726714,0.7540620490620492,0.7818554224933679,0.8405293088363953,0.6979201308058974
1,0.8592843459222769,0.7248278925161004,0.8358688302907371,0.7764804292929292,0.7208495557552163,0.7146512113617377,0.6666926704112058,0.778962703962704,0.7880042044409409,0.8436843684368438,0.8005582603050957
2,0.9128584643848289,0.7651745617847313,0.8645833333333334,0.7939309056956115,0.7691240347490348,0.7287581699346406,0.6396982038429407,0.7840985924150224,0.8212001112501738,0.8145773979107312,0.7866161616161614
