,18A2,868Z11,A23,A6,NYE-S1,TCR2-T,TCR3,TCR6,TCR7,T1,FLT3DY
0,0.8434777777777778,0.7743475921442023,0.8194444444444443,0.7700474129045558,0.719010101010101,0.795169082125604,0.5655288538179499,0.744107744107744,0.7548295454545455,0.807471264367816,0.887834870443566
