,18A2,868Z11,A23,A6,NYE-S1,TCR2-T,TCR3,TCR6,TCR7,T1,FLT3DY
0,0.8538296568627451,0.6892391701192121,0.8185098687944987,0.7692564513477974,0.734180383675758,0.7017195767195767,0.6545885571859598,0.7742632742632742,0.797501469723692,0.8390690690690691,0.6668083900226757
1,0.8529226505416981,0.6907353652636671,0.8411483253588518,0.7510268908483487,0.7547234195402298,0.7123232323232322,0.621235473356009,0.7856004901960785,0.765779569892473,0.8035714285714285,0.7437726942628903
