,18A2,868Z11,A23,A6,NYE-S1,TCR2-T,TCR3,TCR6,TCR7,T1,FLT3DY
0,0.8783554651245805,0.7028800483211158,0.7948499881880463,0.7988162878787879,0.6168147258903561,0.7442400095502432,0.6342559523809524,0.731958592132505,0.7980902777777779,0.8518617021276595,0.7369436583483407
