,18A2,868Z11,A23,A6,NYE-S1,TCR2-T,TCR3,TCR6,TCR7,T1,FLT3DY
0,0.8303754136189481,0.7341114852225963,0.8127490942028985,0.7465662055335969,0.7295448179271707,0.7857516339869282,0.5947584541062801,0.7727604451742383,0.6794106982021498,0.826473829201102,0.7204703832752614
1,0.8418534942925188,0.8146650326797387,0.8662595785440613,0.7310486266843004,0.8174963924963925,0.6989087301587302,0.6146624166908142,0.7750269313634964,0.7864583333333334,0.7909286097691894,0.8826499118165785
