,18A2,868Z11,A23,A6,NYE-S1,TCR2-T,TCR3,TCR6,TCR7,T1,FLT3DY
0,0.8555656996010009,0.6895560156429722,0.8403935185185185,0.794721673254282,0.7474390397184515,0.7203414351851851,0.6286121286121286,0.7739975990396157,0.7791440309986953,0.839558707643814,0.7465780998389695
