,18A2,868Z11,A23,A6,NYE-S1,TCR2-T,TCR3,TCR6,TCR7,T1,FLT3DY
0,0.8442841109507776,0.6935580880025324,0.8100317282568122,0.7655174011055182,0.6771589991928976,0.7526553215842718,0.6088206543614514,0.7601087848932676,0.7735557991312468,0.8438016528925619,0.7752438324727482
1,0.8987509423966419,0.7541928721174006,0.8194444444444445,0.8200670297444491,0.7808543096872617,0.7765731292517005,0.624511316872428,0.7788034188034189,0.8577794436115277,0.8173611111111111,0.744035179380007
