,18A2,868Z11,A23,A6,NYE-S1,TCR2-T,TCR3,TCR6,TCR7,T1,FLT3DY
0,0.8315322285448072,0.7207614023870418,0.8224264705882353,0.745770202020202,0.6511858974358974,0.7336575133485889,0.6261631089217297,0.7255397108338285,0.7551559551559551,0.8424743892828999,0.770552104899931
