,18A2,868Z11,A23,A6,NYE-S1,TCR2-T,TCR3,TCR6,TCR7,T1,FLT3DY
0,0.7877384152585766,0.6994820655534942,0.8116421568627451,0.8392521367521368,0.7247937442428611,0.7839825581395349,0.6108286078238002,0.7563575605680869,0.713592393824952,0.8152507215007215,0.7727708865016716
1,0.8793146888384983,0.7265906362545018,0.8390046296296295,0.8497755331088666,0.7491149237472766,0.7326280041797283,0.6646016081871345,0.8036452241715399,0.7845910747508729,0.8644179894179894,0.815948275862069
