,18A2,868Z11,A23,A6,NYE-S1,TCR2-T,TCR3,TCR6,TCR7,T1,FLT3DY
0,0.8730769230769231,0.70971570161711,0.8103459362139919,0.7475486573047547,0.6293452923887708,0.6994444444444445,0.6523662551440329,0.7224037763253449,0.7706265202813753,0.8812865497076023,0.8305344889851932
