,18A2,868Z11,A23,A6,NYE-S1,TCR2-T,TCR3,TCR6,TCR7,T1,FLT3DY
0,0.855926406926407,0.7701388888888889,0.8117015098722415,0.8029633557205136,0.7674402891794196,0.7429362880886426,0.57,0.6929102643388356,0.7550485008818342,0.839952718676123,0.7753619619816803
