,18A2,868Z11,A23,A6,NYE-S1,TCR2-T,TCR3,TCR6,TCR7,T1,FLT3DY
0,0.8454500746167413,0.6947965571205007,0.8292353978628487,0.8332598903251077,0.7423816926600137,0.7293981481481482,0.63185850068755,0.7759420289855073,0.7703786375661376,0.8463440860215053,0.8071428571428573
