,18A2,868Z11,A23,A6,NYE-S1,TCR2-T,TCR3,TCR6,TCR7,T1,FLT3DY
0,0.8280849974398361,0.7153250188964474,0.8152986587521692,0.7927078994863251,0.7134654033878841,0.7653779069767442,0.5881534090909091,0.762656147271532,0.7918621700879765,0.8461157024793389,0.7450738916256157
1,0.8265734265734266,0.70045405982906,0.7823860727086535,0.8192068713450292,0.755320340501792,0.7954443217601113,0.5936507936507937,0.7962585034013605,0.7934888571493346,0.8720238095238096,0.8000829961614274
