,18A2,868Z11,A23,A6,NYE-S1,TCR2-T,TCR3,TCR6,TCR7,T1,FLT3DY
0,0.8525804552590266,0.7087005463580706,0.8035140174897121,0.8159057971014493,0.7170833333333334,0.6938584474885845,0.6463744588744589,0.7518571428571429,0.7894982376114452,0.8079922027290448,0.851466049382716
