,18A2,868Z11,A23,A6,NYE-S1,TCR2-T,TCR3,TCR6,TCR7,T1,FLT3DY
0,0.8775220458553793,0.6676708398539385,0.8337191358024691,0.7770048309178744,0.7721330956625074,0.7323693556570269,0.6267698747298911,0.7704407713498623,0.7389437134502925,0.8105847953216374,0.7747747747747747
