,18A2,868Z11,A23,A6,NYE-S1,TCR2-T,TCR3,TCR6,TCR7,T1,FLT3DY
0,0.822235968362729,0.731716097141629,0.8183755379013572,0.7378499763435474,0.7256023601003249,0.7266150325646893,0.6095893141945773,0.7650461781380375,0.7860077129443326,0.8559907834101382,0.7492309610907881
1,0.8060618500273673,0.7373671782762692,0.8151218820861678,0.7729086073500967,0.7878359128359128,0.7801397238737392,0.638336066388392,0.7654517888436017,0.7850360954174512,0.859508547008547,0.7011231779823551
2,0.8444817493112948,0.8432037221668329,0.7930440771349864,0.8605644863266816,0.8054317353518363,0.7728889884062298,0.68075893230692,0.7788167388167389,0.7909619930896526,0.8822081575246132,0.6804189435336975
