,18A2,868Z11,A23,A6,NYE-S1,TCR2-T,TCR3,TCR6,TCR7,T1,FLT3DY
0,0.8698914431673052,0.8310185185185185,0.8333333333333334,0.8517948717948718,0.7805646929824562,0.6935064935064935,0.6460784313725491,0.759899300221881,0.8316436251920122,0.8507575757575757,0.8012037037037038
