,18A2,868Z11,A23,A6,NYE-S1,TCR2-T,TCR3,TCR6,TCR7,T1,FLT3DY
0,0.8075672926931509,0.7113279332351498,0.8202044025157234,0.7786664903930901,0.6601010101010101,0.7398726851851851,0.673119625208574,0.7995247910225581,0.775702380952381,0.831929181929182,0.7492756512493354
1,0.8514063544134621,0.7179559306141584,0.8148738662131519,0.7559382716049382,0.7608711433756806,0.7317026540710753,0.7000629195912058,0.811604104707553,0.8010053716608594,0.8672756981580512,0.8022527472527473
2,0.8697035957240038,0.7274904214559387,0.7981458505652053,0.7907456528146183,0.7752531472359059,0.7142008318478906,0.7194989106753812,0.8214743589743589,0.7556293835363602,0.8913419913419913,0.8865937244545053
