,18A2,868Z11,A23,A6,NYE-S1,TCR2-T,TCR3,TCR6,TCR7,T1,FLT3DY
0,0.8361323696145124,0.6962912709181367,0.80102237654321,0.8030811829857428,0.7602525879917185,0.7250380517503805,0.6648306813545491,0.7308063271604938,0.8042096728244911,0.9002700617283951,0.7652391975308642
