,18A2,868Z11,A23,A6,NYE-S1,TCR2-T,TCR3,TCR6,TCR7,T1,FLT3DY
0,0.8787335722819595,0.7141737891737892,0.8316645133505599,0.8094966761633428,0.7352086319477623,0.7641604515218706,0.5329059829059829,0.7268518518518517,0.683982683982684,0.6796536796536796,0.8035857371794872
