,18A2,868Z11,A23,A6,NYE-S1,TCR2-T,TCR3,TCR6,TCR7,T1,FLT3DY
0,0.835447232506056,0.6951809764309765,0.8717901234567901,0.7760233918128655,0.781108688630491,0.6980879934210525,0.6912589001666415,0.7775163142356005,0.8075140221573264,0.9410919540229884,0.8445991847826088
