,18A2,868Z11,A23,A6,NYE-S1,TCR2-T,TCR3,TCR6,TCR7,T1,FLT3DY
0,0.8028218694885362,0.6909769852156683,0.8112846461992572,0.7926923076923077,0.72390098810244,0.6521464646464646,0.6319764464925756,0.7176943426943426,0.7105295032639738,0.8524621212121213,0.7906354481967277
1,0.8633333333333333,0.6382275132275133,0.7637499999999999,0.8103101325757575,0.8050319560716536,0.7142857142857144,0.6716485507246377,0.7290396341463415,0.7414202860631433,0.8482035024154589,0.8986354775828461
