,18A2,868Z11,A23,A6,NYE-S1,TCR2-T,TCR3,TCR6,TCR7,T1,FLT3DY
0,0.8808034235800629,0.6857312622018504,0.8146863799283155,0.7619894111490749,0.7387614334982757,0.7263720896444008,0.6240000000000001,0.7617251994588777,0.8296580500975339,0.8408708708708709,0.752417263201577
1,0.90984300697023,0.7386308659893567,0.835034013605442,0.800287356321839,0.7402787402787402,0.7457570207570208,0.6634018759018758,0.8047906602254429,0.815630736952531,0.8524305555555555,0.7448999801940978
