,18A2,868Z11,A23,A6,NYE-S1,TCR2-T,TCR3,TCR6,TCR7,T1,FLT3DY
0,0.8015804093567253,0.7785497299729972,0.7309115179252478,0.7447218231162197,0.7052310991720007,0.7302559912854031,0.6696098595622971,0.7402865851522265,0.7822068437603442,0.8417376775271511,0.7411589635854341
1,0.8482824592316196,0.7667663817663818,0.8189602573702747,0.744673645320197,0.7665171861321705,0.7132191480017567,0.6878892733564014,0.7255890327261619,0.8124281971783596,0.8796175575836593,0.7754873479011412
2,0.8615481710980162,0.7334486501153168,0.8410443722943723,0.7875402518731068,0.8000685871056241,0.7086036209778276,0.7059666431759455,0.7372448812448812,0.7969634532134532,0.8532135076252724,0.8827913015254788
3,0.893299232736573,0.7759784075573549,0.8343232323232322,0.8072766752512246,0.8287992012516469,0.7024782135076254,0.7145029239766082,0.7468644781144781,0.8035624543128655,0.8831042988019732,0.8853498217468806
4,0.8810031258880363,0.7578431372549019,0.8095238095238096,0.7824014336917563,0.8620857699805068,0.7363973552652799,0.7210031347962382,0.7534205885083077,0.8047472075249852,0.8854166666666666,0.8496624703521256
