,18A2,868Z11,A23,A6,NYE-S1,TCR2-T,TCR3,TCR6,TCR7,T1,FLT3DY
0,0.862663139329806,0.6960672905525845,0.8314950980392157,0.8052318295739349,0.7285401157981802,0.7654983045849919,0.669821299131644,0.7517006802721088,0.774035639412998,0.8509751773049645,0.7704725829725829
