,18A2,868Z11,A23,A6,NYE-S1,TCR2-T,TCR3,TCR6,TCR7,T1,FLT3DY
0,0.8454734651404786,0.6958710481437754,0.7987499104520381,0.7664776462853385,0.6765278036464477,0.7545826389940918,0.6173595537921913,0.732445220465397,0.767776268115942,0.8428650137741047,0.7770510613884106
1,0.8995252358538623,0.7542677448337826,0.8065390749601277,0.8202241307080017,0.7766727297619745,0.7543048469387754,0.6135545267489712,0.7594175371953149,0.8501828631138976,0.814781746031746,0.7451236502960641
