,18A2,868Z11,A23,A6,NYE-S1,TCR2-T,TCR3,TCR6,TCR7,T1,FLT3DY
0,0.8705989940557842,0.7256135844748859,0.7889880952380951,0.7529334436924874,0.7930283224400871,0.7062433862433862,0.6268882518882518,0.7609520466663323,0.7618231438986155,0.8084795321637427,0.8336464483807479
