,18A2,868Z11,A23,A6,NYE-S1,TCR2-T,TCR3,TCR6,TCR7,T1,FLT3DY
0,0.810967337994365,0.6650538297172913,0.7686359590565198,0.7542563566701498,0.6983717457592821,0.7410300925925926,0.6260033253067309,0.7525901875901876,0.7934843845682793,0.8421041119860018,0.6949617559028933
1,0.8674402481299032,0.7250277592715966,0.8345165652467884,0.7760321969696969,0.7201881800938406,0.7188387635756057,0.6605003340936845,0.7787077120410454,0.7929487826203928,0.8466246624662467,0.7956377799415774
2,0.9110079119367045,0.7660437490945965,0.8685897435897436,0.7959583833533413,0.7678370334620336,0.7311016511867905,0.634066924066924,0.7808869629356444,0.8242327365728901,0.8216999050332383,0.7774423552412167
