,18A2,868Z11,A23,A6,NYE-S1,TCR2-T,TCR3,TCR6,TCR7,T1,FLT3DY
0,0.8126660341555977,0.6618129345402073,0.8318577508860909,0.8061486132914705,0.7263290229885057,0.6771645021645022,0.5728721624850657,0.7387214137214136,0.8118919610855095,0.8414714714714715,0.7463256907701353
1,0.9215314709538073,0.7228444632290786,0.8356873822975518,0.8024535845336547,0.8121141975308642,0.6537848116795485,0.6146629929524666,0.7503125,0.8159332562515585,0.9287949921752738,0.7703030303030304
