,18A2,868Z11,A23,A6,NYE-S1,TCR2-T,TCR3,TCR6,TCR7,T1,FLT3DY
0,0.8834211366538952,0.7088001867413632,0.8144179894179894,0.8227317554240631,0.8018256110361373,0.7235479797979797,0.658974358974359,0.7494562853414527,0.7368464868464869,0.8753086419753086,0.7998964803312628
