,18A2,868Z11,A23,A6,NYE-S1,TCR2-T,TCR3,TCR6,TCR7,T1,FLT3DY
0,0.8071374946374945,0.6464646464646465,0.8306878306878307,0.82997557997558,0.8055686090225564,0.7314988534500729,0.6112902627969902,0.7120761183261184,0.889784946236559,0.9791666666666666,0.8564814814814815
