,18A2,868Z11,A23,A6,NYE-S1,TCR2-T,TCR3,TCR6,TCR7,T1,FLT3DY
0,0.8935694707990723,0.8549242424242424,0.7913690476190477,0.804923076923077,0.7286852240896359,0.7094877344877345,0.6593364197530864,0.7585353535353535,0.7877777777777778,0.8218390804597702,0.8199879227053141
