,18A2,868Z11,A23,A6,NYE-S1,TCR2-T,TCR3,TCR6,TCR7,T1,FLT3DY
0,0.8379319502254595,0.7018624522979925,0.8001182033096926,0.7875258799171844,0.7678564226658601,0.7367775449624586,0.6698250728862973,0.7648254504504505,0.7824116874964333,0.864118246687054,0.7844746103569632
1,0.8536008230452675,0.7551129426129425,0.7913348946135832,0.7855640231801222,0.8195590602522568,0.7054868208714362,0.6942378483960633,0.7950930115635999,0.8107371794871794,0.8315476190476191,0.8736301538159124
