,18A2,868Z11,A23,A6,NYE-S1,TCR2-T,TCR3,TCR6,TCR7,T1,FLT3DY
0,0.8060331458218782,0.7354091995221027,0.8217891426679907,0.7254607122668174,0.7790167719980555,0.7224587877882365,0.7004834529505581,0.7344057687676201,0.7962509077705157,0.8577435897435898,0.7082766439909296
1,0.8375379838816225,0.7539471396278907,0.8129016064257027,0.7160466764579086,0.8004718693284937,0.7736498108015137,0.6824536279323513,0.7643608751179966,0.7743375768511093,0.8574717765894236,0.7370600414078674
2,0.853021319918553,0.8025854108956602,0.832277318640955,0.7594156069765825,0.8397050865800866,0.7480427700714586,0.6513892386468564,0.7700866393068856,0.7838937548239873,0.9161918328584996,0.8105555555555556
3,0.848664314516129,0.7409722222222221,0.8142857142857144,0.7665000000000001,0.8389230244068954,0.7300084175084175,0.6772085938752604,0.7450296616963284,0.786257982120051,0.9075757575757576,0.8464590964590966
