,18A2,868Z11,A23,A6,NYE-S1,TCR2-T,TCR3,TCR6,TCR7,T1,FLT3DY
0,0.8577279202279202,0.7241512345679012,0.8051215277777778,0.8066402129282503,0.7433471007450599,0.7500480465639843,0.6408762420957542,0.770548219287715,0.7616816943740021,0.8403467297084318,0.7422710622710623
