,18A2,868Z11,A23,A6,NYE-S1,TCR2-T,TCR3,TCR6,TCR7,T1,FLT3DY
0,0.8476458067262665,0.7257407407407407,0.8047510162601625,0.7346135265700484,0.7047197083961789,0.7268518518518517,0.6239316239316238,0.7240127022735718,0.7784090909090908,0.8409771473601261,0.7901104209799863
