,18A2,868Z11,A23,A6,NYE-S1,TCR2-T,TCR3,TCR6,TCR7,T1,FLT3DY
0,0.7995300751879698,0.6989789679628271,0.833461686561417,0.7764472309299896,0.708420323637715,0.7461581986291681,0.6361799105607155,0.7148994380360841,0.7703996916325684,0.843591426071741,0.7503162555344719
1,0.8570914859862505,0.7747639140044204,0.8262349170437405,0.7816485421591804,0.7901353383458646,0.7288006825858785,0.6510648922333705,0.7496345029239766,0.800797791893527,0.842549019607843,0.7824986241056687
2,0.880338246409675,0.7978770455550642,0.8431712962962964,0.7853274643190611,0.8113464555698188,0.7141716839992701,0.639968253968254,0.7592523130782696,0.7690537084398977,0.8188509021842355,0.7497673228163246
