,18A2,868Z11,A23,A6,NYE-S1,TCR2-T,TCR3,TCR6,TCR7,T1,FLT3DY
0,0.7893878589861969,0.7289218717790146,0.8308795125719906,0.7152844222708219,0.7187223988694577,0.7292313550881716,0.6771637709137709,0.7781576042445608,0.8223876817626818,0.8659482038429407,0.7359422134238311
1,0.7850008753501401,0.7241161616161617,0.8115359477124183,0.7462115710481724,0.7750521434501753,0.7522707231040565,0.6806060606060607,0.790705846767019,0.8162062765609676,0.861385053692746,0.6889147688060732
2,0.8410345525476485,0.7355861244019138,0.7913436692506459,0.7470921985815604,0.8279535558780843,0.7832602339181287,0.693058896908135,0.8112098000869188,0.8121749877573864,0.8799358974358974,0.7957818930041153
3,0.8679820693709582,0.7557146990740741,0.8105413105413106,0.6882422194922194,0.8290739128632426,0.7624643874643876,0.6694085389737564,0.8327620092325976,0.7710476190476191,0.8660724896019013,0.7819323671497586
4,0.8876291257243638,0.761068376068376,0.8185510071474984,0.7516323953823952,0.8372980823961216,0.713179128563744,0.6951754385964911,0.8396584653409729,0.8118773946360154,0.8124338624338625,0.8514968487394959
5,0.8981331168831169,0.8428030303030303,0.8251563251563252,0.7651515151515151,0.8239795918367347,0.7373513404555533,0.6546620046620046,0.8443751237868885,0.7901170798898072,0.8174603174603176,0.8657245532245531
