,18A2,868Z11,A23,A6,NYE-S1,TCR2-T,TCR3,TCR6,TCR7,T1,FLT3DY
0,0.7903771929824561,0.6862117452440032,0.7608744082428293,0.7344979909222665,0.7015253306291461,0.7560129449838189,0.6473400131685144,0.763471969993709,0.7136726939203354,0.6469135802469136,0.7319300269127259
1,0.8542059247941601,0.7324411699411698,0.8225867085090387,0.7961624798224376,0.7421676441837732,0.7436758893280633,0.6700988247863249,0.7958119658119657,0.8162413358538122,0.8400305576776166,0.7640086206896551
2,0.8716757741347906,0.7672296838963506,0.8131392045454545,0.8010730158730158,0.7666691416691417,0.7173333333333334,0.6685764352965635,0.8014455782312925,0.813915366165156,0.8412418300653596,0.7567588843904635
3,0.8784822633506844,0.7955128205128205,0.8632882882882882,0.783431803262132,0.77691003937807,0.7316857298474946,0.6647073412698413,0.8229153539172444,0.7925170068027211,0.819186046511628,0.7415501165501165
4,0.8848273137462833,0.8087301587301589,0.8432517263025737,0.8238244514106583,0.8157255116959065,0.7216386554621849,0.635864067849362,0.8033554922443811,0.8048083449433786,0.8205357142857143,0.7834724799010514
