,18A2,868Z11,A23,A6,NYE-S1,TCR2-T,TCR3,TCR6,TCR7,T1,FLT3DY
0,0.8190391095320674,0.7619715354090353,0.7956835511982571,0.7440688585871458,0.7250508517670989,0.6722072812391056,0.6631229995427526,0.7170814872286991,0.8222323712093532,0.8682078853046594,0.7297789906340544
1,0.8330998382959741,0.7675975975975976,0.7898299018988674,0.7724394932456814,0.7995573118725829,0.6933309892170652,0.6678945149999084,0.783102375102375,0.7714193377565959,0.8460533553355335,0.7643894993894994
2,0.8588981906562246,0.7756519274376418,0.7851095993953137,0.814599816534801,0.825548245614035,0.6960435621725946,0.6410468319559229,0.7540564373897706,0.7315095398428731,0.8525132275132274,0.7768518518518519
3,0.8851050569800569,0.748006379585327,0.8047979797979798,0.8496618357487922,0.8720386473429951,0.7063659854357528,0.6272222222222221,0.7666666666666667,0.7663070436507936,0.8108465608465609,0.845472357100264
