,18A2,868Z11,A23,A6,NYE-S1,TCR2-T,TCR3,TCR6,TCR7,T1,FLT3DY
0,0.8383700602010461,0.661848701512163,0.7668113039608367,0.7691338955219726,0.6993207175901698,0.7407407407407408,0.6258122157244964,0.7533838383838384,0.7956317615839968,0.8421041119860018,0.6958139341536415
1,0.8751061467110849,0.7244059515878303,0.8360942077980619,0.7844512572773441,0.7222243442831678,0.7165413533834587,0.6656987495088181,0.7794353794353794,0.7939828827011031,0.8469846984698471,0.7991820837390459
2,0.9101666666666667,0.7675406827949202,0.8676682692307692,0.7968045506972844,0.7712861212861214,0.7303706570347437,0.641656223893066,0.7837758928022619,0.8256823554695895,0.8202754036087369,0.7862854737854738
