,18A2,868Z11,A23,A6,NYE-S1,TCR2-T,TCR3,TCR6,TCR7,T1,FLT3DY
0,0.7910789473684211,0.6784532671629447,0.7603453077137288,0.7357596403411198,0.70150842945874,0.7560129449838189,0.6488666050720021,0.7080978260869566,0.7536497986317996,0.8344349680170575,0.7328911956939638
1,0.8441464821222606,0.7311230436230436,0.8209685855316923,0.8106031378600823,0.7744308318659224,0.7428268189137754,0.6682444291819292,0.733666488983653,0.8081369790750835,0.834407188253342,0.8150730495558083
2,0.8765887171356851,0.761826066572902,0.8121448863636364,0.8211831741243506,0.7437773354956017,0.7188080808080808,0.6692504409171076,0.7615304928989138,0.7908816187097623,0.8453525641025642,0.7745378742214185
3,0.8905241583813012,0.8264753764753765,0.8629879879879879,0.8288690476190476,0.7774922210406082,0.7181032135076254,0.6580208333333334,0.7718489772819145,0.7941222226936513,0.8118241235888295,0.7454332160214513
4,0.8958684215998169,0.8347301587301588,0.8268055555555556,0.8239302967563837,0.8317440135621954,0.7199444444444444,0.6403880070546736,0.7885923600209314,0.8208656330749354,0.8075684380032206,0.7733611417821944
