,18A2,868Z11,A23,A6,NYE-S1,TCR2-T,TCR3,TCR6,TCR7,T1,FLT3DY
0,0.8164006322491596,0.6912180561374109,0.8296395751282969,0.7951482369332269,0.7412869317735113,0.6851242690058479,0.617225774638926,0.7651552287581699,0.7895603038505546,0.8569112879457706,0.6828326288244767
1,0.8954164284352965,0.7018466573165031,0.8051789828105619,0.8042393162393163,0.7808234126984127,0.7350621600621601,0.6582703104442235,0.7476923740510696,0.7744791666666666,0.8664021164021163,0.8016474266474266
2,0.8915966386554621,0.6535353535353535,0.8069444444444445,0.8009090909090908,0.8524505108556832,0.7637362637362637,0.6219197469197469,0.7748538011695908,0.7534869431643626,0.8876262626262627,0.8477801268498942
