,18A2,868Z11,A23,A6,NYE-S1,TCR2-T,TCR3,TCR6,TCR7,T1,FLT3DY
0,0.8284779555096892,0.738062000880337,0.782750342935528,0.7306369617224879,0.716109942762249,0.6325543478260869,0.624091900911308,0.7373164719751367,0.7875547138047138,0.8661714285714286,0.7483924604324489
1,0.8617102143887858,0.7767212945784374,0.822954822954823,0.7575139623750734,0.7940957933241884,0.6781746031746031,0.6615075170307728,0.7750136836343732,0.791783877797943,0.8702287581699347,0.7378752587991718
2,0.8723958333333334,0.7913473818646232,0.8473856209150327,0.7505940723332026,0.7931972789115646,0.7037970430107526,0.6581137663398693,0.7665092964970567,0.7781874039938557,0.8788011695906434,0.8850583949426764
