,18A2,868Z11,A23,A6,NYE-S1,TCR2-T,TCR3,TCR6,TCR7,T1,FLT3DY
0,0.8495656149977138,0.7175925925925926,0.8367521367521368,0.7855770887166237,0.7626886145404664,0.7462317766246603,0.6370137046861185,0.7330073308334177,0.6568080357142857,0.8528368794326241,0.8107193732193733
