,18A2,868Z11,A23,A6,NYE-S1,TCR2-T,TCR3,TCR6,TCR7,T1,FLT3DY
0,0.8578019056555298,0.6607490949596212,0.8215663580246915,0.7980662393162393,0.7473918479619904,0.7142968142968144,0.6566401702195993,0.7446808510638299,0.7966556445063233,0.8829457364341086,0.7772292120118207
