,18A2,868Z11,A23,A6,NYE-S1,TCR2-T,TCR3,TCR6,TCR7,T1,FLT3DY
0,0.8641416336649602,0.737675669740887,0.8086815447926559,0.8026045181400431,0.7463333333333333,0.7027182892234795,0.6180071533382244,0.7453571368871504,0.7409988385598142,0.812475633528265,0.7906770406770406
