,18A2,868Z11,A23,A6,NYE-S1,TCR2-T,TCR3,TCR6,TCR7,T1,FLT3DY
0,0.8577623456790123,0.7605277777777776,0.8087933094384706,0.7527687000726216,0.7876859765748655,0.7716765174969509,0.5851736111111111,0.7242818428184282,0.7585644901563554,0.8497474747474748,0.7461890397184515
1,0.8553071642316493,0.7224206349206349,0.7953476017000608,0.8081323099415204,0.8517361111111112,0.6961361737677527,0.6795468920706113,0.7369733093417304,0.7465429782502954,0.8036265432098765,0.8201515151515153
