,18A2,868Z11,A23,A6,NYE-S1,TCR2-T,TCR3,TCR6,TCR7,T1,FLT3DY
0,0.7846783517073374,0.6903337813620071,0.8359895064764715,0.7634343434343435,0.7010206228956228,0.7032989690721649,0.6284621617241938,0.7265432098765432,0.74897901969153,0.813259548611111,0.8046957358212102
1,0.8604557370437589,0.7193813131313131,0.8541636266355367,0.7923845547675334,0.7725178687459389,0.7034908825190155,0.6434371466748895,0.7493446259326477,0.7739902485542021,0.8109223300970875,0.8060327506530038
2,0.8751893939393939,0.7859811565951916,0.8674719887955181,0.8361805555555556,0.7484330484330485,0.6969531107462141,0.6545368212034878,0.7761214630779848,0.8139483065953654,0.8117283950617283,0.7897266313932981
