,18A2,868Z11,A23,A6,NYE-S1,TCR2-T,TCR3,TCR6,TCR7,T1,FLT3DY
0,0.8291025641025641,0.7663978494623654,0.8047530864197531,0.8114699627857522,0.7814867424242425,0.7545948203842942,0.6366396761133603,0.7675222222222223,0.7503484032501889,0.9134099616858239,0.7778532608695653
