,18A2,868Z11,A23,A6,NYE-S1,TCR2-T,TCR3,TCR6,TCR7,T1,FLT3DY
0,0.8289658883921179,0.6875275573192239,0.8181731502669717,0.7857176470588235,0.7271557943971737,0.7005546297699001,0.6207664884135472,0.7560605101588708,0.7946961393252954,0.8387687687687687,0.8502561894034762
1,0.8923309178743962,0.7507575757575758,0.8144072301967039,0.764702581369248,0.7763409961685824,0.757516339869281,0.6617117117117117,0.8010446343779677,0.8110837438423646,0.849411231884058,0.8096166341780378
