,18A2,868Z11,A23,A6,NYE-S1,TCR2-T,TCR3,TCR6,TCR7,T1,FLT3DY
0,0.8089945293340879,0.7586321067070285,0.7964380648591174,0.7500429597553012,0.6688253775210299,0.7385888241446287,0.6842705635713405,0.7633486393806937,0.7904132667559777,0.8857421875,0.7730955387205388
1,0.8374190778174132,0.777235110568444,0.8191391941391942,0.7673650793650794,0.7098038092328062,0.7644903397734844,0.6844745766847217,0.7455643972885353,0.7453434539190353,0.8877022653721683,0.8278857745629898
2,0.8393279297534617,0.7599206349206349,0.7783549783549782,0.8111698947871832,0.758456486042693,0.7680750739644969,0.729771743408107,0.7447051156728576,0.780999937484371,0.9082278481012658,0.7704755399427531
3,0.857442876344086,0.7367724867724869,0.7788671023965142,0.834912214222559,0.8069261695906432,0.730952380952381,0.7289484126984126,0.7643242772553117,0.7520517676767677,0.9848484848484848,0.7819541569541569
