,18A2,868Z11,A23,A6,NYE-S1,TCR2-T,TCR3,TCR6,TCR7,T1,FLT3DY
0,0.8207915273132663,0.6952956989247312,0.8109649122807018,0.8069295900178254,0.7673611111111112,0.7765328353563649,0.6175303454715219,0.7951916582235731,0.7974926999101527,0.8859819121447027,0.8311546840958607
