,18A2,868Z11,A23,A6,NYE-S1,TCR2-T,TCR3,TCR6,TCR7,T1,FLT3DY
0,0.7728950252027175,0.6764267990074441,0.7617098301308828,0.7352038440064682,0.7006239348741566,0.75008547008547,0.6491135147190009,0.7555857487922705,0.7301752317113538,0.6475973409306743,0.7295271049596309
1,0.8295498234944602,0.7293609168609169,0.8212791343859305,0.8238729925817233,0.7583043981481481,0.7412048738698555,0.6791954877188972,0.7885110257729918,0.8117442171110002,0.8394703335879807,0.7652618135376756
2,0.8778189300411522,0.762037037037037,0.8113873106060606,0.82705938697318,0.7470198393119286,0.7353016059537798,0.6700733612521904,0.8034820824881677,0.7893487496167828,0.8405882352941177,0.7731673088815946
3,0.887797202797203,0.8236779560308971,0.8628378378378377,0.8264442620387742,0.7628872549019609,0.7498113563478589,0.6646754709254709,0.799812865497076,0.8324924924924925,0.819186046511628,0.7472903165210858
4,0.897093023255814,0.8347301587301588,0.8320833333333333,0.8243877551020408,0.8196608946608946,0.7458823529411766,0.6389561707035756,0.8093197278911565,0.8461240310077519,0.816765873015873,0.7852118119975263
