,18A2,868Z11,A23,A6,NYE-S1,TCR2-T,TCR3,TCR6,TCR7,T1,FLT3DY
0,0.7834084084084084,0.6756906534325889,0.7619604566972988,0.7357480533926585,0.7187446407134281,0.7562563106796117,0.6487073085255511,0.7639882965969923,0.7490466043252787,0.6488509021842356,0.73000768935025
1,0.8381975867269983,0.7302072927072927,0.8209358961786147,0.8168629352831699,0.6659902006086114,0.7448031034987558,0.6748661369309629,0.7963461538461538,0.807277318640955,0.8405907817672524,0.7697876756066412
2,0.8913049055829229,0.768111518111518,0.8127604166666668,0.8208879980563654,0.776063081336915,0.7231717171717172,0.6735890652557318,0.8041666666666667,0.7881049358384794,0.8422222222222223,0.760481331533963
3,0.8967490842490843,0.7920814479638009,0.860960960960961,0.8149087024087024,0.782788864252279,0.7176776960784315,0.6655847423510467,0.8292449519920891,0.7929059357630787,0.823062015503876,0.7569644031182493
4,0.9064171122994652,0.8068594104308389,0.8358443188951664,0.8156739811912225,0.8488921209509445,0.7395525147928995,0.6379967695890616,0.803068882337175,0.8171511627906977,0.8215277777777777,0.7522893772893773
