,18A2,868Z11,A23,A6,NYE-S1,TCR2-T,TCR3,TCR6,TCR7,T1,FLT3DY
0,0.8543072966891675,0.739190093708166,0.8253119429590018,0.7712418300653594,0.7635543937969924,0.6737322351421189,0.6665314009661835,0.737786061923993,0.7611396896843258,0.8373931623931624,0.7285534062237174
1,0.8602642276422765,0.7843780369290574,0.8834175084175083,0.7970899470899471,0.8122895622895623,0.6912025827280065,0.6016628873771731,0.7471844293272865,0.7656707875457874,0.825508607198748,0.7935374149659863
