,18A2,868Z11,A23,A6,NYE-S1,TCR2-T,TCR3,TCR6,TCR7,T1,FLT3DY
0,0.8205991539324873,0.7175563909774437,0.7945711417096959,0.7836759914616335,0.6815042926465099,0.6928626854090191,0.6869645042839657,0.7358144047680927,0.7946973661259374,0.8622685185185186,0.7858912424129816
