,18A2,868Z11,A23,A6,NYE-S1,TCR2-T,TCR3,TCR6,TCR7,T1,FLT3DY
0,0.7832777159807193,0.7120337995337995,0.8035117056856188,0.7533339395041523,0.6561228043986664,0.6847128774839618,0.6258831356233953,0.729904354904355,0.7310533855520512,0.8653371320037987,0.7228317659352143
1,0.8754692192192192,0.8172113289760349,0.8506277463904582,0.752374680715198,0.8272906511857165,0.6895021645021645,0.683917435221783,0.737465886939571,0.7630021367521368,0.8475490196078431,0.7916837548416495
