,18A2,868Z11,A23,A6,NYE-S1,TCR2-T,TCR3,TCR6,TCR7,T1,FLT3DY
0,0.871141975308642,0.75869708994709,0.7981250000000001,0.8068684566024992,0.7488888888888888,0.756420035596237,0.6451202306465463,0.7704121648659464,0.7708266879319511,0.8492021276595745,0.8247916467094548
