,18A2,868Z11,A23,A6,NYE-S1,TCR2-T,TCR3,TCR6,TCR7,T1,FLT3DY
0,0.8348534306195597,0.6991869918699187,0.8074934677118328,0.7670323800131493,0.6808944351317233,0.7489828880740353,0.6056533072662105,0.7604064039408868,0.7675639719202899,0.8396696696696697,0.7703480589022758
1,0.8969513731418494,0.7601826894279724,0.8191195581546459,0.823430735930736,0.7831617086193745,0.7757227891156463,0.6829229797979797,0.7708112874779541,0.8447026486756622,0.8157738095238095,0.7450801114594218
