,18A2,868Z11,A23,A6,NYE-S1,TCR2-T,TCR3,TCR6,TCR7,T1,FLT3DY
0,0.8465058781150735,0.6823188405797099,0.8230551125287967,0.7969248405103668,0.750927536231884,0.7755618940740048,0.6640426356589147,0.7201921172509408,0.7567268122823677,0.8367218282111898,0.8225216684723727
