,18A2,868Z11,A23,A6,NYE-S1,TCR2-T,TCR3,TCR6,TCR7,T1,FLT3DY
0,0.8846577804911139,0.7326058201058201,0.8078542952674898,0.8094892009526156,0.7733315560295032,0.7224794238683128,0.6338699494949495,0.7782462635403812,0.8106251047427518,0.8364473684210526,0.7755007824726134
