,18A2,868Z11,A23,A6,NYE-S1,TCR2-T,TCR3,TCR6,TCR7,T1,FLT3DY
0,0.8587813620071684,0.8030701754385965,0.818888888888889,0.7899603174603174,0.8179675716440422,0.7487874779541448,0.6631506452080614,0.7209178743961352,0.7625152625152625,0.8240740740740741,0.8102453102453104
