,18A2,868Z11,A23,A6,NYE-S1,TCR2-T,TCR3,TCR6,TCR7,T1,FLT3DY
0,0.8383782679738562,0.6960645693413455,0.8234842906234658,0.7885692307692307,0.7127779394488097,0.7163285175333368,0.6372631697307022,0.7520676691729323,0.8081215379602477,0.8637387387387387,0.816223527430424
1,0.9025404420141262,0.7360634648370498,0.8330297510625381,0.7914473684210527,0.7256522717049032,0.7713305533374738,0.6320652173913044,0.7448366013071895,0.7890133370902602,0.8380281690140845,0.7824049513704686
