,18A2,868Z11,A23,A6,NYE-S1,TCR2-T,TCR3,TCR6,TCR7,T1,FLT3DY
0,0.8278212172442941,0.7275759822090437,0.8251671810699589,0.8038829857011676,0.7462579821200511,0.7423229125445192,0.6596517613959475,0.7596978185213478,0.7936078936078936,0.8596491228070177,0.8129968701095462
