,18A2,868Z11,A23,A6,NYE-S1,TCR2-T,TCR3,TCR6,TCR7,T1,FLT3DY
0,0.8418298059964725,0.6953643242122719,0.8065843621399177,0.796864751410206,0.8034418529316488,0.7503858024691358,0.6387905411312177,0.7377110844337734,0.7664983164983165,0.8892473118279569,0.7683643892339544
