,18A2,868Z11,A23,A6,NYE-S1,TCR2-T,TCR3,TCR6,TCR7,T1,FLT3DY
0,0.820367773102696,0.7593676665646362,0.8071912454403334,0.7748524623524623,0.7456677043422734,0.7537885948330182,0.6173760369532428,0.7673067673067674,0.7544668151534689,0.8605175688509021,0.7636839351125065
1,0.8672297094938605,0.8003647586980921,0.8169669669669669,0.7997863247863247,0.7953346737768454,0.7235906862745098,0.6158509861212564,0.7559092794028518,0.7594760101010101,0.8771241830065359,0.8287707997852926
2,0.9129490392648286,0.7917065390749601,0.8325925925925924,0.789817554240631,0.8308126638435168,0.6977392977392977,0.6464086127547666,0.7433426704014939,0.7539930555555555,0.8943452380952381,0.8929894179894179
