,18A2,868Z11,A23,A6,NYE-S1,TCR2-T,TCR3,TCR6,TCR7,T1,FLT3DY
0,0.8555359072600451,0.7050887021475257,0.8363664215686274,0.7906884057971014,0.7706752461033634,0.7416486421533285,0.6443175121265697,0.7364727153188692,0.7991483462071697,0.9060570987654321,0.7042341220423411
