,18A2,868Z11,A23,A6,NYE-S1,TCR2-T,TCR3,TCR6,TCR7,T1,FLT3DY
0,0.8559022852639874,0.8111336032388664,0.8023838383838383,0.7991854730985165,0.7958535353535353,0.7258230452674898,0.5883274578926753,0.7574932455251604,0.7904166666666667,0.8786274509803921,0.7828282828282829
