,18A2,868Z11,A23,A6,NYE-S1,TCR2-T,TCR3,TCR6,TCR7,T1,FLT3DY
0,0.8201319921908157,0.7364554637281909,0.7970238095238095,0.7906076010651174,0.7181480833867614,0.7782512626262627,0.5817368053940944,0.7653418803418802,0.6939757733073763,0.8486467236467238,0.7558608058608058
1,0.8399381038647342,0.7868846463316509,0.8284590853084004,0.7758242999096657,0.7684876543209876,0.7204285222861074,0.6278554778554778,0.7371541501976285,0.7551566377171216,0.8048105576841209,0.7322395833333334
2,0.8036053130929792,0.7587491337491338,0.8393114821686251,0.7803186126235128,0.7948853615520282,0.7179668077672511,0.70812324929972,0.79734126984127,0.8602131543308014,0.7822222222222223,0.7651014109347442
