,18A2,868Z11,A23,A6,NYE-S1,TCR2-T,TCR3,TCR6,TCR7,T1,FLT3DY
0,0.8294722827402566,0.7577200577200577,0.8326777389277389,0.8206235945338176,0.7631138392857143,0.6742328042328043,0.7328268439379552,0.770682814422094,0.8006485149342293,0.882943469785575,0.7756270599407854
