,18A2,868Z11,A23,A6,NYE-S1,TCR2-T,TCR3,TCR6,TCR7,T1,FLT3DY
0,0.8356553819444444,0.700287315268981,0.8082213512504666,0.7623824533753613,0.6790008484923739,0.7515125436812183,0.6089164893718974,0.7364514086736308,0.7811201775396149,0.8425895316804408,0.7782080703767451
1,0.8983134920634921,0.7601826894279724,0.8209064327485379,0.8064021164021163,0.77624244557883,0.7604432397959183,0.6155092592592593,0.7609370053814498,0.8330721003134797,0.8173611111111111,0.746168582375479
