,18A2,868Z11,A23,A6,NYE-S1,TCR2-T,TCR3,TCR6,TCR7,T1,FLT3DY
0,0.847447232178415,0.6769547325102881,0.8082926560216211,0.7947120708748616,0.7698137125220459,0.7440010432968179,0.6196702800361337,0.7252063384138857,0.8005829903978053,0.8385342789598109,0.7022474747474746
