,18A2,868Z11,A23,A6,NYE-S1,TCR2-T,TCR3,TCR6,TCR7,T1,FLT3DY
0,0.8138320707070706,0.6902777777777778,0.8399658641753504,0.8003794320758607,0.8170245066146172,0.7861785874943771,0.6232605743303088,0.8112575852688847,0.7955154998258447,0.8718954248366013,0.8312008978675646
1,0.8488323204525475,0.6717836257309941,0.8839918946301925,0.8186507936507935,0.8236331569664902,0.7946428571428571,0.6087962962962963,0.8288191544366225,0.8171502976190476,0.9494047619047619,0.8498611111111112
