,18A2,868Z11,A23,A6,NYE-S1,TCR2-T,TCR3,TCR6,TCR7,T1,FLT3DY
0,0.8135819643172585,0.7513259310134309,0.8320093457943925,0.7467942027775459,0.7423540714238389,0.7321047008547009,0.6196379176379176,0.7237788513150832,0.7851723298014859,0.8576940035273369,0.79296875
1,0.8269267005841341,0.7669477513227512,0.8356305267204921,0.7564608854502471,0.7977417417417417,0.7243198576150522,0.6536730945821855,0.711504596032898,0.7543528775146422,0.8422222222222223,0.8209447873799726
2,0.8681985761505212,0.7564977257959714,0.83347001257449,0.7461718684628901,0.7973019670388091,0.7088806787082649,0.620666967441161,0.7328266903818687,0.7626826298701298,0.8701923076923078,0.8555775639816386
