,18A2,868Z11,A23,A6,NYE-S1,TCR2-T,TCR3,TCR6,TCR7,T1,FLT3DY
0,0.8033678033678034,0.7419651056014692,0.8101449275362319,0.7730761975244148,0.7172487251744498,0.6788556634304208,0.6344200582427729,0.7430383236834849,0.8085003373819163,0.8556510323427616,0.6621786107794104
1,0.7762175838077167,0.7330087390761548,0.8410478547854785,0.7726632319594504,0.7383722899728996,0.704227590591227,0.6527428571428572,0.7715829921712274,0.7692414321502922,0.8573902151488358,0.6875613426683241
2,0.8302143644885581,0.7562406729073397,0.8367460317460318,0.8048591479442543,0.7612259695593028,0.7020102339181286,0.6614109347442679,0.7965513784461152,0.7713194444444444,0.8594276094276094,0.7467074217074217
3,0.8343617167146578,0.8073365231259967,0.8643859649122807,0.8237797619047619,0.8330085125448029,0.6812843406593406,0.7174756335282652,0.7808019713261648,0.8194354664942901,0.8532797858099063,0.7618212783009417
4,0.8505366161616162,0.8082932692307693,0.8818996415770609,0.8214462868480726,0.8292200854700855,0.7118437118437119,0.6750040083373415,0.782843137254902,0.8052097199384022,0.8964460784313726,0.7207152496626182
