,18A2,868Z11,A23,A6,NYE-S1,TCR2-T,TCR3,TCR6,TCR7,T1,FLT3DY
0,0.8146090534979423,0.7279342723004695,0.8468975468975469,0.8065476190476191,0.6779560308972075,0.7444911297852475,0.6691878505788279,0.7570063378886909,0.7934012443816365,0.7588734567901234,0.789816425120773
