,18A2,868Z11,A23,A6,NYE-S1,TCR2-T,TCR3,TCR6,TCR7,T1,FLT3DY
0,0.8500657186620302,0.7188795853269537,0.8264137793707688,0.7590991436100131,0.7716747967479676,0.7160155774613606,0.6155594152554639,0.7855034231518121,0.7323045267489712,0.8582582582582582,0.7838461538461537
1,0.8957539682539682,0.7014161220043573,0.843864468864469,0.7489506172839505,0.8214050906358598,0.7077995642701526,0.5294349747474748,0.7088394062078271,0.780787037037037,0.8637681159420291,0.8882747543461829
