,18A2,868Z11,A23,A6,NYE-S1,TCR2-T,TCR3,TCR6,TCR7,T1,FLT3DY
0,0.8794378698224853,0.6888386123680242,0.8471604938271605,0.8195409695409696,0.7427102164210354,0.7652573529411765,0.6610625841395072,0.7596007354872603,0.8417268395716672,0.9199999999999999,0.7094599844599845
