,18A2,868Z11,A23,A6,NYE-S1,TCR2-T,TCR3,TCR6,TCR7,T1,FLT3DY
0,0.7829573934837093,0.6812407450705322,0.8206330663106364,0.7881877856823727,0.715528244400527,0.695072463768116,0.6161786786786787,0.763918411164788,0.7954926678018653,0.843591426071741,0.7959448786165613
1,0.8538888888888888,0.73578125,0.8166347381864624,0.7826834305150632,0.762733500417711,0.6718940459446788,0.6669849537037038,0.7855927508705287,0.7899316112274697,0.8405882352941177,0.8290113871635612
2,0.894320011711316,0.7381465517241379,0.836624956027941,0.8194444444444445,0.8068035426731078,0.7011111111111111,0.6934914611005693,0.8153670770633835,0.8127260981912144,0.8535954785954786,0.8292751526840245
