,18A2,868Z11,A23,A6,NYE-S1,TCR2-T,TCR3,TCR6,TCR7,T1,FLT3DY
0,0.8148604719117539,0.6883333333333334,0.7384057971014494,0.7081714924670433,0.6939510939510939,0.6572602089268756,0.6724787323852198,0.7590238459803677,0.8073869126043037,0.854875283446712,0.7548808770820156
1,0.7852627257799671,0.6818930041152264,0.8373886639676114,0.7157904065581034,0.7126689873220572,0.7039346993170081,0.6498593756837286,0.7598856209150328,0.8066732412886259,0.8278719397363465,0.7332221350078493
2,0.8167904713114754,0.7198480531813866,0.8409237726098192,0.7664557664557665,0.7756899055918663,0.7224952224952226,0.6520359073550562,0.744365763546798,0.8342643875732111,0.8246624662466248,0.7480201863354038
3,0.8448792922477133,0.7541873963515755,0.8201388888888889,0.7920906254239588,0.7762549884478052,0.734861845972957,0.6902882205513784,0.7505802707930368,0.80509009009009,0.7923529411764706,0.8049105607155144
4,0.8493542344474022,0.8357075023741691,0.8539540816326531,0.7995714722987451,0.782863916548127,0.7636601307189542,0.6717031910803537,0.7793803418803419,0.7834600926654428,0.788244766505636,0.8052005012531328
5,0.8635416666666668,0.8549519586104952,0.8816872427983539,0.8068064182194616,0.8090277777777778,0.796780303030303,0.7175925925925926,0.7496961805555555,0.7824074074074074,0.8009259259259259,0.7008796296296297
