,18A2,868Z11,A23,A6,NYE-S1,TCR2-T,TCR3,TCR6,TCR7,T1,FLT3DY
0,0.8533611981887845,0.7441575378195097,0.8362054183813443,0.742095591185581,0.7658799322198014,0.7777846415726327,0.710161026028865,0.7816347381864625,0.7695283018867926,0.8101063829787235,0.8073722052595292
