,18A2,868Z11,A23,A6,NYE-S1,TCR2-T,TCR3,TCR6,TCR7,T1,FLT3DY
0,0.8421223758320533,0.7228785103785104,0.8045647336948963,0.7947922758847129,0.6402123875287717,0.6861111111111112,0.650631550021794,0.759465811965812,0.7568719986752773,0.8517949767949767,0.7080497917596311
1,0.8927027714213068,0.805355138688472,0.8174603174603176,0.8468749999999999,0.7935394040657199,0.6708694083694082,0.6384379509379509,0.7902278320234976,0.8246162914597929,0.8801587301587301,0.8402777777777778
