,18A2,868Z11,A23,A6,NYE-S1,TCR2-T,TCR3,TCR6,TCR7,T1,FLT3DY
0,0.7819138071895425,0.6279348102877514,0.8155408070518426,0.774106562703054,0.6890873015873016,0.6673327704287457,0.6592561679492984,0.7655527984560244,0.7438849856882644,0.7738446411012783,0.7370971254355401
1,0.8574752097635393,0.6599426807760141,0.7460648148148148,0.8122471210706506,0.8038411261940673,0.7113860498475884,0.5999946555502111,0.8059698238269667,0.8363792363792365,0.8287671232876712,0.7079545454545455
