,18A2,868Z11,A23,A6,NYE-S1,TCR2-T,TCR3,TCR6,TCR7,T1,FLT3DY
0,0.8131010300241069,0.6981637717121588,0.7171338672768878,0.7528923318397003,0.715760831253789,0.6478964401294499,0.6831590519090519,0.7595331165536644,0.7900196044135438,0.8563074352548036,0.7469242599000384
1,0.8211199363881024,0.7488649117436997,0.8275854896414012,0.7710796387520525,0.7416896144767899,0.6628458498023715,0.6928261689291101,0.7927512609675796,0.7650865901916322,0.8415954415954415,0.7615641738149893
2,0.8226019430760809,0.768627836809655,0.8250319284802043,0.7681284606866002,0.7671809647736779,0.6818824404761905,0.6927487434733811,0.7830532212885153,0.7900857843137254,0.755718954248366,0.7788868723532971
3,0.8611815534892457,0.7344804318488528,0.8458552862662452,0.7803300094966762,0.7977147360126083,0.6904956427015251,0.6659510080562712,0.7879432624113475,0.8348299319727891,0.7489463601532567,0.8213087910353535
4,0.8539254331937259,0.7439583333333334,0.8324398960363872,0.7779048656499636,0.8066457352171638,0.6791914682539684,0.6619436977299881,0.811345029239766,0.817111399954125,0.7433978873239436,0.8148544266191324
5,0.8426344896933132,0.7911680911680912,0.8210007047216349,0.8361678004535148,0.8257902298850573,0.664072039072039,0.6991618151038441,0.840397509578544,0.7948232323232323,0.737121212121212,0.8091830649970184
