,18A2,868Z11,A23,A6,NYE-S1,TCR2-T,TCR3,TCR6,TCR7,T1,FLT3DY
0,0.8524130190796857,0.714625850340136,0.7946712018140589,0.7988776655443321,0.7789456919891702,0.7727411477411477,0.6261243386243386,0.7702032930107526,0.8345552297165201,0.9787878787878787,0.8189135674931128
