,18A2,868Z11,A23,A6,NYE-S1,TCR2-T,TCR3,TCR6,TCR7,T1,FLT3DY
0,0.7964285714285714,0.7119860847564832,0.8391939444571025,0.7323563218390805,0.7032723434201267,0.7037477954144621,0.6628498427672955,0.6954866121532789,0.7178980693154454,0.85289566755084,0.7204530180840664
1,0.8183935540727685,0.7761715797430083,0.9025036549707601,0.7713483207706572,0.7143527204502814,0.7066590126291619,0.6837945087945089,0.6712200031527762,0.7119444444444444,0.8612403100775193,0.7723760683760684
2,0.8480902777777778,0.7064879564879565,0.8820767195767196,0.8131986531986533,0.7219870664315109,0.7205264857881137,0.7438587053971671,0.6907142857142858,0.8164251207729468,0.8272727272727272,0.8625116713352008
