,18A2,868Z11,A23,A6,NYE-S1,TCR2-T,TCR3,TCR6,TCR7,T1,FLT3DY
0,0.7965141727558332,0.6655414094650206,0.7681352914997776,0.7691478110823523,0.6997044929629551,0.7395833333333334,0.6329550210888953,0.752893217893218,0.7935864462135128,0.8415791776027998,0.6952804567121161
1,0.8707618721323148,0.7266760431317394,0.8372436330854182,0.7831568190263843,0.7206686133572927,0.7138262322472849,0.6686169475071075,0.7777966742252458,0.796589151197202,0.8450045004500452,0.8120063832089149
2,0.9131935067662855,0.788721264367816,0.8373429232804233,0.7979841669288036,0.7544586489898991,0.7291451668386651,0.6426482873851295,0.7809791628250046,0.8290350311626907,0.817426400759734,0.807282913165266
