,18A2,868Z11,A23,A6,NYE-S1,TCR2-T,TCR3,TCR6,TCR7,T1,FLT3DY
0,0.7721849660311199,0.6753763440860215,0.7620996936786409,0.7358262652947719,0.7001253503471782,0.7563800904977375,0.6474515207510301,0.7631841327493502,0.7019354104601124,0.6486609686609687,0.7321222606689735
1,0.8298469120268428,0.7296939171939173,0.8206416920009154,0.8160983319881625,0.7422124470511567,0.7588788023570632,0.6690800518925518,0.7928639846743296,0.8172294781463023,0.8394703335879807,0.765676883780332
2,0.8685802818080942,0.7459188034188035,0.8117660984848486,0.8241514041514041,0.7681170181170182,0.7364296157059315,0.6686566277584722,0.8056680161943319,0.8079136574017785,0.8392810457516341,0.7744279529993815
3,0.8791094911377929,0.7715992647058822,0.8632882882882882,0.8260714285714287,0.7821217918061533,0.7213882080610022,0.6621029411764705,0.8050526315789474,0.7880564506504356,0.8178940568475452,0.7528360528360528
4,0.9053675856307435,0.8056689342403628,0.8395480225988701,0.8291152263374485,0.8396776406035665,0.7207924836601308,0.6443237723939478,0.7906330345354734,0.8049869610259708,0.7428110328638496,0.7576312576312576
