,18A2,868Z11,A23,A6,NYE-S1,TCR2-T,TCR3,TCR6,TCR7,T1,FLT3DY
0,0.8167205815854465,0.7203355090972158,0.7495706859741947,0.774878262839024,0.7186446241017136,0.735,0.617907268170426,0.7677562247704782,0.7971739165149628,0.8428477690288715,0.7137586805555557
1,0.8540255541871922,0.7225864413364413,0.8377366255144033,0.8013484562066792,0.7962470711008723,0.7357676767676767,0.6606898937661424,0.7555281882868089,0.8212613944321262,0.8422222222222221,0.7479344729344729
2,0.8677469135802469,0.7560103963612734,0.8509048821548822,0.7792050153394691,0.7824490087006133,0.7649336502277678,0.6792863701954611,0.8119056057652548,0.7922754329004329,0.8221500721500722,0.7335375614064139
