,18A2,868Z11,A23,A6,NYE-S1,TCR2-T,TCR3,TCR6,TCR7,T1,FLT3DY
0,0.877095238095238,0.7023384353741496,0.8292284393432169,0.7467860422405876,0.733839488176223,0.6975408123675649,0.6262776575276575,0.7490514059982326,0.789364801864802,0.8492021276595745,0.7232364053016228
