,18A2,868Z11,A23,A6,NYE-S1,TCR2-T,TCR3,TCR6,TCR7,T1,FLT3DY
0,0.7918791085457753,0.6889728408153646,0.8260756742730178,0.7855748685075609,0.7364223686963799,0.7235449735449735,0.5888100395196839,0.7289682539682539,0.7726661779081135,0.8128583128583129,0.7920211161387632
1,0.8711552997267282,0.7490640910452231,0.8320778405524168,0.7756535947712418,0.7702799318044327,0.7280616819078358,0.6215909090909091,0.7343964334705074,0.826101161305652,0.8164021164021165,0.7611946532999164
