,18A2,868Z11,A23,A6,NYE-S1,TCR2-T,TCR3,TCR6,TCR7,T1,FLT3DY
0,0.8556057038199896,0.7365873015873016,0.8230204872646733,0.7947325581395349,0.7764427026849386,0.7089699074074073,0.6689390856057522,0.7626955662976247,0.7786915204678362,0.9115204678362573,0.7971409298464094
