,18A2,868Z11,A23,A6,NYE-S1,TCR2-T,TCR3,TCR6,TCR7,T1,FLT3DY
0,0.8553785720452387,0.6944083694083694,0.8177083333333334,0.7813532926519197,0.7263011831150493,0.7060769230769232,0.6502581369248036,0.7753739316239315,0.8108007197480881,0.8509751773049645,0.7393564284256263
