,18A2,868Z11,A23,A6,NYE-S1,TCR2-T,TCR3,TCR6,TCR7,T1,FLT3DY
0,0.7938218390804597,0.7346175166297119,0.8332446808510637,0.7963025867481909,0.6407390602944143,0.7003423413606479,0.6484416461620109,0.7710989678202793,0.8032721042579484,0.8452892561983472,0.793308434484905
1,0.873517126148705,0.7870523415977962,0.8492300049677098,0.8186936936936937,0.781517094017094,0.7079889807162534,0.6673245614035088,0.7752036199095023,0.8190759637188209,0.8047619047619047,0.7922008547008547
