,18A2,868Z11,A23,A6,NYE-S1,TCR2-T,TCR3,TCR6,TCR7,T1,FLT3DY
0,0.8156961981286305,0.7043582375478928,0.8282258396020882,0.7729261425167858,0.682700744821957,0.6542393002186816,0.6599178923740329,0.7506127450980392,0.7912747747747747,0.8544273504273504,0.7495173961840628
1,0.8152297747055811,0.6790593947606144,0.8378496503496504,0.8114540466392318,0.793029091923041,0.7429586874031319,0.6502861688990215,0.7846817042606515,0.7848280765666443,0.8652222222222222,0.7111665434836166
2,0.847032436162871,0.6618055555555556,0.8129910213243546,0.7619047619047619,0.8130023334197563,0.8093033509700177,0.6978565252559061,0.8059447128287708,0.7644444444444444,0.864,0.7835407239819004
3,0.8583988707400686,0.621082621082621,0.77506038647343,0.8177726337448559,0.8020512820512821,0.8016835016835017,0.7008333333333333,0.798604826546003,0.8031810035842293,0.7862654320987654,0.8421704379151188
