,18A2,868Z11,A23,A6,NYE-S1,TCR2-T,TCR3,TCR6,TCR7,T1,FLT3DY
0,0.8338504712485438,0.7410810229959166,0.8037425537425538,0.7478342899659864,0.7275660003675194,0.7319853609747228,0.6798733365400033,0.7375308641975309,0.7925261885576148,0.8621031746031745,0.7079648526077097
1,0.8617751365147198,0.7289316239316239,0.8460582010582011,0.7673032407407407,0.7687815656565656,0.7317640692640692,0.6794025650007066,0.7419601252769078,0.7677510151347361,0.8556634304207119,0.7353395061728395
2,0.8956029112636664,0.7526965562053282,0.8483695652173914,0.8310459162259716,0.8090926394213774,0.7259180790960452,0.6312267978934646,0.7498585172608941,0.7550196256038647,0.8826388888888889,0.8314311765075771
