,18A2,868Z11,A23,A6,NYE-S1,TCR2-T,TCR3,TCR6,TCR7,T1,FLT3DY
0,0.8356247175185781,0.6896864991377187,0.8263345529599398,0.8076292042657917,0.7186227061907643,0.6753267973856208,0.6811713465189723,0.7427254841047946,0.7115581304587725,0.8815476190476191,0.6982420554428668
1,0.8601851851851853,0.7673768225238814,0.831060606060606,0.8111372461170848,0.7806827880512092,0.7163333333333334,0.6799382716049381,0.7878787878787877,0.8074188739823415,0.8058449074074074,0.7810816498316498
