,18A2,868Z11,A23,A6,NYE-S1,TCR2-T,TCR3,TCR6,TCR7,T1,FLT3DY
0,0.8717427000785322,0.7018470418470418,0.8517766955266955,0.7451329706132537,0.824341181974115,0.7082566359877284,0.66209667525457,0.7528712606837606,0.8317495126705653,0.8798611111111111,0.7861467236467236
