,18A2,868Z11,A23,A6,NYE-S1,TCR2-T,TCR3,TCR6,TCR7,T1,FLT3DY
0,0.8306790123456791,0.7230363746757189,0.7753701697363669,0.8072276822276822,0.7788237577639752,0.7181582034523211,0.6376703296703297,0.7583786848072563,0.7637680072028812,0.7762172284644194,0.7884226884226885
