,18A2,868Z11,A23,A6,NYE-S1,TCR2-T,TCR3,TCR6,TCR7,T1,FLT3DY
0,0.8402952788978494,0.6868917836905641,0.8075121313923105,0.762019963225637,0.6750513136288999,0.750781386415226,0.6039450482050103,0.7609913793103448,0.775477340694732,0.8438016528925619,0.7731688659399504
1,0.8836898395721926,0.7641941391941391,0.8222059779077323,0.806984126984127,0.7607052169898431,0.7761479591836734,0.6445887445887445,0.7832429322813939,0.8542966611932129,0.8189484126984127,0.7460815047021944
