,18A2,868Z11,A23,A6,NYE-S1,TCR2-T,TCR3,TCR6,TCR7,T1,FLT3DY
0,0.8018126177024483,0.7341364775575302,0.8238389962527893,0.7794455625124231,0.7855414398064126,0.737520202020202,0.6951876625789669,0.7585361067503925,0.6969850552306692,0.8577724358974358,0.8042790542790543
1,0.8548015873015872,0.7060778727445394,0.831754130223518,0.8378338001867413,0.7883270267171195,0.7328449328449329,0.6657231280193237,0.7634920634920634,0.7665816326530613,0.8874269005847953,0.9046345811051694
