,18A2,868Z11,A23,A6,NYE-S1,TCR2-T,TCR3,TCR6,TCR7,T1,FLT3DY
0,0.8676994301994302,0.6926820728291316,0.8098921706516643,0.7706991494173755,0.7498070987654321,0.6954966329966329,0.6694654030180346,0.7698931424421621,0.8247759016051699,0.8545138888888889,0.7692684610075915
