,18A2,868Z11,A23,A6,NYE-S1,TCR2-T,TCR3,TCR6,TCR7,T1,FLT3DY
0,0.8522898075447504,0.7075196408529741,0.8141209000762776,0.7853506017791733,0.7062610229276896,0.736057918430424,0.583749302710293,0.7458590921748817,0.8067398313492063,0.8434710743801653,0.7631802721088435
1,0.8549359137594431,0.7116179805255435,0.8589139987445072,0.7797589869281044,0.7505555555555555,0.7216603081654984,0.6045883940620782,0.7518434343434343,0.8032818532818533,0.9040674603174602,0.7098765432098766
