,18A2,868Z11,A23,A6,NYE-S1,TCR2-T,TCR3,TCR6,TCR7,T1,FLT3DY
0,0.7661168213969939,0.7506005173688101,0.8208765360983102,0.778956043956044,0.7314708547266687,0.7024019929640289,0.6333774250440918,0.7415044988491316,0.7684348076177615,0.8556547619047619,0.6518489378442173
1,0.8965104560342656,0.7525711468019161,0.8390277777777778,0.770853288633461,0.8227887426900584,0.7283994215181785,0.682564778216952,0.7306922306922307,0.7958779091591591,0.9119047619047619,0.733110854404655
