,18A2,868Z11,A23,A6,NYE-S1,TCR2-T,TCR3,TCR6,TCR7,T1,FLT3DY
0,0.7945057189542483,0.7377777777777776,0.8274030719682894,0.8012716450216449,0.6846898038872862,0.6905713481564875,0.6676294516891635,0.74415770609319,0.7572647237401336,0.8822916666666666,0.7099120192989924
1,0.858003108003108,0.7482142857142858,0.852880658436214,0.8038793103448277,0.7410477990818256,0.6965020576131687,0.6335872162485067,0.7842316413744985,0.7694490586932448,0.9049295774647886,0.6838235294117648
