,18A2,868Z11,A23,A6,NYE-S1,TCR2-T,TCR3,TCR6,TCR7,T1,FLT3DY
0,0.8459805959805959,0.7137868042123362,0.8208867521367521,0.7622102379729498,0.700555724468768,0.6407312925170068,0.619880698005698,0.7832208052013003,0.7857281144781144,0.8446072446072446,0.7291419793723941
1,0.8825187969924811,0.7363748241912799,0.8148412698412698,0.7666693771344933,0.7237082761774118,0.7509493670886075,0.6789683670561413,0.8007494101244101,0.7946726162663925,0.8459645964596461,0.7392832647462279
2,0.8665721487082546,0.8193752077102027,0.8473787797459295,0.7671875,0.7443509952340902,0.7606286186931349,0.6739388772636854,0.8240398093636109,0.7794346628338724,0.8534752284752285,0.7574970131421743
