,18A2,868Z11,A23,A6,NYE-S1,TCR2-T,TCR3,TCR6,TCR7,T1,FLT3DY
0,0.8465140478668053,0.7239154245440259,0.7975141485779784,0.76770964360587,0.6780540551726992,0.7500521566786627,0.6109098575891745,0.7354067742956633,0.7733595853800458,0.8396696696696697,0.777318799005546
1,0.8931090954900478,0.7308547008547008,0.807123870281765,0.8085185185185185,0.7797292143401983,0.7547300170068029,0.621656378600823,0.7619499841722064,0.8524904214559387,0.8141865079365079,0.7451236502960641
