,18A2,868Z11,A23,A6,NYE-S1,TCR2-T,TCR3,TCR6,TCR7,T1,FLT3DY
0,0.856031148577887,0.7493906299461854,0.8542146697388633,0.7835762178434592,0.7216498082292361,0.7304834054834055,0.6010035219761664,0.7258563074352549,0.7999988362891589,0.8738738738738739,0.7861316872427984
1,0.8743531600674458,0.6815289008685235,0.886709197235513,0.804880791722897,0.8271604938271606,0.7230196703880915,0.6383477633477633,0.7640572742474916,0.8231322323334457,0.9025821596244131,0.8052126200274348
