,18A2,868Z11,A23,A6,NYE-S1,TCR2-T,TCR3,TCR6,TCR7,T1,FLT3DY
0,0.7926475464190982,0.6775533108866442,0.8286050307219662,0.7626028806584362,0.7626747967479673,0.6623204837490552,0.6173574879227054,0.7428203405017921,0.7575107042320156,0.8515219765219766,0.7614625167336011
1,0.8834194659776055,0.7147198480531815,0.8476459510357816,0.7920967741935484,0.7925895467836258,0.6306547619047619,0.6556915306915306,0.7678541666666666,0.8648872197259294,0.8545751633986928,0.7401064344460572
