,18A2,868Z11,A23,A6,NYE-S1,TCR2-T,TCR3,TCR6,TCR7,T1,FLT3DY
0,0.833370669056153,0.7156165311653115,0.8143326151636402,0.7622826372471763,0.6771020881190374,0.7551465266205457,0.608624192590037,0.7556209458045616,0.7762486637166943,0.8431955922865014,0.7740868234844139
1,0.8974007936507936,0.7137188208616781,0.8737499999999999,0.8021164021164021,0.779233409610984,0.7761479591836734,0.5890725436179981,0.7831180961663419,0.8517176071055381,0.8179563492063492,0.746168582375479
