,18A2,868Z11,A23,A6,NYE-S1,TCR2-T,TCR3,TCR6,TCR7,T1,FLT3DY
0,0.8716806429070579,0.7158576796257955,0.8257936507936509,0.7936856793999651,0.7667867494824017,0.7461443075253817,0.6344450637928899,0.7340961541849444,0.7751212522045856,0.8378250591016548,0.7168645918645918
