,18A2,868Z11,A23,A6,NYE-S1,TCR2-T,TCR3,TCR6,TCR7,T1,FLT3DY
0,0.8872097038763705,0.6883783487044357,0.8303819444444445,0.8207486044657096,0.7090787878787879,0.7239135420249972,0.6226067969234024,0.7253271901709403,0.7862359149907289,0.8136524822695036,0.8354592680828535
