,18A2,868Z11,A23,A6,NYE-S1,TCR2-T,TCR3,TCR6,TCR7,T1,FLT3DY
0,0.8403880070546736,0.6650170849534582,0.8199981336319522,0.8016427311665407,0.7491253276870337,0.7108564693556837,0.6064052287581699,0.7175688509021843,0.7936480254234004,0.8402702702702703,0.772053436759319
1,0.8874461670973299,0.7971380471380471,0.8053759578544062,0.779265873015873,0.7825641025641027,0.7247540719238833,0.7017654808959156,0.7621014135437214,0.8118965955284553,0.8185515873015873,0.7883822501747031
