,18A2,868Z11,A23,A6,NYE-S1,TCR2-T,TCR3,TCR6,TCR7,T1,FLT3DY
0,0.8112969671141416,0.7531597222222223,0.809844584286804,0.7951759487319833,0.7273974341989048,0.6528086419753086,0.6345015845461875,0.7610932857991681,0.7127184892402285,0.8546365914786967,0.7487626118408528
1,0.7907061688311687,0.7295672076570954,0.81015625,0.8018229166666666,0.7642626501514952,0.7010251976284585,0.6653045833718102,0.786175224672394,0.7601642700785023,0.849002849002849,0.8267866286299466
2,0.8393899650255583,0.7373582766439909,0.8173809523809524,0.7948727255129694,0.7923287298287299,0.7204903283850652,0.703968253968254,0.7963113275613276,0.789844982827439,0.8569023569023569,0.8159298928919182
3,0.8755749213265553,0.7217881944444443,0.8075963718820862,0.825954861111111,0.8125960061443932,0.7132962637791436,0.6698382110883617,0.8016653806584362,0.7974065598779557,0.8269047619047618,0.7580958842152872
4,0.8971874999999999,0.6904700854700856,0.8008230452674896,0.8698994252873563,0.7959511046133855,0.7535592612515689,0.6558159722222222,0.8091686091686091,0.8504941239316239,0.7995169082125604,0.7573166303558461
5,0.894310035842294,0.6791068580542264,0.8011363636363636,0.852199074074074,0.8406478578892372,0.7713564213564214,0.6247427983539094,0.8210784313725491,0.8200617283950616,0.7175925925925926,0.7901404151404151
