,18A2,868Z11,A23,A6,NYE-S1,TCR2-T,TCR3,TCR6,TCR7,T1,FLT3DY
0,0.8321811254201191,0.7076984323092551,0.8217110339506174,0.7463383838383839,0.6404666761809619,0.7397660818713451,0.6363522346657223,0.7666666666666666,0.7533244533244533,0.8410559495665879,0.7683436853002069
