,18A2,868Z11,A23,A6,NYE-S1,TCR2-T,TCR3,TCR6,TCR7,T1,FLT3DY
0,0.8768268978198056,0.6797043010752688,0.8317567567567568,0.7810125830959165,0.7430234053497943,0.6882255389718076,0.6142789039505866,0.7931366459627328,0.7908419553156395,0.7984496124031008,0.7493279569892474
