,18A2,868Z11,A23,A6,NYE-S1,TCR2-T,TCR3,TCR6,TCR7,T1,FLT3DY
0,0.7739820293666447,0.6642803970223325,0.7592314118629907,0.7367908787541713,0.7021619413811072,0.7527818770226538,0.6444381610806678,0.7586121693502013,0.7493017626613704,0.6483570750237417,0.7338523644752017
1,0.848432421096781,0.6817632850241546,0.8191052924062632,0.8148414379876243,0.7563398882871094,0.745132484262919,0.6749118695097086,0.7911973110465117,0.8135890960597215,0.8402852049910874,0.7661877394636015
2,0.8786559477283006,0.7735624882364013,0.8124763257575758,0.8258485958485958,0.7860917235917236,0.7387974931453192,0.6704416525587336,0.7940299117358615,0.7915035255989139,0.8409150326797387,0.7550607287449393
3,0.8949739873652917,0.8026209677419355,0.8596846846846846,0.8242944809255784,0.7798437118437119,0.7467301766962208,0.6620546683046683,0.7977340445982314,0.798005698005698,0.8195736434108527,0.7505463286713286
4,0.9062289871019011,0.7854905119942716,0.8369444444444444,0.8277757672887693,0.8156788793103448,0.7351666666666667,0.6379950019223376,0.7951041109157173,0.827357881136951,0.8179563492063492,0.7803803339517624
