,18A2,868Z11,A23,A6,NYE-S1,TCR2-T,TCR3,TCR6,TCR7,T1,FLT3DY
0,0.8990882166982795,0.7503279059249209,0.8051272215829178,0.7624705089315809,0.7767987194877951,0.7469020562770563,0.6442097457303182,0.7565568730786122,0.7771291866028708,0.8592592592592593,0.7742703306083588
