,18A2,868Z11,A23,A6,NYE-S1,TCR2-T,TCR3,TCR6,TCR7,T1,FLT3DY
0,0.8300925925925925,0.7388888888888889,0.7986926866237211,0.7223175260442343,0.7230473670949862,0.769978444052518,0.6585468742726808,0.7619225656364241,0.8178708264915162,0.8498960190136661,0.8463915470494418
1,0.8742458521870287,0.6548148148148148,0.8050724637681159,0.7841405508072175,0.837719298245614,0.7111291486291487,0.6745098039215686,0.7560425685425685,0.7964015151515151,0.827485380116959,0.8166343460461108
