,18A2,868Z11,A23,A6,NYE-S1,TCR2-T,TCR3,TCR6,TCR7,T1,FLT3DY
0,0.8301996927803379,0.7039512195121951,0.8143823099415205,0.796119097314088,0.6417858144098684,0.7087394165867124,0.5360467419290947,0.7790988986762067,0.7930479659987856,0.8133360633360635,0.7856070142891848
1,0.8586063890941941,0.7032288698955366,0.8460837887067395,0.8266827258762742,0.8217631182027466,0.6803984414278533,0.5585497835497835,0.8043253968253969,0.8164529914529913,0.8023809523809523,0.7738970588235294
