,18A2,868Z11,A23,A6,NYE-S1,TCR2-T,TCR3,TCR6,TCR7,T1,FLT3DY
0,0.852929187048684,0.7222354497354497,0.8015752032520326,0.8129805571311527,0.6696566358024691,0.7460497835497835,0.6642472753583865,0.7693790849673202,0.7657453657453658,0.8118908382066277,0.7775372775372776
