,18A2,868Z11,A23,A6,NYE-S1,TCR2-T,TCR3,TCR6,TCR7,T1,FLT3DY
0,0.823199641949642,0.7402440033085195,0.7976526714102077,0.7959943919169449,0.6877293574795887,0.6427601809954752,0.6256560203928626,0.7435766033707009,0.6499444615040507,0.8543978995106816,0.7566989137520262
1,0.8396694251177174,0.7483619416758952,0.8046354166666667,0.8050468050468051,0.7744457042076088,0.7164886047450137,0.6492658405954975,0.7557475799663299,0.7041666666666666,0.8608971066598187,0.773355629877369
2,0.8530973568515282,0.7413213770356628,0.8295368713973366,0.8109848484848484,0.8160714285714286,0.7516084583753756,0.6351332085895036,0.7625157232704401,0.8086013645224172,0.8752723311546841,0.7996613511659808
3,0.8672798216276477,0.7692204301075268,0.8495370370370371,0.7904957264957265,0.8287439613526572,0.7361946672608437,0.6267059178743962,0.7630772427406368,0.8117924528301886,0.8616279069767442,0.8578208556149732
4,0.8520955165692007,0.7913933430515062,0.8419830488796006,0.8025999121651296,0.8387070105820106,0.750437675070028,0.6515630690203745,0.7693758573388202,0.8555456171735242,0.8286384976525821,0.8507115489874111
