,18A2,868Z11,A23,A6,NYE-S1,TCR2-T,TCR3,TCR6,TCR7,T1,FLT3DY
0,0.875849563806046,0.6519841269841269,0.8232494474583082,0.754593274942112,0.7417695473251028,0.7167784922188053,0.6441297152183529,0.7412338540609995,0.7898594866796621,0.8808510638297872,0.7670800513937769
