,18A2,868Z11,A23,A6,NYE-S1,TCR2-T,TCR3,TCR6,TCR7,T1,FLT3DY
0,0.8391318920730685,0.7332225387780943,0.8105703819989535,0.7617113095238096,0.7697139665889665,0.7011227255129695,0.660433201058201,0.7832994284607188,0.8277336860670195,0.8849747474747475,0.7776442307692308
1,0.8654704944178628,0.72241512345679,0.8536501377410469,0.7746031746031745,0.8224673202614379,0.7334552420759318,0.6479414682539683,0.7820555555555556,0.7911270645645646,0.9586688137412774,0.8021060275962236
