,18A2,868Z11,A23,A6,NYE-S1,TCR2-T,TCR3,TCR6,TCR7,T1,FLT3DY
0,0.8154922385620914,0.7432277318640955,0.824205043859649,0.7651370733478576,0.7534957627118644,0.7853267973856207,0.6839735894357742,0.7172512374125276,0.792651039744063,0.8407407407407407,0.8168275515334339
1,0.8186853351327036,0.8233408748114631,0.821236559139785,0.7689393939393939,0.8160225442834138,0.7457980615875353,0.6656944444444445,0.7836257309941521,0.8329048247747434,0.9095300834431269,0.8463648834019204
