,18A2,868Z11,A23,A6,NYE-S1,TCR2-T,TCR3,TCR6,TCR7,T1,FLT3DY
0,0.8106449106449106,0.6981092436974791,0.8958333333333334,0.7858188807028782,0.7685736800630418,0.6946803652968038,0.6613690102062195,0.7280350676577093,0.8207439896036387,0.8411347517730497,0.7309294871794872
