,18A2,868Z11,A23,A6,NYE-S1,TCR2-T,TCR3,TCR6,TCR7,T1,FLT3DY
0,0.8685962185962186,0.7842751141552512,0.8240972222222224,0.7720764677651576,0.7556698620528408,0.7323271413828688,0.5505701754385964,0.7432643427741468,0.8165665064102564,0.7578125,0.8465111642743222
