,18A2,868Z11,A23,A6,NYE-S1,TCR2-T,TCR3,TCR6,TCR7,T1,FLT3DY
0,0.8386886760752689,0.698051948051948,0.818181818181818,0.7946530587036409,0.6948583743842365,0.7470238095238094,0.6138938580799046,0.7485697079193013,0.7453771786492375,0.8393693693693693,0.731657848324515
1,0.890274466654441,0.7103305785123967,0.8725282485875706,0.8109903381642513,0.7833049886621315,0.773452909270217,0.6646068376068376,0.7670634920634921,0.7968754640767471,0.8154761904761906,0.7269162210338681
