,18A2,868Z11,A23,A6,NYE-S1,TCR2-T,TCR3,TCR6,TCR7,T1,FLT3DY
0,0.7709619341563786,0.7862420501309391,0.833664021164021,0.7851312851312852,0.7555,0.6566630617639991,0.6375000000000001,0.7347991577583416,0.7420020964360586,0.8629916183107672,0.7564393140768852
