,18A2,868Z11,A23,A6,NYE-S1,TCR2-T,TCR3,TCR6,TCR7,T1,FLT3DY
0,0.8412690904886534,0.7013826055208979,0.8137785985431415,0.7661916231767698,0.679593241033919,0.7502347050539822,0.6099586951104978,0.7571929273906676,0.7737858428395512,0.8431955922865013,0.7781411359724612
1,0.8936788617886179,0.7576429980276135,0.8723611111111111,0.8272481762065095,0.782198703279939,0.7757227891156463,0.5847460620187892,0.7798118014464168,0.8488672330501417,0.8173611111111111,0.7476053639846744
