,18A2,868Z11,A23,A6,NYE-S1,TCR2-T,TCR3,TCR6,TCR7,T1,FLT3DY
0,0.7902275219298246,0.7532084544070846,0.7979100529100528,0.8488484848484849,0.7839439175844706,0.7879385964912281,0.6400765564061822,0.7812038513792902,0.7305259146341463,0.8279027902790279,0.7978071311404644
1,0.9007676092749474,0.7330623306233063,0.7542087542087542,0.8605072463768116,0.8443323996265173,0.6758623321123322,0.6542735042735043,0.797294061302682,0.7914186507936508,0.8440476190476192,0.8002279202279202
