,18A2,868Z11,A23,A6,NYE-S1,TCR2-T,TCR3,TCR6,TCR7,T1,FLT3DY
0,0.8423232323232323,0.7794269222840651,0.8260767790262172,0.8176656689771056,0.7665103672048117,0.7589471136082763,0.5981763640143752,0.7748695096895997,0.7398030445699938,0.8548076923076923,0.6958135572593404
1,0.8626262626262626,0.7319819819819818,0.910300925925926,0.8723544973544973,0.7592830009496675,0.7390292553191489,0.6380347593582888,0.7432523616734144,0.8599910394265232,0.827485380116959,0.874286341677646
