,18A2,868Z11,A23,A6,NYE-S1,TCR2-T,TCR3,TCR6,TCR7,T1,FLT3DY
0,0.83110137784653,0.7456427915518825,0.8343510536398467,0.7649379051784738,0.7271850944376382,0.668570750237417,0.6479094983220764,0.6911684411684411,0.6846464646464646,0.8554720133667502,0.6170646476412347
1,0.8508816571302816,0.7366255144032922,0.8276041666666667,0.8075687834815622,0.7743205220306514,0.7033596837944663,0.6788111888111888,0.7242439516129032,0.8067636629119733,0.8654613193074732,0.6835815047021944
2,0.868556631692225,0.7391466558133225,0.8506909430438842,0.8206784289014913,0.8012003968253968,0.7171988412589917,0.7068633191821597,0.7378306878306878,0.842140921409214,0.8956971677559912,0.7897316821465429
3,0.8597363328495403,0.7587708587708587,0.8392923501619154,0.7909765672923568,0.7967863894139886,0.712741693899782,0.69784893469104,0.7396298185218241,0.8489772727272727,0.8941770647653001,0.8054029304029303
4,0.8721377912867275,0.7219400096758588,0.8273186409550046,0.8161290322580644,0.8298611111111112,0.6876524194583494,0.6994676776960785,0.7550075585789872,0.8355943152454781,0.8816425120772946,0.8139069264069265
5,0.848211848211848,0.7485185185185185,0.8008996212121211,0.8394318181818181,0.8192110177404296,0.731368563685637,0.670138888888889,0.786576354679803,0.8338383838383838,0.82826278659612,0.8072868217054264
