,18A2,868Z11,A23,A6,NYE-S1,TCR2-T,TCR3,TCR6,TCR7,T1,FLT3DY
0,0.8227427966001374,0.739722911497105,0.813956736909323,0.7013461976320583,0.7233373078961315,0.7519520840972986,0.6717551981806368,0.7435789049919485,0.779351017684351,0.8373134328358208,0.6947955996044589
1,0.8403326403326403,0.7509947964493419,0.8373638344226579,0.7314446409273995,0.7234365513054036,0.739376978177578,0.6381132075471699,0.744366763098682,0.8080288249559083,0.8021708683473389,0.7043023940345369
2,0.8673459929021664,0.7419258373205743,0.8427738927738928,0.7639968479117415,0.7698861524948483,0.7415757575757574,0.6665133477633477,0.7584822584822586,0.8031032229965156,0.8040701128936423,0.7079068060906256
3,0.8808304181242712,0.75768722882475,0.852878096028781,0.7884973213920583,0.8266709649688373,0.7126138433515483,0.6517656320287899,0.7721296296296295,0.800399308659634,0.7662835249042145,0.6757354209799861
4,0.9037487901124265,0.7609059496814599,0.8384418901660281,0.8183001893939394,0.8376461988304094,0.7276785714285715,0.682410037878788,0.761896511896512,0.8246438746438747,0.7404636150234741,0.6991368227731863
