,18A2,868Z11,A23,A6,NYE-S1,TCR2-T,TCR3,TCR6,TCR7,T1,FLT3DY
0,0.7664707543506654,0.7590157558940077,0.8273756043297823,0.7834941160372194,0.739816717709005,0.7186695906432748,0.6549014888974458,0.7875532766491421,0.7718055555555555,0.843153980752406,0.7866055592506372
1,0.840483757062147,0.7524596615505708,0.8429092567259463,0.8158594022027966,0.7725536628217861,0.7211082430957777,0.6678368468213544,0.8016307435254802,0.7944552110249784,0.8106796116504854,0.8362167444293048
2,0.8640782828282828,0.7678687459389213,0.8303571428571428,0.8298180314309347,0.8181279294182521,0.7189757481940146,0.6577041785375118,0.8149092970521542,0.8239750445632797,0.7443741209563995,0.8108544461003477
