,18A2,868Z11,A23,A6,NYE-S1,TCR2-T,TCR3,TCR6,TCR7,T1,FLT3DY
0,0.8530654369784804,0.7570632798573974,0.8239583333333332,0.7674657265961615,0.7577777777777777,0.7284142320374204,0.6282100206518811,0.7646464646464647,0.774935494275117,0.8596855653307266,0.8672556996355624
