,18A2,868Z11,A23,A6,NYE-S1,TCR2-T,TCR3,TCR6,TCR7,T1,FLT3DY
0,0.8417521367521368,0.69625,0.8377777777777777,0.783459595959596,0.7738675213675213,0.792977392977393,0.6726190476190476,0.7293183940242765,0.7108202171315776,0.8163841807909605,0.814236111111111
