,18A2,868Z11,A23,A6,NYE-S1,TCR2-T,TCR3,TCR6,TCR7,T1,FLT3DY
0,0.8849392361111111,0.7557870370370371,0.7748971193415638,0.7118294051627384,0.81244572421043,0.7342605657461533,0.6395833333333333,0.7641098484848485,0.8118736383442267,0.9483024691358025,0.7566137566137566
