,18A2,868Z11,A23,A6,NYE-S1,TCR2-T,TCR3,TCR6,TCR7,T1,FLT3DY
0,0.8552295918367347,0.7207159624413144,0.8075980392156863,0.8152295310831897,0.6715856481481483,0.7327850624952074,0.6010713541201347,0.7354564160119715,0.7818852687273741,0.8439716312056738,0.805992673992674
