,18A2,868Z11,A23,A6,NYE-S1,TCR2-T,TCR3,TCR6,TCR7,T1,FLT3DY
0,0.7992938434114905,0.676931216931217,0.7858157467532467,0.8167200459883386,0.7697099673202614,0.7347605708950247,0.6922457953669703,0.7419858156028369,0.7824355225671016,0.8434767025089607,0.7307239057239059
