,18A2,868Z11,A23,A6,NYE-S1,TCR2-T,TCR3,TCR6,TCR7,T1,FLT3DY
0,0.8016016762554159,0.6983838383838382,0.8185640732265448,0.7385804578787035,0.7160008012886477,0.7515887380593264,0.6452834293841075,0.7368152144717327,0.7581970649895178,0.8558897243107769,0.6282706702042754
1,0.7890143557422968,0.7254751005687335,0.8523102310231022,0.7906534695615154,0.7345465923772609,0.7173295454545454,0.6421114742193174,0.7616053136658687,0.7911293788953363,0.8389655928117467,0.636395113600996
2,0.7897577996715928,0.7154916512059369,0.8268750600211274,0.8176206509539843,0.7846003898635479,0.7133009633009634,0.640739289446186,0.7751916829109812,0.773948760790866,0.8477047704770477,0.6681230820866896
3,0.8449080793420416,0.794739819004525,0.866923076923077,0.8220618887285553,0.7717076244486453,0.7113219481340923,0.6591183574879226,0.7917718855218855,0.7731244671781757,0.8172911283376401,0.8336052836052836
4,0.8659345391903531,0.8189542483660132,0.8575800376647834,0.8146433470507545,0.7808577808577808,0.7294251033746831,0.6546235380116959,0.8249512670565302,0.7976406533575316,0.8193773483628556,0.8386644219977554
5,0.8682126696832578,0.7573099415204677,0.8686594202898551,0.8126903960237294,0.7785027472527473,0.735954135954136,0.6557109557109557,0.8427750410509032,0.7952290764790764,0.831275720164609,0.8432133838383838
