,18A2,868Z11,A23,A6,NYE-S1,TCR2-T,TCR3,TCR6,TCR7,T1,FLT3DY
0,0.7864537072283552,0.7286046079524341,0.7497997329773031,0.7723915050784856,0.7607353730542137,0.6673675141133958,0.6504216770883438,0.7210951182539332,0.7849030414370279,0.85546875,0.7925792657488527
1,0.7970674650531443,0.7179260133805588,0.8516571969696969,0.8109292328042329,0.812462542225128,0.6871663545210157,0.7163382594417079,0.7480979748221128,0.7912936815553095,0.8556634304207119,0.8390669515669514
2,0.8592803030303031,0.7967592592592592,0.8249378109452735,0.8168595679012345,0.7984235218696273,0.7177495291902071,0.7011924455472843,0.76247594997595,0.7576817122271668,0.8333333333333334,0.8248139287612971
