,18A2,868Z11,A23,A6,NYE-S1,TCR2-T,TCR3,TCR6,TCR7,T1,FLT3DY
0,0.8150077160493828,0.7288346257493262,0.8178994648318043,0.7734225915666358,0.6921361227988156,0.7297270955165692,0.6432832214082215,0.7531890597147951,0.8053832990232208,0.8112646901709403,0.6767620394141213
1,0.8221147471194579,0.7640603566529492,0.8551697530864196,0.7720959595959597,0.7620799089570537,0.710887363335876,0.6892353770260747,0.7661178107606679,0.7507729127432518,0.8118055555555556,0.8571669558511664
2,0.8754304407713498,0.7896825396825397,0.8307971014492755,0.7400490473495567,0.8087242221183315,0.7311215196461097,0.690834312573443,0.7484722222222221,0.8158792162698413,0.8091596343178621,0.8614820521600182
