,18A2,868Z11,A23,A6,NYE-S1,TCR2-T,TCR3,TCR6,TCR7,T1,FLT3DY
0,0.8320326049254249,0.674171686746988,0.830278326745718,0.7934318097361576,0.7019988909054246,0.7595845004668534,0.627878450230667,0.7552548274770498,0.8265571929254794,0.8390690690690691,0.7624607843137255
1,0.8898550724637682,0.7408885663602645,0.8697898525484732,0.8042474607571561,0.8306192358366271,0.7680250305250306,0.6065385831752056,0.7704046639231824,0.7866379310344828,0.8500150966183574,0.7196671907756814
