,18A2,868Z11,A23,A6,NYE-S1,TCR2-T,TCR3,TCR6,TCR7,T1,FLT3DY
0,0.8050573531929462,0.7343671497584542,0.8174548250672818,0.7706943268972123,0.7785585585585585,0.7257094757094756,0.6861916264090177,0.7035823008363055,0.7845797720797721,0.8712418300653595,0.7523486024844721
1,0.829351395730706,0.6651126651126651,0.8506172839506171,0.8437179487179488,0.7800193236714975,0.7652314814814815,0.6899305555555554,0.6785714285714287,0.7966931216931217,0.9276895943562611,0.8243701550387597
