,18A2,868Z11,A23,A6,NYE-S1,TCR2-T,TCR3,TCR6,TCR7,T1,FLT3DY
0,0.8548444444444444,0.6760168650793651,0.8244378306878307,0.7705402972160837,0.74500407000407,0.6968647875816995,0.6720339387006055,0.7970345596432553,0.771546378968254,0.6705426356589147,0.7571548821548822
