,18A2,868Z11,A23,A6,NYE-S1,TCR2-T,TCR3,TCR6,TCR7,T1,FLT3DY
0,0.7768349335250743,0.6859568561459551,0.8156517094017094,0.7534236153377968,0.7078730448295666,0.743923611111111,0.6217552887364208,0.7580145036259065,0.7508364456893869,0.8139105902777777,0.6546911373461922
1,0.8553845101258895,0.725029515938607,0.8059161595672751,0.7397530864197531,0.7528863740283493,0.771998250777104,0.6406505531505532,0.7594179894179894,0.8055524983491086,0.8148475041678925,0.7729544118433007
2,0.8906381600259152,0.7602513227513228,0.7894219977553311,0.8019079685746352,0.7981216708718811,0.7584262880873051,0.6448305448305449,0.745679012345679,0.808268964151317,0.8164767331433999,0.8145061728395063
