,18A2,868Z11,A23,A6,NYE-S1,TCR2-T,TCR3,TCR6,TCR7,T1,FLT3DY
0,0.831994851994852,0.6455514971139972,0.8238181122588402,0.7420229325386,0.714976757797878,0.7478298611111112,0.5572154787841063,0.7039396835510248,0.7181236557789995,0.8640380952380952,0.8138065979079805
1,0.8015399610136452,0.7356150793650794,0.8277678393957464,0.7522496882962,0.7745294211960879,0.7683385954062646,0.6124800984223477,0.8011764625036938,0.7383539708820123,0.8736248624862487,0.7625385802469135
2,0.8553679653679653,0.8050179211469534,0.8024793388429753,0.7612017612017611,0.8034390415785765,0.7686400201106083,0.6060474992135892,0.8104600581914557,0.7564808021521156,0.8473304473304474,0.7338497150997151
