,18A2,868Z11,A23,A6,NYE-S1,TCR2-T,TCR3,TCR6,TCR7,T1,FLT3DY
0,0.8326220425277029,0.7141666666666667,0.8188496656378601,0.7592711301044633,0.6529010101010101,0.7341278921942539,0.6266142990280922,0.728114478114478,0.7527139527139527,0.842080378250591,0.7748033126293996
