,18A2,868Z11,A23,A6,NYE-S1,TCR2-T,TCR3,TCR6,TCR7,T1,FLT3DY
0,0.8125611047743196,0.7391359674238087,0.8276233035418737,0.7702835666256406,0.7042710523987449,0.7443576388888888,0.6511363636363635,0.7530631819591385,0.7283375420875421,0.8531105990783411,0.7053345959595959
1,0.8098224702803266,0.7272897897897899,0.8205316742081448,0.7915088383838383,0.7554627911770769,0.732255475289531,0.6877665998561003,0.7528711484593839,0.7493959679901508,0.8618088260945406,0.8210059171597633
2,0.8838288365698572,0.7065627030539311,0.8222853535353535,0.8034849883880355,0.818944943944944,0.7028170242455957,0.6553834746355521,0.7827898550724637,0.782705745341615,0.8866366366366366,0.8520230314347961
3,0.9047619047619048,0.6698717948717948,0.8275129342202514,0.839506172839506,0.833123319892473,0.7336279461279461,0.5889855072463769,0.7995915032679738,0.7565516920355629,0.8653846153846154,0.8716085271317828
