,18A2,868Z11,A23,A6,NYE-S1,TCR2-T,TCR3,TCR6,TCR7,T1,FLT3DY
0,0.8197222222222221,0.7342086834733895,0.8266460905349794,0.7965546942291128,0.7700557150669948,0.7147065897065897,0.6474279835390946,0.785730384107666,0.751611669057867,0.8484781323877068,0.8334506556245685
