,18A2,868Z11,A23,A6,NYE-S1,TCR2-T,TCR3,TCR6,TCR7,T1,FLT3DY
0,0.7839714714714715,0.6752853598014888,0.7626009468114731,0.7375990684093437,0.7017112435036127,0.7558679611650486,0.6475683382184275,0.7104148696568909,0.7517740400529626,0.6478632478632479,0.7308727412533642
1,0.8492148374501315,0.7299020424020424,0.8229789807459711,0.8154803941350551,0.7412023460410557,0.7436612501829893,0.6682291666666668,0.7554031696273076,0.8089477951663638,0.8397249809014515,0.7643917624521074
2,0.8696368981407914,0.7463461538461539,0.8143229166666667,0.8274908424908425,0.7637238887238887,0.7184545454545453,0.6683862433862434,0.758181216931217,0.7884640651688346,0.8402614379084968,0.7736192379049522
3,0.8825950133139675,0.7829218106995884,0.8363748363748363,0.8315376984126984,0.7698015873015874,0.7311921296296297,0.660406954156954,0.7779947916666666,0.7960456531885103,0.81828165374677,0.7488468588232925
4,0.8879254777202504,0.7899691358024693,0.8389830508474576,0.8407177363699102,0.8235449735449736,0.7195,0.6425786688944584,0.7897206959706958,0.8194121447028424,0.8120039682539683,0.7554945054945055
