,18A2,868Z11,A23,A6,NYE-S1,TCR2-T,TCR3,TCR6,TCR7,T1,FLT3DY
0,0.7697995478315844,0.6910002445585718,0.8146918113039608,0.7561853237604073,0.7792737154150197,0.6595789473684212,0.6314195413252017,0.7720215768227772,0.7499221910986617,0.8433727034120735,0.7037468129919077
1,0.8682676518883415,0.7246601031411158,0.8147443291041907,0.7455493183640738,0.823762173435376,0.6982992522003838,0.6605098605098605,0.8009648303765952,0.8426490514905148,0.8504159239453357,0.7418486862931308
2,0.8805879494655003,0.7203541260558805,0.8178718400940624,0.7659910796274433,0.8019906087056722,0.7250726396704549,0.6758457591790924,0.8085725643865178,0.8305830915538363,0.8232905982905984,0.7482594304628202
