,18A2,868Z11,A23,A6,NYE-S1,TCR2-T,TCR3,TCR6,TCR7,T1,FLT3DY
0,0.794551114594218,0.7094232355367032,0.8280856099192263,0.8110245708589394,0.7626866964158365,0.690981240981241,0.6284707540521495,0.779759051545074,0.7847486161045483,0.8254670599803343,0.7450485560950678
1,0.8824350252921681,0.6901080945198591,0.8556005398110661,0.801299283154122,0.8250956632653063,0.7598137973137972,0.6510179434092477,0.8045465337132004,0.79968671679198,0.7511574074074074,0.7654088050314466
