,18A2,868Z11,A23,A6,NYE-S1,TCR2-T,TCR3,TCR6,TCR7,T1,FLT3DY
0,0.8440227703984818,0.7374393624393624,0.8059259259259259,0.8061233638156716,0.7488095238095238,0.8143939393939394,0.6216343327454439,0.8084033613445379,0.8164021164021165,0.9060606060606059,0.8253533138401559
