,18A2,868Z11,A23,A6,NYE-S1,TCR2-T,TCR3,TCR6,TCR7,T1,FLT3DY
0,0.7991722783389449,0.8251937984496124,0.8135912698412698,0.735581622678397,0.8071431412321521,0.7358024691358024,0.65051775147929,0.7203065134099617,0.7481481481481481,0.8225378787878789,0.8446712018140591
