,18A2,868Z11,A23,A6,NYE-S1,TCR2-T,TCR3,TCR6,TCR7,T1,FLT3DY
0,0.8349514159262587,0.7094281086126898,0.8081918724279835,0.7637784090909091,0.6427263212977499,0.7372425629290618,0.624957469785056,0.7593517406962785,0.7567543567543568,0.8414499605988969,0.7727743271221531
