,18A2,868Z11,A23,A6,NYE-S1,TCR2-T,TCR3,TCR6,TCR7,T1,FLT3DY
0,0.8553479922715054,0.7092450506772757,0.8110842162952138,0.7668467078189302,0.7809912975270561,0.7710526315789474,0.6445443908146848,0.7668829035096087,0.793629476584022,0.924778761061947,0.7162273901808786
1,0.8863063744016125,0.7289550072568941,0.7887281910009184,0.8127741228070176,0.849555206698064,0.7068713450292398,0.6141366803131508,0.7781666666666666,0.8160012030979774,0.9272300469483569,0.7034920634920635
