,18A2,868Z11,A23,A6,NYE-S1,TCR2-T,TCR3,TCR6,TCR7,T1,FLT3DY
0,0.8383595153460993,0.7198198198198198,0.9289855072463769,0.8197101449275364,0.7897509578544061,0.7377322880371661,0.6571825396825397,0.7244814814814814,0.7753869047619046,0.9766081871345028,0.7794973544973546
