,18A2,868Z11,A23,A6,NYE-S1,TCR2-T,TCR3,TCR6,TCR7,T1,FLT3DY
0,0.8154091791557164,0.7215260545905707,0.8202898550724638,0.7766655815972223,0.7072960284227889,0.7713830802423036,0.6217428522513267,0.7295988041632834,0.8061604033826256,0.8550543024227234,0.7666557061188701
1,0.8308915043290043,0.7377882358942965,0.8287976855938021,0.7831997892926076,0.7908619588186152,0.7598148148148148,0.665880683996626,0.7710708314333484,0.7830075068466354,0.8273069679849341,0.7568681318681318
2,0.830317360235393,0.7372870582252733,0.8186789772727273,0.7935735937189424,0.820301757066463,0.7293131739334271,0.635844017094017,0.7683979378894633,0.7721296296296297,0.8279027902790279,0.7817583239805463
3,0.8699209287444583,0.778525641025641,0.8436936936936937,0.7929579239103047,0.8370943477326457,0.7606673351158646,0.6607978497118768,0.7740339191232048,0.7755844401252565,0.7972549019607843,0.8066162693028365
4,0.8779289493575207,0.7915032679738562,0.8375862068965517,0.7869621807915818,0.8303461356092936,0.802741493307531,0.6690603956228957,0.7639126305792971,0.8306445446899611,0.7936124530327429,0.8019217330538085
