,18A2,868Z11,A23,A6,NYE-S1,TCR2-T,TCR3,TCR6,TCR7,T1,FLT3DY
0,0.83420601291364,0.7149439102564102,0.8322467876039304,0.7545502645502645,0.7273654221022642,0.6701481249674021,0.6615435430370495,0.7330741659773917,0.7786680165712424,0.8136904761904762,0.7643151087595532
1,0.8866161616161617,0.8173076923076922,0.800537634408602,0.7605820105820106,0.8020740740740742,0.7398921832884099,0.6288625384277557,0.7400764299802761,0.8182810910083638,0.806423611111111,0.7764719848053181
