,18A2,868Z11,A23,A6,NYE-S1,TCR2-T,TCR3,TCR6,TCR7,T1,FLT3DY
0,0.8235712659380692,0.715878295146588,0.8238132308341037,0.7671559392987964,0.703874773428308,0.7058472320100228,0.5829232402180731,0.7460004177109439,0.7383909351122466,0.8530934343434343,0.8015699467339501
1,0.8668894830659536,0.6674669867947179,0.8507638888888889,0.7858660130718954,0.7721870286576169,0.7382305194805195,0.6398589065255731,0.7285575048732943,0.7557336182336183,0.8160052910052911,0.8793572984749455
