,18A2,868Z11,A23,A6,NYE-S1,TCR2-T,TCR3,TCR6,TCR7,T1,FLT3DY
0,0.8535714285714286,0.7066967226613966,0.8018077601410935,0.7788420604512559,0.6807305390865174,0.7106481481481483,0.6128529713772302,0.749819950254297,0.7721002652268636,0.8490940170940172,0.8396267361111112
1,0.8476497156239545,0.7267592592592592,0.7965732769103555,0.801152518978606,0.7535456340280903,0.7019475772765246,0.6670567375886526,0.7628557744937056,0.7796149323927102,0.867979797979798,0.8484884457106681
2,0.8547284438588786,0.7373316498316497,0.8160714285714286,0.8488869231903285,0.7905788177339902,0.7128732849071833,0.6893741248579958,0.8032476493052213,0.7810778914240756,0.8134083450539147,0.883542413381123
