,18A2,868Z11,A23,A6,NYE-S1,TCR2-T,TCR3,TCR6,TCR7,T1,FLT3DY
0,0.782183190215977,0.6893761140819965,0.811476393819348,0.7499554507337526,0.7711069568274055,0.7524028372366321,0.6647322323038612,0.7399014778325124,0.7834963701242771,0.88125,0.7056561085972851
1,0.8927536231884057,0.7316704459561603,0.8115740740740741,0.8137904594994249,0.8079561042524005,0.7162518037518039,0.6662962962962963,0.7546937519236687,0.7713734567901235,0.903755868544601,0.7926065162907268
