,18A2,868Z11,A23,A6,NYE-S1,TCR2-T,TCR3,TCR6,TCR7,T1,FLT3DY
0,0.8225937838320773,0.7125971387574763,0.8301645444502587,0.7823013710916041,0.7581645447530865,0.711905733325562,0.6497304582210243,0.7672713529856386,0.7080826028587223,0.8679153924566769,0.7130174750023363
1,0.8485440687903067,0.6928973717146434,0.868975468975469,0.7703086419753088,0.7857592592592594,0.7455929487179488,0.6877182539682539,0.7743421052631579,0.7894444444444444,0.948356807511737,0.7642272079772079
