,18A2,868Z11,A23,A6,NYE-S1,TCR2-T,TCR3,TCR6,TCR7,T1,FLT3DY
0,0.8097703274579892,0.8170436761986059,0.8210870726495726,0.7537364341085272,0.7504797979797981,0.689517973856209,0.6615065586419754,0.7314567241037829,0.7701578192252511,0.872437275985663,0.7597392543044718
