,18A2,868Z11,A23,A6,NYE-S1,TCR2-T,TCR3,TCR6,TCR7,T1,FLT3DY
0,0.771106728029805,0.6650909842845327,0.7614035087719296,0.7367966722284018,0.7028577062294897,0.7553346278317151,0.6434478675502314,0.7627330888200453,0.7258789170252676,0.6488509021842356,0.7295271049596309
1,0.8268935024990389,0.6772041062801932,0.8201676963812886,0.8149213075060532,0.7577174272486772,0.7444810423071293,0.6749156805579375,0.7952777777777778,0.8115829162193088,0.8408454290807232,0.7635935504469987
2,0.8719135802469135,0.7697510822510822,0.8129971590909091,0.8258241758241759,0.7495355395963915,0.718070707070707,0.6691704535329235,0.80803895632327,0.7863971945367294,0.8415686274509805,0.757557354925776
3,0.8765797577011329,0.8355631141345427,0.8632882882882882,0.8313492063492064,0.7505592185592186,0.7181202342047931,0.6695903784219001,0.8211751132009754,0.7986039886039885,0.8208656330749354,0.744153282614821
4,0.8778297682709448,0.7814625850340136,0.8372881355932204,0.8295153498519557,0.8075950063245889,0.7199166666666666,0.6454264464406453,0.793099647266314,0.8184431524547805,0.8199404761904762,0.7816558441558441
