,18A2,868Z11,A23,A6,NYE-S1,TCR2-T,TCR3,TCR6,TCR7,T1,FLT3DY
0,0.7824944305207463,0.6950281963168562,0.7680351579884289,0.7564083774748934,0.7002138675486522,0.7417534722222222,0.6264237663876466,0.754076479076479,0.7938313941620739,0.8433727034120735,0.6944144219044452
1,0.8688013136288998,0.7075394181656675,0.8358688302907371,0.7913738755575489,0.7132117661879568,0.7176274018379282,0.6658663291958486,0.7782375913328295,0.7931505582458973,0.8456645664566458,0.7962090230444661
2,0.9164772727272726,0.7440438034188034,0.833746693121693,0.8025481493223428,0.7666073786617081,0.7298546611627107,0.6419695071010861,0.781455528920032,0.8267139479905437,0.8188509021842355,0.7829785954785954
