,18A2,868Z11,A23,A6,NYE-S1,TCR2-T,TCR3,TCR6,TCR7,T1,FLT3DY
0,0.8532158119658121,0.6925722425722425,0.8131239935587762,0.7978710807994696,0.783359576873385,0.6860576923076923,0.5660436429667199,0.7841950113378685,0.7851107226107227,0.900749063670412,0.7749208502939847
