,18A2,868Z11,A23,A6,NYE-S1,TCR2-T,TCR3,TCR6,TCR7,T1,FLT3DY
0,0.8348039215686275,0.7010658914728682,0.8099479166666667,0.7730507587650445,0.7704432650253082,0.7012045925089403,0.6725048815822626,0.7197017268445841,0.8036509183406277,0.8601694915254238,0.7841975308641976
1,0.9071079590228526,0.7606063930948723,0.8136978761978763,0.7644500561167228,0.8165980795610426,0.6996622178283077,0.6538847117794485,0.7359493616287095,0.8051398074022509,0.9578544061302683,0.7443948965688096
2,0.8897530864197529,0.7133838383838383,0.8102272727272727,0.7072310405643739,0.8174159356725146,0.7962662337662337,0.6909126984126984,0.7478613890097142,0.8155882352941176,0.9613095238095237,0.8716117216117216
