,18A2,868Z11,A23,A6,NYE-S1,TCR2-T,TCR3,TCR6,TCR7,T1,FLT3DY
0,0.8560418834547346,0.7110257786586289,0.8390349047420386,0.801727063991215,0.7080762250453722,0.6732995590580729,0.6140300671550672,0.7446736453201971,0.787109375,0.8117334054834053,0.7615616510965348
1,0.8876927166400851,0.7897970085470085,0.88625,0.8015255045288416,0.8147822534811026,0.7309614645254783,0.6440885416666666,0.7589163237311386,0.7686564498267424,0.743915343915344,0.7153231663035585
