,18A2,868Z11,A23,A6,NYE-S1,TCR2-T,TCR3,TCR6,TCR7,T1,FLT3DY
0,0.8250340801327644,0.7070611235696624,0.8391630116959065,0.7472033464379009,0.7484817927170869,0.7379118089323725,0.5792729204614451,0.7658298826777088,0.7195701613131057,0.8554720133667502,0.7175307892844301
1,0.8558314006606227,0.7153658307504461,0.8517708333333335,0.7586719883889694,0.7528739867354458,0.7196626592007026,0.5907514671866337,0.7622805278892688,0.7570129501075792,0.871822033898305,0.7698295985060691
2,0.8752556685366994,0.8307765151515151,0.8926193755739211,0.7786105860113421,0.7646835644827036,0.7064118629908104,0.6144986449864498,0.7528710028710028,0.7751707650273224,0.8520499108734403,0.7639077255374723
3,0.9011772901428076,0.8284231200897866,0.8927121838080742,0.7905897745571658,0.8296456629789963,0.7520424836601306,0.6025536062378167,0.7714506172839505,0.8197514903397257,0.8543627450980392,0.7915986790986791
4,0.911481839673329,0.8598382749326147,0.888803287108372,0.810656270305393,0.8171573282684393,0.7556069958847736,0.6083052749719416,0.7746663667716299,0.8402410346854792,0.8018849206349206,0.795003494060098
