,18A2,868Z11,A23,A6,NYE-S1,TCR2-T,TCR3,TCR6,TCR7,T1,FLT3DY
0,0.8560490435490435,0.6989613526570048,0.7930989583333332,0.8047513175230566,0.6743360752056405,0.7359920634920636,0.6210562414266118,0.7360935746352414,0.7961215932914046,0.8477777777777779,0.8264397496087638
