,18A2,868Z11,A23,A6,NYE-S1,TCR2-T,TCR3,TCR6,TCR7,T1,FLT3DY
0,0.8369867605161723,0.7713995943204869,0.841230936819172,0.769008945386064,0.7023259244689221,0.7141658520690779,0.6345199877475843,0.7912238325281803,0.7695563683558492,0.8493589743589743,0.7549518170207826
1,0.8727817178881009,0.7739898989898989,0.7930864197530864,0.7485435495303916,0.7177314814814815,0.7791666666666667,0.702818035426731,0.7937169312169313,0.792594696969697,0.8679653679653679,0.760844017094017
2,0.8830295138888888,0.6232193732193732,0.8462301587301587,0.7534292630446476,0.7647058823529411,0.751440329218107,0.7164477657004831,0.8083707892320332,0.7707323232323232,0.8840404040404041,0.841025641025641
