,18A2,868Z11,A23,A6,NYE-S1,TCR2-T,TCR3,TCR6,TCR7,T1,FLT3DY
0,0.8160175794455714,0.7535981735159818,0.7512626262626263,0.7852072498029945,0.7874214079571221,0.753754806737029,0.6986288416075649,0.7325132275132274,0.7808977528179774,0.8288628862886288,0.7208049334631612
1,0.8173885233918128,0.78125,0.8023852657004831,0.7843137254901961,0.8223905723905723,0.7442712326433257,0.7363035515209427,0.7456427015250545,0.7911386593204774,0.8070987654320988,0.7380952380952381
