,18A2,868Z11,A23,A6,NYE-S1,TCR2-T,TCR3,TCR6,TCR7,T1,FLT3DY
0,0.7817942942942944,0.6752440033085194,0.7614313561681983,0.7364765827771599,0.7006971732792495,0.7512368024132731,0.6480117136060489,0.7640921553965033,0.7482707850601346,0.6474833808167141,0.7314494425221069
1,0.829072629929935,0.7298604173604174,0.821115687620542,0.8142949623352166,0.7419762137504073,0.7424863533060045,0.6732997961089198,0.7978418803418803,0.8080881347322353,0.8405907817672524,0.765006385696041
2,0.87588693957115,0.7615682137834038,0.8122395833333332,0.8310482087571871,0.7634949509949509,0.7194343434343434,0.6691229320740146,0.8018543956043956,0.7883326763894364,0.8412418300653596,0.7754745254745256
3,0.8840266875981162,0.8218954248366012,0.862087087087087,0.8330918945553093,0.7703968253968254,0.7192946623093682,0.668936191626409,0.8251099355625217,0.7934433648719362,0.819186046511628,0.7483234714003945
4,0.8993921206525085,0.8291316526610645,0.8268055555555556,0.8297619047619048,0.8261186053368715,0.7203888888888889,0.6400034293552812,0.803962297864737,0.8199612403100777,0.8183531746031746,0.7860621521335807
