,18A2,868Z11,A23,A6,NYE-S1,TCR2-T,TCR3,TCR6,TCR7,T1,FLT3DY
0,0.8135288065843621,0.7155420602789023,0.8718466353677621,0.8017126148705095,0.7568107441880233,0.7139452495974234,0.6472614462986735,0.7804995519713261,0.766384548611111,0.8641975308641975,0.7054457199546486
