,18A2,868Z11,A23,A6,NYE-S1,TCR2-T,TCR3,TCR6,TCR7,T1,FLT3DY
0,0.8680955240812104,0.7392592592592594,0.8144419306184011,0.8085752728609871,0.7077970338839905,0.7219298245614034,0.5945075757575758,0.7745978301533857,0.787280701754386,0.8881205673758865,0.7423901173901175
