,18A2,868Z11,A23,A6,NYE-S1,TCR2-T,TCR3,TCR6,TCR7,T1,FLT3DY
0,0.829857142857143,0.7187334656084655,0.8002950828714046,0.7327427094868956,0.6171372214700032,0.7535141403979432,0.6494656208430807,0.7512538580246915,0.772296626984127,0.8504432624113475,0.7492283950617286
