,18A2,868Z11,A23,A6,NYE-S1,TCR2-T,TCR3,TCR6,TCR7,T1,FLT3DY
0,0.7733990795529256,0.6885194375516956,0.7619604566972988,0.736761911383018,0.720571085577088,0.7556090614886731,0.6462780361921753,0.7633295350686655,0.7491879758358159,0.6493447293447293,0.731833910034602
1,0.8061055672268908,0.7287920412920412,0.8213935471217025,0.8167456954533225,0.7560893653291371,0.744312692138779,0.6685229700854701,0.7959508547008548,0.8081223257722291,0.8405907817672524,0.7860493827160494
2,0.8562646370023419,0.7668905168905168,0.8114346590909091,0.8228923712342079,0.7561365286855484,0.7235757575757575,0.6680477590662033,0.8024398220826793,0.7880874173345597,0.8412418300653596,0.7831692117406402
3,0.8787062937062938,0.7921191553544494,0.8638138138138137,0.8229655253283302,0.7596367006841723,0.7188861655773421,0.659796626984127,0.820741440873766,0.7953809382380811,0.8204780361757106,0.751927266633149
4,0.9046747967479675,0.8087301587301586,0.835279347143754,0.82865521575199,0.8232788716659685,0.7394600591715976,0.6362362637362637,0.8034597516304833,0.8257495590828925,0.7498532863849765,0.765909090909091
