,18A2,868Z11,A23,A6,NYE-S1,TCR2-T,TCR3,TCR6,TCR7,T1,FLT3DY
0,0.8006219064686807,0.7195908666496903,0.8300119474313022,0.7830413297394431,0.71984637585305,0.7359848484848485,0.6155868144359192,0.7627330640972643,0.6757600203804349,0.82900826446281,0.7001488095238096
1,0.8609422492401215,0.7433737646001797,0.8346829880728186,0.7997871863799283,0.8217754467754467,0.7442460317460317,0.6130514705882353,0.7610108145822432,0.8298470535312642,0.7863849765258216,0.7724673202614379
