,18A2,868Z11,A23,A6,NYE-S1,TCR2-T,TCR3,TCR6,TCR7,T1,FLT3DY
0,0.802878222915944,0.7563263263263263,0.8089272247360482,0.7929969336219336,0.7836375599332918,0.6927186927186927,0.6584591045720614,0.7334356004954916,0.7811772486772487,0.8545008912655971,0.7975060653632081
1,0.7959418402777777,0.7902421652421653,0.8194041867954911,0.7963582311408399,0.8150198412698413,0.7262145748987855,0.6345551378446116,0.7718855218855217,0.7744107744107743,0.9362139917695474,0.7565217391304349
