,18A2,868Z11,A23,A6,NYE-S1,TCR2-T,TCR3,TCR6,TCR7,T1,FLT3DY
0,0.8732574614927556,0.6546052631578948,0.816468253968254,0.8416161616161616,0.7501469723691946,0.7614056305852314,0.7573485984280587,0.7080056462996572,0.8127741228070176,0.944182389937107,0.7866602067183462
