,18A2,868Z11,A23,A6,NYE-S1,TCR2-T,TCR3,TCR6,TCR7,T1,FLT3DY
0,0.8200757575757575,0.7312682379349047,0.8268618080446037,0.7788708847736626,0.7669828929993349,0.724052540913006,0.6219292835851578,0.7688795045045045,0.8047933249546153,0.8105654761904763,0.7971295945433877
1,0.8681027966742253,0.7466377576671693,0.8203102453102452,0.8074233716475095,0.8141011564924608,0.7067369093231163,0.6286507936507936,0.7691152691152693,0.7618360805860807,0.8395061728395062,0.8044781144781146
