,18A2,868Z11,A23,A6,NYE-S1,TCR2-T,TCR3,TCR6,TCR7,T1,FLT3DY
0,0.854043958603707,0.6401058201058202,0.8292181069958847,0.7998891352549888,0.7679656862745098,0.7222147610946967,0.6356780270018194,0.7613818181818183,0.779535217035217,0.8552083333333332,0.6657763532763532
