,18A2,868Z11,A23,A6,NYE-S1,TCR2-T,TCR3,TCR6,TCR7,T1,FLT3DY
0,0.8247748827791984,0.7450904392764858,0.8032360643471755,0.7810649676941521,0.7774804496578689,0.7192231731402238,0.7172888386123679,0.7546056884292179,0.7178941625750136,0.9123842592592593,0.7071428571428572
1,0.8487261503928171,0.7685611879160265,0.8001651126651127,0.7928240740740741,0.8019429536871397,0.6733133392775121,0.6746160933660935,0.7903061224489797,0.7652274868757573,0.9546400332917188,0.7979892205638475
2,0.8874369832627546,0.7046070460704607,0.8050264550264551,0.8014959273182957,0.8637426900584796,0.8681972789115647,0.6797863247863248,0.794668458781362,0.7495748299319729,0.9532163742690059,0.8296315426997244
