,18A2,868Z11,A23,A6,NYE-S1,TCR2-T,TCR3,TCR6,TCR7,T1,FLT3DY
0,0.7960799973378591,0.7081996434937613,0.8705929487179486,0.7616202677178286,0.7903361344537815,0.731849360242712,0.7022780599364401,0.720160791589363,0.7878870343492986,0.8070760233918128,0.7819715007215007
