,18A2,868Z11,A23,A6,NYE-S1,TCR2-T,TCR3,TCR6,TCR7,T1,FLT3DY
0,0.8511944845278179,0.6758361049519586,0.8160278413424865,0.7465897435897436,0.7275132275132276,0.7233560090702947,0.5808960573476702,0.764033264033264,0.7968430335097002,0.8136090636090637,0.7022518646012622
1,0.8837031024531025,0.6565229642152719,0.8611111111111112,0.8206199930337862,0.775473096611308,0.7758103531688437,0.5497280497280497,0.7517361111111112,0.8422161172161172,0.8098214285714286,0.7134090909090909
