,18A2,868Z11,A23,A6,NYE-S1,TCR2-T,TCR3,TCR6,TCR7,T1,FLT3DY
0,0.7807709750566895,0.7474561403508773,0.8215777051561366,0.7538154699965314,0.7530431496270006,0.6842948717948718,0.6675212441879109,0.7021290533901081,0.7812232905982907,0.8723036223036224,0.7549270482603815
1,0.8615714804440295,0.7574664392846211,0.8586760461760461,0.7669076206812057,0.7640780780780781,0.7185142808712602,0.6735104669887279,0.7122966294630463,0.7572788592896175,0.8668300653594772,0.772751083384923
2,0.8936202686202687,0.7472222222222222,0.8476368159203981,0.7770559210526314,0.807037270838265,0.7387931034482759,0.6642070642070642,0.7236995341614908,0.7521944261575598,0.8640151515151514,0.780040264595916
