,18A2,868Z11,A23,A6,NYE-S1,TCR2-T,TCR3,TCR6,TCR7,T1,FLT3DY
0,0.8342845730983087,0.7225344064003046,0.8058697275102652,0.7666771488469601,0.6738478094410297,0.7561228096753018,0.6084948153259349,0.7607040229885058,0.7737858428395512,0.8434710743801652,0.7760470453241538
1,0.8987150415721844,0.7355555555555555,0.8196068875893436,0.8065608465608465,0.7721938625828786,0.7765731292517005,0.6170010288065844,0.7867730669265757,0.8507412960186573,0.8179563492063492,0.7454719609892023
