,18A2,868Z11,A23,A6,NYE-S1,TCR2-T,TCR3,TCR6,TCR7,T1,FLT3DY
0,0.8418227946916472,0.7700925925925927,0.8551587301587302,0.7638309111523398,0.7386762302960399,0.7492052642428583,0.6852860401247498,0.7522128301457195,0.735631814579183,0.8994117647058824,0.8298993833171049
1,0.8754058441558442,0.7316816816816818,0.85239651416122,0.7615263748597082,0.8375350140056023,0.7971317829457364,0.6895833333333332,0.7530864197530865,0.7780073461891645,0.8726190476190476,0.8129870129870129
