,18A2,868Z11,A23,A6,NYE-S1,TCR2-T,TCR3,TCR6,TCR7,T1,FLT3DY
0,0.8337853036084045,0.6867378048780487,0.8120344721452755,0.7691299790356393,0.6794768320192048,0.7493219631773848,0.6070021850382381,0.736926242481798,0.7713711503623188,0.8438016528925619,0.7729967489003634
1,0.8903531438415159,0.7565887990416292,0.8730555555555556,0.8183040078201369,0.7934908293460925,0.7761479591836734,0.6355971479500891,0.7599240265906934,0.8604269293924466,0.8189484126984127,0.7466039707419018
