,18A2,868Z11,A23,A6,NYE-S1,TCR2-T,TCR3,TCR6,TCR7,T1,FLT3DY
0,0.8218580126114373,0.7509011685482273,0.8077499043559054,0.8030621025458057,0.7051315392370275,0.6626427054294438,0.6234912013213901,0.7770644539069039,0.7228575488166281,0.8652571428571428,0.7304075235109718
1,0.8726495898748463,0.7692372738034838,0.8221129000198767,0.7722147467045426,0.7273821809425525,0.6938428607403676,0.6058772246272247,0.7482655502392346,0.7755807200929152,0.8393151815181518,0.7711762688614541
2,0.8901325932778291,0.8156179138321996,0.7977430555555555,0.7634527089072544,0.7505494505494505,0.7086040489642184,0.6017807122849139,0.7658203066172705,0.7874196510560146,0.8380482456140351,0.7864207551707553
3,0.934065934065934,0.7792397660818713,0.8195045695045695,0.802689393939394,0.7653478057889823,0.6969696969696969,0.5479038065843622,0.770135214579659,0.8293570788530467,0.8170194003527337,0.8173913043478261
