,18A2,868Z11,A23,A6,NYE-S1,TCR2-T,TCR3,TCR6,TCR7,T1,FLT3DY
0,0.8332106588154975,0.7057563587684069,0.8126090078998667,0.7627607039663777,0.6805477949545747,0.7500567487340666,0.6051501734613689,0.7605192939244664,0.7744895059473064,0.8444077134986226,0.7725186460126219
1,0.8985912698412699,0.7792694726656991,0.8743055555555556,0.8064021164021163,0.7972027972027972,0.7761479591836734,0.6845012626262627,0.7759417537195316,0.8568215892053974,0.8189484126984127,0.7446011842563567
