,18A2,868Z11,A23,A6,NYE-S1,TCR2-T,TCR3,TCR6,TCR7,T1,FLT3DY
0,0.7987405899859944,0.7107519640852974,0.8114766081871346,0.7603330687597377,0.7562928030758139,0.7750255407595293,0.6338309178743962,0.7380093799972096,0.7368041315409736,0.8998998998998999,0.7074366605616605
1,0.8004126409017713,0.7622195512820514,0.8596743295019156,0.8139293139293139,0.8516296296296296,0.7753409090909091,0.6525875818071825,0.7400427034573376,0.7951870122412759,0.7884715701617111,0.8269431271651028
