,18A2,868Z11,A23,A6,NYE-S1,TCR2-T,TCR3,TCR6,TCR7,T1,FLT3DY
0,0.8148896720103188,0.7365729585006693,0.8233308559395516,0.7780564102564101,0.8135177687809266,0.7493104418801013,0.6554540341645695,0.7650282314982859,0.7775421977549636,0.8605504587155964,0.7071600274725274
1,0.8841647770219199,0.6746089340428963,0.8653786104605777,0.7968615373334066,0.8004115226337448,0.7939016602809706,0.6801587301587301,0.7680717998700454,0.7794098822324629,0.9155251141552512,0.8124381065557534
