,18A2,868Z11,A23,A6,NYE-S1,TCR2-T,TCR3,TCR6,TCR7,T1,FLT3DY
0,0.7544379340277777,0.7479577774936425,0.8284081954294721,0.7860451873056915,0.7055241682360327,0.7292139077853363,0.6245862884160757,0.759319885361552,0.7846157968063444,0.8429224679224679,0.8074249378466246
1,0.9022589152620112,0.7530228758169933,0.8354286398467433,0.7669042397660819,0.8258203378817415,0.740143784786642,0.6127763605442177,0.7857173102981031,0.7887286324786326,0.8529253891572731,0.886300505050505
