,18A2,868Z11,A23,A6,NYE-S1,TCR2-T,TCR3,TCR6,TCR7,T1,FLT3DY
0,0.8332376626401784,0.7023423966257437,0.8379308127572017,0.7643274853801169,0.7363731656184487,0.7560982936794041,0.6575625763125763,0.7419052872640957,0.7771291866028708,0.8513297872340425,0.786355753747058
