,18A2,868Z11,A23,A6,NYE-S1,TCR2-T,TCR3,TCR6,TCR7,T1,FLT3DY
0,0.7987804017084965,0.6731377213851442,0.7689474855362706,0.770428042637277,0.6993207175901698,0.7416087962962964,0.6315737789368621,0.7117790336585869,0.7941988160849154,0.8415791776027998,0.6939571555259949
1,0.8642720306513411,0.7170332012104165,0.8371534820824881,0.7860925306577481,0.7122763920382967,0.7174081035923141,0.6680217506876547,0.7466089993502275,0.7918222020446598,0.8443444344434444,0.7985069782538137
2,0.9070613629355534,0.7759428267902844,0.823398001175779,0.8001861172276397,0.7642964939229794,0.7298331613347093,0.6433270676691728,0.758554292929293,0.8215130023640662,0.817426400759734,0.7870971620971621
