,18A2,868Z11,A23,A6,NYE-S1,TCR2-T,TCR3,TCR6,TCR7,T1,FLT3DY
0,0.7837823725981621,0.7427487213331133,0.8265906932573599,0.7518518518518519,0.6566496163682864,0.701223915533642,0.6513179413179414,0.7226022803487592,0.7160712342982434,0.8446072446072446,0.7145341425562576
1,0.8518883415435138,0.7423842592592592,0.8168044077134985,0.7873983286217329,0.7464685781115801,0.7070147679324895,0.6246191007060572,0.7604978354978355,0.7549459604323165,0.8488333333333333,0.7731062889290737
2,0.8542031098153547,0.7367231638418078,0.8272274988692899,0.8238068289002074,0.8197809878844362,0.708031599736669,0.6089188453159041,0.7624273932158788,0.8008615567439096,0.7467948717948718,0.7275929497482053
