,18A2,868Z11,A23,A6,NYE-S1,TCR2-T,TCR3,TCR6,TCR7,T1,FLT3DY
0,0.7922040383018532,0.7004533284653767,0.8488284202569917,0.7707238274643252,0.7531256301673724,0.650989238338636,0.6708341509451593,0.7337455268797358,0.7691208791208792,0.8246376811594204,0.7912214479287649
1,0.8526397294048128,0.8187182280319535,0.8844632768361582,0.7597081801470589,0.7631205259881731,0.7474435286935287,0.6918366972813436,0.7858367626886146,0.7619384814152257,0.8287671232876712,0.837037037037037
