,18A2,868Z11,A23,A6,NYE-S1,TCR2-T,TCR3,TCR6,TCR7,T1,FLT3DY
0,0.7846480679814013,0.6616977225672879,0.8452119883040936,0.7757038199895344,0.7275240636116344,0.7296416174125152,0.6599661835748792,0.7630726786608294,0.7797679683078664,0.8465086646279306,0.7642027181242868
1,0.8829390549544592,0.6714150047483382,0.8595103578154427,0.7853225806451613,0.8028955171812315,0.6852061337355456,0.6668160095579451,0.7786356209150327,0.7700384840839004,0.875,0.7097887970615243
