,18A2,868Z11,A23,A6,NYE-S1,TCR2-T,TCR3,TCR6,TCR7,T1,FLT3DY
0,0.7806790123456789,0.6522522522522523,0.8265873015873016,0.8001120448179272,0.7512051734273957,0.7127705627705628,0.7074049316696375,0.7115624027388733,0.8239197530864198,0.8214285714285715,0.7600814345000392
