,18A2,868Z11,A23,A6,NYE-S1,TCR2-T,TCR3,TCR6,TCR7,T1,FLT3DY
0,0.8685162435162436,0.7315651827846951,0.8187365591397849,0.7397741003414762,0.7501933846963086,0.7540716765174968,0.6080420262298278,0.7723132065067548,0.8352098592280921,0.83996996996997,0.7280945198592258
1,0.8983516483516484,0.7146248812915479,0.8469230769230768,0.7930384087791494,0.8094433175569079,0.703525641025641,0.6542648709315376,0.7659069325735993,0.8477920227920229,0.8195436507936508,0.7850069320657557
