,18A2,868Z11,A23,A6,NYE-S1,TCR2-T,TCR3,TCR6,TCR7,T1,FLT3DY
0,0.8190234769182138,0.7784536065786066,0.8148479681727764,0.6909655777291781,0.7360476190476191,0.7392307692307692,0.652287116176005,0.7348597081930416,0.8034310699588477,0.8411069651741293,0.6491355589014071
1,0.7910200622138338,0.807117845117845,0.8474727668845317,0.7926839277075125,0.6860736298517409,0.7430555555555555,0.6139060356652949,0.7571207397510126,0.7985048714759536,0.847076330532213,0.7300745231779714
2,0.8578338806787084,0.7968706047819971,0.8757891414141413,0.8054591049382717,0.8028034527538003,0.7586426975853633,0.6337048572228443,0.7737878028404345,0.8037229774092358,0.8171296296296297,0.7845894190197987
3,0.8689523809523809,0.7745608660130717,0.8719895128345833,0.8328205128205127,0.8396914446002804,0.7609626630679261,0.6144675925925926,0.7846872515239861,0.7899387755102042,0.8123385012919897,0.7479797979797981
4,0.8851674641148325,0.7353846153846154,0.8630604288499025,0.8655443322109989,0.8418209876543209,0.7516955266955266,0.6736678958901181,0.7839165481270743,0.7351830517153098,0.8153439153439153,0.7246444032158318
5,0.8831163194444445,0.8263888888888888,0.8361018826135105,0.8977272727272728,0.8475011578459853,0.7373236331569665,0.6768904320987653,0.7945216049382715,0.7332251082251081,0.8134920634920634,0.7721500721500721
