,18A2,868Z11,A23,A6,NYE-S1,TCR2-T,TCR3,TCR6,TCR7,T1,FLT3DY
0,0.8400729517396185,0.7415784832451499,0.7993993993993994,0.7856884236858562,0.723140984311197,0.7303677689981466,0.6197467876039305,0.7681005658436214,0.8051360284769897,0.8464705882352942,0.8287544802867384
