,18A2,868Z11,A23,A6,NYE-S1,TCR2-T,TCR3,TCR6,TCR7,T1,FLT3DY
0,0.8920616420616421,0.6953102453102452,0.8403654485049833,0.7868923611111112,0.7644314086343073,0.724428098740746,0.6401325012436124,0.7537866998651311,0.782162151265925,0.8107212475633528,0.8175038051750381
