,18A2,868Z11,A23,A6,NYE-S1,TCR2-T,TCR3,TCR6,TCR7,T1,FLT3DY
0,0.8316430020283976,0.7434011476264998,0.8304967666078777,0.7903880070546737,0.7142627252921371,0.7000762776506484,0.6572241075917548,0.7642127609782191,0.8571390013495277,0.8424014336917564,0.7692313300090398
