,18A2,868Z11,A23,A6,NYE-S1,TCR2-T,TCR3,TCR6,TCR7,T1,FLT3DY
0,0.837971149752759,0.682451379466305,0.8457220286488579,0.7982131782945737,0.7414630942999736,0.771267361111111,0.6793906810035842,0.7935750466542255,0.7971155567490155,0.8650877192982455,0.8050039872408293
