,18A2,868Z11,A23,A6,NYE-S1,TCR2-T,TCR3,TCR6,TCR7,T1,FLT3DY
0,0.8333333333333334,0.6976205216121404,0.8087999253452781,0.7634173890202259,0.6797588005215124,0.7507215007215007,0.6081522051635905,0.7574178698472483,0.7741782703419532,0.8425895316804408,0.7722222222222221
1,0.8991468253968252,0.7557410538179768,0.822043534762833,0.8076754385964913,0.7790236460717009,0.7761479591836734,0.6047185138094228,0.7799910656270305,0.851888341543514,0.8141865079365079,0.7444705677464297
