,18A2,868Z11,A23,A6,NYE-S1,TCR2-T,TCR3,TCR6,TCR7,T1,FLT3DY
0,0.8374485596707819,0.7109899749373433,0.8427800269905533,0.8085644514215943,0.7490565273728539,0.7334788359788359,0.6546771130104464,0.7775270108043216,0.7848440545808968,0.839952718676123,0.8259379509379509
