,18A2,868Z11,A23,A6,NYE-S1,TCR2-T,TCR3,TCR6,TCR7,T1,FLT3DY
0,0.8337218581989246,0.7436729936729937,0.8543926435822556,0.77797411328641,0.775938796321047,0.7339181286549707,0.5925652173913044,0.732904723945517,0.7660933090415462,0.8772727272727273,0.7011378848728246
1,0.8878337147215866,0.6769803921568628,0.9285416666666667,0.762734040984815,0.8500907770515614,0.6919696750205224,0.6413019079685747,0.7313784372607902,0.8228754082412619,0.8614285714285715,0.8475252525252525
