,18A2,868Z11,A23,A6,NYE-S1,TCR2-T,TCR3,TCR6,TCR7,T1,FLT3DY
0,0.7968777577747185,0.6775363468146973,0.7686359590565198,0.7655694879832811,0.6996137824202968,0.7416087962962964,0.6237960096319229,0.7525829725829727,0.7916431924882629,0.8410542432195975,0.6951973173705798
1,0.8711515078229443,0.7253867791842475,0.8362519720531892,0.7927112780836186,0.7128180901990425,0.7168233082706766,0.6666059912627419,0.778395061728395,0.7918726459510358,0.8450045004500452,0.7946121389159364
2,0.9150838659345274,0.7794195760297455,0.8363921957671957,0.7885518790849672,0.7576946447914189,0.7295106639146886,0.6409513366750209,0.7823775278136332,0.8225231033741672,0.817426400759734,0.7790103415103414
