,18A2,868Z11,A23,A6,NYE-S1,TCR2-T,TCR3,TCR6,TCR7,T1,FLT3DY
0,0.8214897927380397,0.7328408933277847,0.8190995164679377,0.7751170710940826,0.694662349299446,0.7099860969242991,0.6555279537890426,0.7638399185780234,0.7650147509915403,0.8537511870845204,0.8494444444444444
1,0.8170680865256337,0.7440127077223851,0.8210304188565059,0.771021021021021,0.701388888888889,0.721424774056353,0.688893921095008,0.7746897163120567,0.7754253001436981,0.7416351010101011,0.8886253842775581
2,0.8337339743589743,0.8867331855136733,0.7448412698412699,0.7733620169082126,0.6487911522633745,0.7723429951690822,0.6769047619047619,0.80011655011655,0.8164866255144032,0.7726608187134504,0.8631436314363143
