,18A2,868Z11,A23,A6,NYE-S1,TCR2-T,TCR3,TCR6,TCR7,T1,FLT3DY
0,0.8422545123364795,0.7029711673699016,0.8255798969072164,0.7652564102564102,0.8026507542636575,0.669606782106782,0.610661505981703,0.7804905582922824,0.8133494543650793,0.8888888888888888,0.7851633986928105
1,0.858076563958917,0.7312258236627985,0.8587962962962963,0.7477729885057472,0.7658663217873745,0.6846476374778262,0.6094496714456391,0.8230214424951267,0.7766930767779664,0.8499888218198076,0.7747284162378502
