,18A2,868Z11,A23,A6,NYE-S1,TCR2-T,TCR3,TCR6,TCR7,T1,FLT3DY
0,0.8600739538239538,0.7814643347050755,0.7828364142317631,0.8073265271541133,0.7810316538539533,0.7515057080500295,0.670679012345679,0.7438733463456951,0.7969917475186796,0.8409653465346535,0.853764950383308
1,0.859241452991453,0.7083333333333334,0.760904255319149,0.8214031339031339,0.8353556166056167,0.8177655677655679,0.7161654135338346,0.818244170096022,0.7740410052910054,0.8835858585858586,0.8434027777777778
