,18A2,868Z11,A23,A6,NYE-S1,TCR2-T,TCR3,TCR6,TCR7,T1,FLT3DY
0,0.8279944727090007,0.740040367943882,0.8504785635184305,0.7866912067016137,0.7623141849332326,0.7243055555555555,0.5804502663198315,0.7300569800569802,0.743180226636109,0.9023702370237023,0.7766666666666665
1,0.8931131592421915,0.7933333333333333,0.8407407407407407,0.8238358974358974,0.8492770845712022,0.7563186813186814,0.5978968253968254,0.727921195652174,0.7602941176470589,0.8035353535353535,0.7923280423280424
