,18A2,868Z11,A23,A6,NYE-S1,TCR2-T,TCR3,TCR6,TCR7,T1,FLT3DY
0,0.868292972459639,0.7243386243386243,0.7903515064562411,0.7366666666666667,0.7447804356184076,0.7372089947089947,0.6334515578701625,0.7747326203208557,0.7551748251748251,0.839952718676123,0.7472380952380954
