,18A2,868Z11,A23,A6,NYE-S1,TCR2-T,TCR3,TCR6,TCR7,T1,FLT3DY
0,0.7718781503396888,0.6768982630272952,0.7604566972988026,0.7351194614386355,0.701418289883241,0.7576420311714429,0.666333067517278,0.7635164809077852,0.7242341801831623,0.6425451092117759,0.7297193387158784
1,0.8299463674957744,0.7292360417360418,0.823305874276748,0.8117605452674898,0.7414793092212447,0.7606989284007918,0.6502516494018992,0.7969017094017093,0.8150336063852132,0.8394703335879807,0.7654693486590038
2,0.8650629148085338,0.761826066572902,0.8107717803030304,0.829547158494527,0.7648376398376397,0.7455513784461152,0.6487855609232421,0.8040227629513343,0.8087161280386482,0.8399346405228759,0.7562977957714799
3,0.8897915809680516,0.8205797470503352,0.8593843843843844,0.8329725829725829,0.7706547619047619,0.7463256907701353,0.6479317466159571,0.8252677638453499,0.7856546127222819,0.8178940568475452,0.7475908706677937
4,0.8985260770975056,0.8351746031746031,0.8262499999999999,0.827639751552795,0.8215797430083144,0.7390849673202614,0.6107463524130191,0.8024434914678817,0.8108678955453149,0.816765873015873,0.7826221397649968
