,18A2,868Z11,A23,A6,NYE-S1,TCR2-T,TCR3,TCR6,TCR7,T1,FLT3DY
0,0.8428379416282642,0.6813299232736573,0.807811268715524,0.7881313131313131,0.7807778824021762,0.7312462189957653,0.591515142878857,0.7817822333611807,0.7677912835696846,0.8425895316804408,0.739778160260088
1,0.9002450980392157,0.7853548966756514,0.7926843869731801,0.7977710573476702,0.8057970151623403,0.751288834622168,0.6700325963718821,0.8111901375059271,0.806275406504065,0.8463919082125604,0.7568809005083516
