,18A2,868Z11,A23,A6,NYE-S1,TCR2-T,TCR3,TCR6,TCR7,T1,FLT3DY
0,0.8244742835955293,0.6995987269959874,0.8083817829457365,0.7914472262734294,0.742579698398664,0.7523842072714254,0.6442772652879036,0.7321350762527232,0.7164789895025386,0.7857605177993529,0.7990897990897992
1,0.8861728395061729,0.7354028085735402,0.8274074074074074,0.8424775707384402,0.8415686274509803,0.7763185324160933,0.604265873015873,0.7156966490299824,0.8319648093841643,0.7650862068965517,0.7354497354497355
