,18A2,868Z11,A23,A6,NYE-S1,TCR2-T,TCR3,TCR6,TCR7,T1,FLT3DY
0,0.8345576981940618,0.7296340811965812,0.8286462641301351,0.7904300017879491,0.701040695868282,0.8088354945334352,0.6640825411196619,0.7627088554720135,0.8110010689806955,0.8123123123123124,0.7386621315192743
1,0.8539634146341463,0.6277457110790444,0.8242365172189734,0.8146270002253776,0.8288414902998236,0.8028138528138529,0.7031810035842293,0.788546698872786,0.7923252688172043,0.8873239436619719,0.7831055654585066
