,18A2,868Z11,A23,A6,NYE-S1,TCR2-T,TCR3,TCR6,TCR7,T1,FLT3DY
0,0.8406656084001621,0.724997941370224,0.8106877546129883,0.6986764193660745,0.7450273674837629,0.7314615971366543,0.6640660722450846,0.7649943345907778,0.7606751620836127,0.8529230769230769,0.6595110252004582
1,0.8148995344525284,0.7324616023246161,0.8332095464448406,0.7432010081915564,0.7775074942257604,0.761540404040404,0.6875730560547114,0.7651785714285714,0.774453804369565,0.8590759075907591,0.77465483234714
2,0.8426712176712177,0.6670515188834153,0.795985060690943,0.7708059210526316,0.8137163561076605,0.7966954022988505,0.6784722222222221,0.7607973421926911,0.7597578347578348,0.8345394736842106,0.7454568320442684
3,0.8652954224642064,0.6015948963317385,0.785515873015873,0.8133362986026168,0.8084833845703411,0.7830673599904369,0.6847463768115941,0.7661111111111111,0.8141507024265646,0.727020202020202,0.76497113997114
