,18A2,868Z11,A23,A6,NYE-S1,TCR2-T,TCR3,TCR6,TCR7,T1,FLT3DY
0,0.849486161986162,0.7571121664405247,0.8295294449140602,0.7718603218603218,0.7433945940890384,0.774368118118118,0.6101988304093567,0.7590714285714286,0.7477471891534392,0.8444148936170213,0.8939814814814815
