,18A2,868Z11,A23,A6,NYE-S1,TCR2-T,TCR3,TCR6,TCR7,T1,FLT3DY
0,0.833337492928688,0.7081349206349206,0.8063177506775068,0.7469381313131315,0.6430038215752502,0.7368866005593695,0.6271394547256617,0.7657783113245298,0.7529137529137531,0.8421197793538219,0.768495514147688
