,18A2,868Z11,A23,A6,NYE-S1,TCR2-T,TCR3,TCR6,TCR7,T1,FLT3DY
0,0.8237598175098175,0.7296898263027295,0.8152173913043478,0.7136793582375479,0.7194324217981506,0.7052846844513511,0.650643806708016,0.7354562155541947,0.695539449327328,0.8532641126626089,0.6148482495308354
1,0.8403722151943214,0.7392746913580247,0.8202392570904683,0.7393456407904293,0.7488756613756614,0.7045151339888182,0.6688,0.7675796616837136,0.7727813852813853,0.8538535219569702,0.6167506134573162
2,0.8604714912280702,0.7602880658436213,0.8239335570796245,0.7723232323232323,0.7585556278464543,0.7065441176470588,0.6943035001174535,0.7586704028589993,0.8012080640196985,0.8334444444444444,0.6904286190000475
3,0.8702686202686203,0.7342436974789917,0.865939393939394,0.7839444795966535,0.8014708805406481,0.7333625987708516,0.6730019493177388,0.7672385620915033,0.802070707070707,0.8288888888888888,0.7546799516908212
4,0.856453634085213,0.7325971983990852,0.8496129326047358,0.8013235806339254,0.8299591836734694,0.7562745896079229,0.6887853870776072,0.7587708333333333,0.7789835164835166,0.8368055555555555,0.806241426611797
5,0.8629785247432307,0.7354674796747968,0.8774062816616008,0.8509963768115942,0.8431834795321637,0.7487373737373737,0.6743434343434345,0.775089605734767,0.8087962962962963,0.8361950549450551,0.8296277366044809
