,18A2,868Z11,A23,A6,NYE-S1,TCR2-T,TCR3,TCR6,TCR7,T1,FLT3DY
0,0.8230396147062814,0.7081137461572246,0.806357230392157,0.7824792641865813,0.7404420975849547,0.7299707602339182,0.6641178266178267,0.7389603304496921,0.7783068783068784,0.91,0.7871400899569915
