,18A2,868Z11,A23,A6,NYE-S1,TCR2-T,TCR3,TCR6,TCR7,T1,FLT3DY
0,0.8336455355088895,0.7241966230936819,0.8345061728395061,0.7439424610477241,0.7801863354037267,0.7885518790849674,0.7397829647829649,0.7764863341786419,0.7409947741694664,0.8074935400516795,0.8220299145299146
