,18A2,868Z11,A23,A6,NYE-S1,TCR2-T,TCR3,TCR6,TCR7,T1,FLT3DY
0,0.8344979972135144,0.7687613843351548,0.8642592592592592,0.7896752073581342,0.758219199068542,0.7439113355780022,0.6553190418679549,0.7040863177226813,0.7674658098533532,0.8982558139534884,0.8018824609733701
