,18A2,868Z11,A23,A6,NYE-S1,TCR2-T,TCR3,TCR6,TCR7,T1,FLT3DY
0,0.8221247563352826,0.7335321298087255,0.844610636277303,0.7861656555981269,0.7219289425171778,0.7573400673400674,0.6610303555384418,0.7539133300378976,0.7362745098039216,0.8623236331569665,0.6878958479943701
1,0.8157610087045569,0.7895372489193999,0.8454248366013072,0.7912318624527925,0.7636770557029178,0.7256844462726816,0.6305916305916306,0.7955986194230708,0.7964703425229741,0.8844660194174757,0.7921142643364866
2,0.8477168021680218,0.8019293924466337,0.8636363636363636,0.7723337268791814,0.7772556390977443,0.7754535147392291,0.6275320775320775,0.8104707336254354,0.7825346488137187,0.9166666666666666,0.7743827160493827
