,18A2,868Z11,A23,A6,NYE-S1,TCR2-T,TCR3,TCR6,TCR7,T1,FLT3DY
0,0.8010704477117221,0.6548056244830438,0.8226661461044594,0.7830674913194443,0.7021530834556046,0.7499245852187029,0.6650864774768924,0.7169617936398992,0.7904404623154623,0.8556510323427616,0.6061069972543472
1,0.8211553945249598,0.677460853817443,0.8116797385620916,0.7786996226197678,0.6838888888888889,0.7054894179894179,0.6406386066763425,0.7513303446139267,0.7837270546516479,0.8497150997150998,0.6880246913580247
2,0.8327165570175438,0.6386515531252374,0.8050150829562593,0.7793181818181818,0.7698141025641027,0.7401960784313726,0.6472823472823473,0.7722807553316028,0.8007070477918935,0.8736383442265795,0.7295559574040587
3,0.8472108843537414,0.7341791979949875,0.7817358697640387,0.7980351560914221,0.8322404719463542,0.7244534412955465,0.6647483604005343,0.7710720651897122,0.7850406093810074,0.8677325581395349,0.7911227661227661
4,0.8318218954248366,0.7409963985594237,0.7825960756995239,0.7811175752352222,0.829581736909323,0.7442025479761328,0.6720029239766081,0.8092220279720279,0.7788206488471742,0.8817460317460317,0.8091194968553458
5,0.8655427631578947,0.8421690921690921,0.7522486772486773,0.7848888888888889,0.8724867724867725,0.7397727272727272,0.7071985985029463,0.8239938080495356,0.8102377946127947,0.8212121212121212,0.8407186948853616
