,18A2,868Z11,A23,A6,NYE-S1,TCR2-T,TCR3,TCR6,TCR7,T1,FLT3DY
0,0.8815056886952313,0.6882850241545894,0.8527583527583528,0.7661443494776828,0.7417918464230642,0.7426255707762558,0.6368641368641369,0.7832272694023845,0.8336226851851852,0.8480019493177388,0.8404190575552078
