,18A2,868Z11,A23,A6,NYE-S1,TCR2-T,TCR3,TCR6,TCR7,T1,FLT3DY
0,0.8675922291993721,0.7063233568075118,0.8335926963377944,0.8034880050505051,0.7382502734481816,0.7531779370178184,0.6838127996664584,0.7685394670688788,0.7542235542235542,0.839952718676123,0.7403549382716049
