,18A2,868Z11,A23,A6,NYE-S1,TCR2-T,TCR3,TCR6,TCR7,T1,FLT3DY
0,0.8603766233766234,0.6675450153711023,0.7858643414198969,0.8058656330749354,0.6406156156156156,0.6907929055816379,0.615420227920228,0.7592047930283224,0.8067631578947368,0.8065200617283951,0.7435378086419754
