,18A2,868Z11,A23,A6,NYE-S1,TCR2-T,TCR3,TCR6,TCR7,T1,FLT3DY
0,0.7985557663925785,0.7438374829679179,0.8434946236559141,0.7679326923076922,0.7351285964966929,0.7181096681096681,0.5991472978080121,0.7483397375870494,0.7520225675963381,0.8120039682539683,0.7923651879198692
1,0.8753664774499407,0.727317554240631,0.8880824372759858,0.7825754181600955,0.8123563679119234,0.7083195592286501,0.6945982314494424,0.7577000077000079,0.7769729533655263,0.8021462105969147,0.7798000610500609
