,18A2,868Z11,A23,A6,NYE-S1,TCR2-T,TCR3,TCR6,TCR7,T1,FLT3DY
0,0.836346850613155,0.7104978354978355,0.8498230373230373,0.7590534979423867,0.7542300194931774,0.6964783923519656,0.6212413647629594,0.7203480712075251,0.8094761573268361,0.8475215517241379,0.7881297446514838
