,18A2,868Z11,A23,A6,NYE-S1,TCR2-T,TCR3,TCR6,TCR7,T1,FLT3DY
0,0.8117378917378918,0.7337262200165426,0.829587858535227,0.7330148850031643,0.7358417366946779,0.752378079436903,0.6425916486130582,0.7680394288613467,0.7143261061458679,0.8569865319865321,0.6892054401518584
1,0.8006414607205121,0.7585142613878246,0.8403465346534653,0.7853524009184386,0.6931675291386564,0.7089078992168879,0.6470893119152423,0.7562383416041953,0.8092390126369168,0.8701108213820078,0.7706347751710655
2,0.8563423645320197,0.7675324675324675,0.8593848680055576,0.7961998456790124,0.742439024390244,0.6897639397639398,0.6647619047619048,0.7476817146982064,0.8144699032062915,0.8619201725997843,0.8368296868296868
3,0.8707845596432553,0.7431384742951908,0.8486652616789603,0.8013820638820639,0.7915584415584416,0.7256127450980392,0.6409084249084249,0.7505068150448585,0.8116000306372548,0.8565346956151553,0.795780384490062
4,0.8547184955853687,0.7219639335023951,0.8574701820464532,0.7947557471264367,0.7842562134502925,0.7497853024168815,0.6256247597078047,0.7578761719112596,0.7869124922696352,0.8745598591549295,0.7788587526205452
