,18A2,868Z11,A23,A6,NYE-S1,TCR2-T,TCR3,TCR6,TCR7,T1,FLT3DY
0,0.8172939336461349,0.7211564171122995,0.8529378143575674,0.7880430319454709,0.7208095238095238,0.7605452674897121,0.5873282419335051,0.7398202614379085,0.7462650267528316,0.8452688172043011,0.8236666375061965
