,18A2,868Z11,A23,A6,NYE-S1,TCR2-T,TCR3,TCR6,TCR7,T1,FLT3DY
0,0.8385308115842847,0.702035166479611,0.8142203014868549,0.7690674603174603,0.7242615084720349,0.7264892524701644,0.6413171750181553,0.7241483142800776,0.7909960625076904,0.8083333333333332,0.7785572562358277
1,0.8599955172484055,0.6708888888888889,0.8360200364298725,0.8425410950438758,0.7926776960784313,0.7292768959435626,0.6615646258503401,0.7359396433470508,0.7960164835164835,0.8066326530612246,0.776749213836478
