,18A2,868Z11,A23,A6,NYE-S1,TCR2-T,TCR3,TCR6,TCR7,T1,FLT3DY
0,0.8269393541207944,0.6887220980162532,0.8196815894499393,0.7659744895738104,0.726818400268909,0.6994570135746606,0.6621800402645959,0.7802799686361329,0.7375888000887999,0.5609347442680775,0.6306364296560375
1,0.8308451505602242,0.7627221924974735,0.8015625000000001,0.7993072228891557,0.7794919446884162,0.7557955329694459,0.6475746714456392,0.7996153846153846,0.7282036046741928,0.8480100373482727,0.6460219478737997
2,0.8420492142266336,0.7637701804368472,0.7939674021069371,0.807344365642238,0.7599769580901657,0.7700696912943216,0.6475115740740741,0.7923604627035999,0.8212890309664503,0.8160243208786898,0.6999595959595961
3,0.8740075614366729,0.7710653083787413,0.7982253086419755,0.7851655982905982,0.80472702716742,0.7875040257648953,0.637015503875969,0.8227333505866113,0.830221688034188,0.8169896640826874,0.8113488828502415
4,0.8789435210834103,0.7736111111111112,0.8373611111111111,0.8327047413793104,0.8109600149709936,0.7979921313254646,0.6415918091374481,0.8151276276276276,0.814060606060606,0.741637323943662,0.823180636777128
