,18A2,868Z11,A23,A6,NYE-S1,TCR2-T,TCR3,TCR6,TCR7,T1,FLT3DY
0,0.8171835630074346,0.7713893249607535,0.8256501182033098,0.7807851652191276,0.6973473231100349,0.7017029155583372,0.6651748265080455,0.763049061860607,0.7934905671276239,0.8438016528925619,0.8014950166112956
1,0.8718726163234173,0.6592074592074592,0.8209968537837389,0.7810029757014805,0.8027331059129305,0.762539184952978,0.6507722297195981,0.8014069264069263,0.8025191183085919,0.8356107660455487,0.7757037634951066
