,18A2,868Z11,A23,A6,NYE-S1,TCR2-T,TCR3,TCR6,TCR7,T1,FLT3DY
0,0.828810736677116,0.6976404671717171,0.8408443408443408,0.8175892698919015,0.7100101010101011,0.738987608932462,0.662980109739369,0.734903381642512,0.7350647256307633,0.876937984496124,0.7580917874396137
