,18A2,868Z11,A23,A6,NYE-S1,TCR2-T,TCR3,TCR6,TCR7,T1,FLT3DY
0,0.8582621082621081,0.7037037037037036,0.8063422900024207,0.798890827718805,0.654531742767037,0.7331613756613757,0.6755412609071146,0.7066575057696035,0.7765567765567766,0.8410559495665879,0.742021978021978
