,18A2,868Z11,A23,A6,NYE-S1,TCR2-T,TCR3,TCR6,TCR7,T1,FLT3DY
0,0.8402509947964493,0.7118653704019557,0.8088351254480286,0.7662257495590828,0.7117625856061517,0.7112342521549683,0.6357614607614609,0.7566239316239316,0.7947677836566726,0.8494744744744743,0.7734420928865373
1,0.8909551656920077,0.7744949494949495,0.7949967511371021,0.7737405106970324,0.7858888423404552,0.7198119066631179,0.6596822939702196,0.7736756364207343,0.805756036710327,0.8506189613526569,0.7057189542483661
