,18A2,868Z11,A23,A6,NYE-S1,TCR2-T,TCR3,TCR6,TCR7,T1,FLT3DY
0,0.781970431970432,0.6980381944444445,0.7605680868838763,0.7353772710418984,0.7011844903592906,0.7569346278317152,0.6493073255171828,0.7118464874448917,0.7486983476773696,0.8339374555792466,0.7285659361783928
1,0.84802630446384,0.7094343434343434,0.8228318786571215,0.8120715130023641,0.7411534701857283,0.745132484262919,0.668729014041514,0.7555337861372345,0.8117240544995387,0.8326101249178173,0.7653416347381864
2,0.8711586735367948,0.7377637130801689,0.8120028409090909,0.832190681247285,0.7630742005742005,0.7356051703877791,0.6702380952380952,0.7588161375661375,0.7879472693032015,0.8445192307692307,0.7742614528328815
3,0.8766806722689076,0.7751729751729751,0.8597597597597598,0.8354388597149288,0.7798003347680535,0.7469974218700873,0.6587351190476189,0.7754363121345028,0.8328078078078077,0.8101604278074866,0.7514374514374514
4,0.8827688021125736,0.7797460317460319,0.8384180790960452,0.8431577480490523,0.8388203017832648,0.7445751633986929,0.6402399848828421,0.7900412087912088,0.8469822812846068,0.8059581320450885,0.755238791423002
