,18A2,868Z11,A23,A6,NYE-S1,TCR2-T,TCR3,TCR6,TCR7,T1,FLT3DY
0,0.8677115335381465,0.6918422025129342,0.8084266517357223,0.7684603057199212,0.6744766009852218,0.7546163039270145,0.607907825886953,0.7339981006647673,0.7732445635258934,0.8413774104683195,0.772346528973035
1,0.8965467684979881,0.7455269089884474,0.8178200129954517,0.8325739916649008,0.7635135135135135,0.7761479591836734,0.6057780603235149,0.7595441595441595,0.8479109651523444,0.8157738095238095,0.7456461163357716
