,18A2,868Z11,A23,A6,NYE-S1,TCR2-T,TCR3,TCR6,TCR7,T1,FLT3DY
0,0.8352646285338592,0.7798217878700777,0.8093023255813954,0.7803993583248903,0.7708504730563553,0.745062656641604,0.6377543859649123,0.7740751312179883,0.8126745882843444,0.8669704861111112,0.74212667308197
