,18A2,868Z11,A23,A6,NYE-S1,TCR2-T,TCR3,TCR6,TCR7,T1,FLT3DY
0,0.7844650205761318,0.7201015531660694,0.8198165618448637,0.7853944401075549,0.6930032733224222,0.657891812865497,0.6213932742908485,0.7624977672989677,0.7686341659951652,0.8426290463692038,0.7038507371688283
1,0.8621604938271604,0.6844270833333334,0.8214725105728565,0.7598645242596094,0.7682771164021164,0.6968588842006563,0.675751148815836,0.7658393025709368,0.8090529315174345,0.8101941747572816,0.7853737373737374
2,0.871654332408264,0.7195739171374765,0.8320940170940171,0.7722622382286248,0.7908643560119811,0.7060889929742388,0.654326676907322,0.759478519668737,0.7976266158084341,0.810303893637227,0.8086523498288204
