,18A2,868Z11,A23,A6,NYE-S1,TCR2-T,TCR3,TCR6,TCR7,T1,FLT3DY
0,0.8287340912340913,0.7453440656565657,0.819612689130233,0.7716313024254763,0.7637368126598467,0.7547743055555555,0.6177266922094509,0.7251483628688513,0.8126354889781999,0.8636571428571429,0.7633144666801428
1,0.8605958514995375,0.7579773709636409,0.82899667382426,0.8203824739772451,0.7869021125624899,0.7555475570181452,0.6830810785083647,0.7279073945740612,0.8025157909847831,0.8580659536541889,0.8227355072463768
2,0.9066116088092572,0.7181085796387521,0.8205128205128206,0.8209876543209876,0.7653898768809849,0.7156920077972709,0.7370526206430835,0.7134351646546769,0.7817005156266442,0.743202062822316,0.822749351437876
