,18A2,868Z11,A23,A6,NYE-S1,TCR2-T,TCR3,TCR6,TCR7,T1,FLT3DY
0,0.8279044858870969,0.7002474372569812,0.8120925567734077,0.7486897274633123,0.725925925925926,0.7105522402197594,0.5965151515151516,0.7278300899769826,0.8023356457259491,0.8384684684684686,0.7426548397136633
1,0.8795650301464256,0.7479035639412999,0.8218549127640037,0.755236335125448,0.7674747474747474,0.7359003933398397,0.5489478818283167,0.7321109486679661,0.8315860215053764,0.814781746031746,0.7128540305010893
