,18A2,868Z11,A23,A6,NYE-S1,TCR2-T,TCR3,TCR6,TCR7,T1,FLT3DY
0,0.7870370370370371,0.7324507617985879,0.8235691823899373,0.7923816365626711,0.7200058734107242,0.772147495361781,0.6430384417918111,0.7800305710230374,0.7916407173197918,0.8433727034120735,0.7831541218637993
1,0.8776881720430109,0.7280796688691424,0.8091532498509243,0.8176472716746274,0.7892743652743652,0.7778799019607843,0.6484051777530039,0.7631826741996234,0.8127373866213151,0.8908942364824718,0.7930759716474003
2,0.8905468054404224,0.8250353107344632,0.7927083333333332,0.8102726574500768,0.8288419365721998,0.7503573749187784,0.6245986698773077,0.7497286079182631,0.7920495275333984,0.9873417721518987,0.7486614781696748
