,18A2,868Z11,A23,A6,NYE-S1,TCR2-T,TCR3,TCR6,TCR7,T1,FLT3DY
0,0.8242420848267623,0.6930124223602485,0.8087812616648004,0.7637325978460731,0.6767813166118252,0.7532612903768788,0.6102725547697084,0.7566593429587781,0.7785423348083195,0.8425895316804408,0.7732644865174985
1,0.8984630889392794,0.749475890985325,0.8256172839506174,0.8099323543969641,0.7762204424103737,0.775297619047619,0.6144804526748971,0.7722697056030389,0.852946542601715,0.8157738095238095,0.7446011842563567
