,18A2,868Z11,A23,A6,NYE-S1,TCR2-T,TCR3,TCR6,TCR7,T1,FLT3DY
0,0.8474967555156234,0.7191666666666666,0.8402616533093651,0.7829867086221873,0.7302206461780929,0.7906203417039329,0.646650438317105,0.7208946608946608,0.7054297693920336,0.8393223010244287,0.7864508177008176
