,18A2,868Z11,A23,A6,NYE-S1,TCR2-T,TCR3,TCR6,TCR7,T1,FLT3DY
0,0.7928676085818943,0.6432516655920911,0.8304110807679576,0.7691718243442381,0.6770271595254437,0.5877497772686776,0.6455145033219899,0.7886005586398576,0.8085357142857142,0.8564388120839733,0.6784828415869827
1,0.8043549116645381,0.7265466600909639,0.8378902662993571,0.7763940648723257,0.6968970044158014,0.6256410256410256,0.665151920163949,0.776781816952237,0.7845655806182122,0.8770053475935828,0.8127960927960928
2,0.8096064814814815,0.7390906645143932,0.8124479509094894,0.8063526223497529,0.7015503875968992,0.6546448087431694,0.6555134680134681,0.7734181689642984,0.7860977724423103,0.801087801087801,0.7739197530864198
3,0.8580246913580246,0.8333333333333334,0.785372340425532,0.8104865220249836,0.7935804824860297,0.7886363636363636,0.6744614512471655,0.8254493464052287,0.8244170096021947,0.7885802469135803,0.7119200244200244
