,18A2,868Z11,A23,A6,NYE-S1,TCR2-T,TCR3,TCR6,TCR7,T1,FLT3DY
0,0.7873398774714565,0.7180057613872964,0.8394434736177856,0.769842452629338,0.687717013888889,0.736351140268666,0.6440161213845425,0.7496570644718793,0.7993337006163967,0.8444037444037443,0.7151979565772669
1,0.830022776630118,0.7214460784313724,0.8431244260789715,0.7833772507685551,0.7672200987418378,0.696814954051796,0.6836196820944367,0.7637087087087088,0.8045949477351916,0.8423642364236423,0.8294772256728778
2,0.8855379188712522,0.7231429772413378,0.8178897180762853,0.8158573325163397,0.7703027730616864,0.6918967148262815,0.6787994891443168,0.804388422035481,0.7637353931471579,0.8192640692640693,0.8023854560739806
