,18A2,868Z11,A23,A6,NYE-S1,TCR2-T,TCR3,TCR6,TCR7,T1,FLT3DY
0,0.8283430126378845,0.7382238223822383,0.8159722222222223,0.7637320972450282,0.6895688225538971,0.6507264631788623,0.6250585860522587,0.7897484960498659,0.7931841563786008,0.8662823725981621,0.6161640673871309
1,0.8239620191005925,0.7779421433267587,0.8391398225957051,0.7587096774193549,0.6871067229673787,0.7297021580167647,0.6694374298540966,0.7753968253968253,0.7794198271413829,0.8662502739425816,0.7826131687242798
2,0.843342151675485,0.7330675653460462,0.839973544973545,0.7284974747474747,0.766949096225412,0.7443066540810902,0.6647399527186761,0.7955696006444217,0.7814032037939264,0.886025641025641,0.7813825757575757
3,0.8642348008385744,0.708076923076923,0.8791118421052632,0.8192802003777614,0.770251604403077,0.7472766884531591,0.659005868683288,0.782671629445823,0.8273612475293147,0.8597883597883599,0.8322390572390571
4,0.8787918268082427,0.7302287581699347,0.8723611111111111,0.7986652236652235,0.7477224736048266,0.7382035155620063,0.6771491988883293,0.755392290249433,0.8135802469135802,0.9400966183574879,0.8170787545787546
