,18A2,868Z11,A23,A6,NYE-S1,TCR2-T,TCR3,TCR6,TCR7,T1,FLT3DY
0,0.8077973696048488,0.7765798611111112,0.8006396198830409,0.7136733716475095,0.745471687492964,0.7546868592184662,0.6663273117566746,0.7596467152918766,0.811119233268356,0.8542785535266738,0.6306364296560375
1,0.8194809173669467,0.7592257929336581,0.8122152901564667,0.7499360670194003,0.771798556397932,0.7662580864828056,0.6800762252151141,0.7638333333333334,0.8176545086119553,0.850189933523267,0.6978523296184029
2,0.814176245210728,0.7274793108126442,0.8220915032679739,0.7656555144413609,0.774973544973545,0.7340555555555556,0.7016544209526665,0.7649975837329467,0.8171743171743172,0.8661666666666666,0.7683232323232323
3,0.8347045111750994,0.7628038194444443,0.8023950408565792,0.7547101449275363,0.7845815376610449,0.7136930199430199,0.6672327898550724,0.7752943727914067,0.8153175086224387,0.8660460021905805,0.7514568764568765
4,0.8685024154589372,0.7489523809523809,0.791759702286018,0.7918971548708406,0.8097103513770181,0.7082112332112332,0.6428731762065095,0.8335467924952252,0.7969340091433116,0.8584300718629075,0.8816630355846041
