,18A2,868Z11,A23,A6,NYE-S1,TCR2-T,TCR3,TCR6,TCR7,T1,FLT3DY
0,0.8070362473347549,0.7332606366697276,0.8144743045733146,0.7753398345153664,0.769097469496273,0.7102547211242863,0.644628537735849,0.7338242474629505,0.7388893963382454,0.8671802054154994,0.7712699739873653
1,0.8495034889962426,0.7641173245614036,0.8131545684362586,0.8027318017127799,0.8141868686868688,0.7319918909592823,0.6769089485728049,0.7487535612535612,0.8416518122400475,0.8998811645870469,0.796639160483554
2,0.8561353176737793,0.7766354016354017,0.8085978835978835,0.799294532627866,0.7965248599439776,0.7323953823953824,0.6752913752913753,0.8214922332569392,0.851851851851852,0.9912280701754386,0.82085346215781
