,18A2,868Z11,A23,A6,NYE-S1,TCR2-T,TCR3,TCR6,TCR7,T1,FLT3DY
0,0.8384156586021505,0.7022926829268292,0.8078480776409108,0.7702044025157232,0.6787887253988948,0.7545826389940918,0.6097310869606885,0.7363406141183919,0.7734407772770945,0.8434710743801653,0.7718206157965195
1,0.8889087301587302,0.7870115995115995,0.8226933073424302,0.8115719406041987,0.7897572806039626,0.7757227891156463,0.6405349794238683,0.7603672048116493,0.8545258620689654,0.8141865079365079,0.747082897944967
