,18A2,868Z11,A23,A6,NYE-S1,TCR2-T,TCR3,TCR6,TCR7,T1,FLT3DY
0,0.8376157847988835,0.6720380650277558,0.7670894526034714,0.769412206729565,0.7299695322793149,0.7407407407407408,0.6234615678630127,0.7599664244124272,0.7922596448254745,0.8421041119860018,0.6946291985367475
1,0.8675543830998892,0.7172676128372331,0.8370182555780934,0.7707884305710393,0.7648874364560639,0.7448989898989898,0.667154959203014,0.7802354823959763,0.7942182875975249,0.8459645964596461,0.8160499837715028
2,0.888824101068999,0.7765705731807427,0.8363921957671957,0.8053325462416372,0.8115093354223789,0.7537615740740741,0.6416040100250627,0.7918871252204586,0.8264775413711583,0.8207502374169041,0.8068783068783069
