,18A2,868Z11,A23,A6,NYE-S1,TCR2-T,TCR3,TCR6,TCR7,T1,FLT3DY
0,0.838253746704451,0.6935192527976034,0.7663217623497998,0.7559804946011842,0.7271354852876591,0.7408854166666666,0.6245413370026373,0.7522474747474748,0.7906878954888752,0.8405293088363953,0.6961118501274802
1,0.8697666952801679,0.7088052409504774,0.8366351138156413,0.7747190656565657,0.7745165165165165,0.7230106516290727,0.6668952546296296,0.7789983164983165,0.7937811070755986,0.8443444344434444,0.79915611814346
2,0.8901360544217688,0.7412660256410257,0.8369708994708995,0.7942110177404295,0.8005184331797235,0.7313500112688752,0.6496291328020201,0.783530026430635,0.8273157102944336,0.8160018993352326,0.7869167869167869
