,18A2,868Z11,A23,A6,NYE-S1,TCR2-T,TCR3,TCR6,TCR7,T1,FLT3DY
0,0.8001638504864311,0.7354901960784314,0.8484604368063016,0.7282575197238659,0.7187277135929254,0.7287548462247257,0.6751477202575183,0.7288417966146875,0.7199662095010932,0.8481605041238068,0.7300852439741329
1,0.7936792739424319,0.7769607843137254,0.8443793911007026,0.8274628399746996,0.7876923076923078,0.7632317368166425,0.6884378991060025,0.727116402116402,0.8203703703703704,0.7881944444444445,0.8063920943177908
