,18A2,868Z11,A23,A6,NYE-S1,TCR2-T,TCR3,TCR6,TCR7,T1,FLT3DY
0,0.8333125353565606,0.707420634920635,0.8061664094650206,0.7461489898989898,0.6615151515151515,0.7367594711416222,0.6355480796187273,0.7612565026010404,0.7473818916126609,0.840661938534279,0.7706625258799171
