,18A2,868Z11,A23,A6,NYE-S1,TCR2-T,TCR3,TCR6,TCR7,T1,FLT3DY
0,0.7966483011937558,0.7150522317188984,0.8377365689865689,0.7887288523090992,0.6851503759398496,0.7035369171592082,0.6527789839339991,0.7806009276063722,0.7978080120937264,0.8065789473684211,0.7195228866740494
1,0.8407465550322694,0.6943108974358975,0.8158393330807124,0.8167600373482727,0.7819818210685083,0.7094780219780219,0.7147449559533957,0.771021021021021,0.771989468864469,0.8287671232876712,0.7818930041152262
