,18A2,868Z11,A23,A6,NYE-S1,TCR2-T,TCR3,TCR6,TCR7,T1,FLT3DY
0,0.7730195473251028,0.7291004320534767,0.8415852616721762,0.7840305868994394,0.7436765895042693,0.7333091787439613,0.6888863451363451,0.7635445362718091,0.7960434173669467,0.6531395114072279,0.6861449286355419
1,0.8662757201646091,0.6869270833333333,0.8333187976045119,0.755166306495635,0.780791275521269,0.7165546871429225,0.6942140306502008,0.7723443223443223,0.8014984402852049,0.8128640776699029,0.7482738780207135
2,0.8807161753590326,0.7216666666666667,0.8553571428571428,0.7800347222222221,0.8051414768806072,0.748235171261487,0.6710390946502058,0.8155461592670895,0.7819559228650137,0.8157051282051282,0.727921498661909
