,18A2,868Z11,A23,A6,NYE-S1,TCR2-T,TCR3,TCR6,TCR7,T1,FLT3DY
0,0.841794380587484,0.7504095004095005,0.7901515151515152,0.8008101851851851,0.8223071046600459,0.7461180124223602,0.7071301442010824,0.7447045707915273,0.8028867102396514,0.9242424242424242,0.783184523809524
