,18A2,868Z11,A23,A6,NYE-S1,TCR2-T,TCR3,TCR6,TCR7,T1,FLT3DY
0,0.8244047619047619,0.7098015873015874,0.8077743902439024,0.7447916666666666,0.6436618936618936,0.7347508263412154,0.6271024719300582,0.7247227173697762,0.7536019536019536,0.8417651694247438,0.7716287094547963
