,18A2,868Z11,A23,A6,NYE-S1,TCR2-T,TCR3,TCR6,TCR7,T1,FLT3DY
0,0.8657373366013071,0.7008746448243567,0.8173150266971777,0.7902,0.7697031039136303,0.7151875901875903,0.6130530226274908,0.7596124457485177,0.7808348030570252,0.8113726551226551,0.8223497732426304
1,0.9026970994934381,0.7324797843665768,0.8520955165692009,0.7566316522759354,0.784413096482062,0.7284687459889616,0.6230373230373231,0.8070546737213404,0.8152823920265782,0.8145539906103286,0.7841666666666667
