,18A2,868Z11,A23,A6,NYE-S1,TCR2-T,TCR3,TCR6,TCR7,T1,FLT3DY
0,0.8475080018289894,0.687406015037594,0.8008566679452755,0.7682346723044398,0.7378600823045268,0.7208333333333333,0.6366681722372779,0.7156422317354615,0.8298408057179988,0.8148936170212765,0.7642261657672617
