,18A2,868Z11,A23,A6,NYE-S1,TCR2-T,TCR3,TCR6,TCR7,T1,FLT3DY
0,0.8604524022870798,0.7044606851370135,0.8177372685185186,0.7777408928553049,0.7391522988505748,0.7251430715827002,0.6546163192913348,0.7461490868748933,0.7759350551923694,0.9305555555555555,0.6639930950275778
1,0.8832125603864736,0.720997150997151,0.8563748079877112,0.7342470760233919,0.7616006929087424,0.7075976695353857,0.6845533498759305,0.7333918128654972,0.7655453288393397,0.9072769953051644,0.7753734276729561
