,18A2,868Z11,A23,A6,NYE-S1,TCR2-T,TCR3,TCR6,TCR7,T1,FLT3DY
0,0.8435019841269842,0.771660052910053,0.8748798076923077,0.7932736455463729,0.6885351966873706,0.7813198636262016,0.6013738156761413,0.7591719077568134,0.7493940368940369,0.912914230019493,0.8055272108843538
