,18A2,868Z11,A23,A6,NYE-S1,TCR2-T,TCR3,TCR6,TCR7,T1,FLT3DY
0,0.8436753246753247,0.7574002574002575,0.8492912665752171,0.7730544077134986,0.6197916666666666,0.6961034833460462,0.6460975609756098,0.7727295285359802,0.7984673659673659,0.8388494877856579,0.8038194444444446
