,18A2,868Z11,A23,A6,NYE-S1,TCR2-T,TCR3,TCR6,TCR7,T1,FLT3DY
0,0.8310884374902789,0.7513843251795059,0.8202240143369175,0.8200256533589867,0.7235868016036585,0.7445969997457412,0.6642376893939393,0.7672747034154644,0.8067107307403836,0.8384684684684686,0.783722377840025
1,0.9040279949370859,0.7405194805194806,0.8351831960854517,0.8133081896551725,0.7191224413446635,0.7212593370681607,0.6638120333772507,0.7726126126126126,0.8367208672086721,0.8668813741277509,0.7352800734618917
