,18A2,868Z11,A23,A6,NYE-S1,TCR2-T,TCR3,TCR6,TCR7,T1,FLT3DY
0,0.8455532398046474,0.6994936266806356,0.8073068309070548,0.7670323800131493,0.6779919703648517,0.7506067749257901,0.6093142046652483,0.7576794308432726,0.7695737092391305,0.8425895316804408,0.776429527634347
1,0.9080438531658043,0.7580656522964215,0.8197693307342431,0.8180945398687335,0.8000194250194251,0.7761479591836734,0.6226337448559671,0.7841748035246487,0.8484948002189382,0.8157738095238095,0.746168582375479
