,18A2,868Z11,A23,A6,NYE-S1,TCR2-T,TCR3,TCR6,TCR7,T1,FLT3DY
0,0.8337784100362717,0.7590343915343915,0.8061342592592592,0.7655776515151516,0.6536525252525253,0.735513602847699,0.6263517211793074,0.7615366146458583,0.7515373515373517,0.839243498817967,0.7710904071773638
