,18A2,868Z11,A23,A6,NYE-S1,TCR2-T,TCR3,TCR6,TCR7,T1,FLT3DY
0,0.8008278548819089,0.7251498652587581,0.8338895306550294,0.7654803874529765,0.7251224620789839,0.7403804347826087,0.679904168874757,0.7823280292751121,0.7991261058413975,0.8385022385022385,0.7452256944444443
1,0.8597741060025542,0.7611345522737928,0.8288279167088523,0.7827469687934805,0.7329643073200242,0.7446863913029326,0.6905527872483027,0.7940625935908955,0.814919926303855,0.8524821232123213,0.8065453065453064
2,0.8851094935921363,0.8166263115415657,0.8502209595959597,0.7934736980191527,0.7610830745341616,0.7277644001070214,0.6891827171999584,0.7781462585034014,0.8502403846153846,0.9906250000000001,0.7847222222222222
