,18A2,868Z11,A23,A6,NYE-S1,TCR2-T,TCR3,TCR6,TCR7,T1,FLT3DY
0,0.8198375841564696,0.7730017175320386,0.8341880341880342,0.7696555081542975,0.7357412846687211,0.682275655101742,0.6152777777777777,0.761886806004453,0.6922471887305647,0.8633136094674555,0.7685643969126112
1,0.8266288864114951,0.7181451612903226,0.8472222222222222,0.7492725716730853,0.7903351002440991,0.7526850414078675,0.6382549019607844,0.8034900284900285,0.8133253301320528,0.9154040404040403,0.8374170812603648
2,0.8497668997668998,0.6723646723646723,0.8192797540623628,0.7162301587301587,0.7662972085385878,0.8256172839506174,0.6429925388183102,0.7976527149321267,0.8426452020202021,0.8973214285714285,0.8526334776334776
