,18A2,868Z11,A23,A6,NYE-S1,TCR2-T,TCR3,TCR6,TCR7,T1,FLT3DY
0,0.7845518595518595,0.676170388751034,0.7600111389585074,0.7340553863243858,0.6999563386431177,0.7564168284789643,0.6463417548107556,0.7632939263374047,0.7409263626834383,0.6479012345679013,0.7503129524831409
1,0.8506535947712418,0.7296939171939173,0.8224722957732666,0.7989537093085822,0.7555886243386243,0.7435002195871762,0.6732197640961147,0.7972008547008547,0.8074482738409238,0.8411510058568883,0.7881099743168708
2,0.8705903384713173,0.7615682137834038,0.8127604166666668,0.8029269841269842,0.7481284529966071,0.7175555555555556,0.6697971781305115,0.8036368393511251,0.7877107695002846,0.8412418300653596,0.7704639804639805
3,0.8783256217466743,0.8218954248366012,0.8601351351351351,0.7827248396707569,0.7544175824175824,0.7245852187028659,0.6642712947060774,0.8240595611285267,0.8315133070772168,0.8204780361757106,0.7407295506274297
4,0.8824959150326798,0.8295985060690944,0.8421217827997488,0.8288052943225357,0.8101911976911976,0.7191388888888888,0.638920970136941,0.8033145716072546,0.8100953809881042,0.816765873015873,0.7554526748971194
