,18A2,868Z11,A23,A6,NYE-S1,TCR2-T,TCR3,TCR6,TCR7,T1,FLT3DY
0,0.8571751839981007,0.6912812021507673,0.8257368486506653,0.7961549837326235,0.7577855603448276,0.7017019222697893,0.6419265114917289,0.7574554788177079,0.7334781321749425,0.8027360988526038,0.6873219373219374
1,0.907998907998908,0.5864197530864198,0.8136802810715854,0.76010101010101,0.7988461538461538,0.6846590909090909,0.7074051282051282,0.7330952380952381,0.7497236958443855,0.8845029239766081,0.7840084204413472
