,18A2,868Z11,A23,A6,NYE-S1,TCR2-T,TCR3,TCR6,TCR7,T1,FLT3DY
0,0.8056872528825437,0.7657936097215035,0.7943846975539985,0.7611473466590263,0.6970411669764122,0.7549114181395735,0.6276820839978735,0.7441278816876903,0.7414311179017061,0.859006734006734,0.6182995750555448
1,0.8190228408654013,0.7668342212293062,0.8347359735973597,0.7236201888162673,0.7045407979281405,0.7600391327099402,0.6213313014086709,0.7386741814278047,0.8540140858715027,0.8456685499058381,0.6315419619998329
2,0.8365583804143126,0.7938152342882523,0.8380991931656384,0.7768309295606013,0.7422558922558923,0.7209798406000938,0.5913189837338445,0.7830162668872346,0.8462499639904358,0.8140968508615568,0.6739423076923078
3,0.8498822605965465,0.7555700231481483,0.844017094017094,0.7815611664295875,0.7539094650205761,0.7130514705882353,0.6172222222222222,0.7734892658362046,0.8339821829405163,0.739367816091954,0.8302469135802469
4,0.8474426807760141,0.7566693344004269,0.8336523125996811,0.7910087719298247,0.7926902057336841,0.6919836116264687,0.6074343574343574,0.814892623716153,0.8186813186813188,0.8058449074074074,0.8093946540880502
