,18A2,868Z11,A23,A6,NYE-S1,TCR2-T,TCR3,TCR6,TCR7,T1,FLT3DY
0,0.8260493827160493,0.6745039682539682,0.8125,0.7813632119514472,0.7989583333333333,0.689057239057239,0.5995075757575757,0.7803258145363409,0.7876984126984127,0.9485062893081762,0.7562500000000001
