,18A2,868Z11,A23,A6,NYE-S1,TCR2-T,TCR3,TCR6,TCR7,T1,FLT3DY
0,0.8883389074693423,0.7558641975308643,0.7914886039886039,0.7773751023751023,0.7862020202020202,0.6889757561399352,0.7169990503323836,0.7727504432624114,0.7970679012345679,0.8530228758169933,0.8043225220959597
