,18A2,868Z11,A23,A6,NYE-S1,TCR2-T,TCR3,TCR6,TCR7,T1,FLT3DY
0,0.8420116194625997,0.7675132275132275,0.8237762237762238,0.8010012404749247,0.6663577863577864,0.6877893518518517,0.6567516845294622,0.7464369395556965,0.7964773164167628,0.8014322916666666,0.7674647887323944
