,18A2,868Z11,A23,A6,NYE-S1,TCR2-T,TCR3,TCR6,TCR7,T1,FLT3DY
0,0.7902036125792278,0.7014345991561183,0.816749050791604,0.7576923076923077,0.7753590571387182,0.7210144927536232,0.634730062237661,0.770869949615995,0.7742057673509285,0.8482459732459732,0.7689909297052154
1,0.8832142857142857,0.7166442048517521,0.8364463601532567,0.7534577183699991,0.8022592592592593,0.7054672090729782,0.6448677248677248,0.8359166666666665,0.754109977324263,0.8451841787439612,0.7400593990216632
