,18A2,868Z11,A23,A6,NYE-S1,TCR2-T,TCR3,TCR6,TCR7,T1,FLT3DY
0,0.8668592436974789,0.8067129629629631,0.822962962962963,0.7753878066378067,0.7613418669453152,0.71869918699187,0.6660180097680097,0.6780303030303031,0.8115231599886331,0.9458689458689459,0.8632964257964257
