,18A2,868Z11,A23,A6,NYE-S1,TCR2-T,TCR3,TCR6,TCR7,T1,FLT3DY
0,0.8667799513704685,0.7889822595704948,0.8113333008968683,0.8032568158436213,0.666669130327667,0.7226190476190476,0.5690239984882842,0.7806918257726944,0.7039810547875064,0.9091096212655846,0.6669815169575705
1,0.9006077284715056,0.764957264957265,0.8695160031225605,0.7794924554183812,0.7581924315619967,0.723388888888889,0.4918778427550358,0.7439999999999999,0.8287652270210409,0.8816425120772946,0.7630065359477124
