,18A2,868Z11,A23,A6,NYE-S1,TCR2-T,TCR3,TCR6,TCR7,T1,FLT3DY
0,0.8366798743485401,0.7368827160493826,0.8511169900058788,0.7774817674817674,0.7200619029663148,0.733765015015015,0.6296182917611489,0.7826666666666667,0.8102551834130781,0.856140350877193,0.8075025575025574
