,18A2,868Z11,A23,A6,NYE-S1,TCR2-T,TCR3,TCR6,TCR7,T1,FLT3DY
0,0.8401819685690654,0.7283197831978319,0.814625602101883,0.7835144927536234,0.7841478696741855,0.7411066425754308,0.672503885003885,0.7612559866658227,0.7820006071645415,0.8569773943605719,0.6535599816849816
1,0.8899564753223291,0.771082621082621,0.8419753086419752,0.8066179031696272,0.8007962164750957,0.7201977401129943,0.6103869915122183,0.7596560846560848,0.8204692133263561,0.7444444444444445,0.7078773849607183
