,18A2,868Z11,A23,A6,NYE-S1,TCR2-T,TCR3,TCR6,TCR7,T1,FLT3DY
0,0.767974617974618,0.6987698412698413,0.8723611111111111,0.8062184343434344,0.7661564183862639,0.6949111824945776,0.6583333333333333,0.7408447408447408,0.7424090757424091,0.8492021276595745,0.7832924836601306
