,18A2,868Z11,A23,A6,NYE-S1,TCR2-T,TCR3,TCR6,TCR7,T1,FLT3DY
0,0.8380477547144215,0.6744110275689223,0.8112922277344672,0.8102573099415205,0.7555041152263374,0.677079043461549,0.6129286694101509,0.7096949891067537,0.8240559789807396,0.8718971631205674,0.8078812974465149
