,18A2,868Z11,A23,A6,NYE-S1,TCR2-T,TCR3,TCR6,TCR7,T1,FLT3DY
0,0.8237497930120882,0.704684350048415,0.8347587261855097,0.7966588050314466,0.7456051587301588,0.7598343685300207,0.6531423228477927,0.7491773504273503,0.786302175191064,0.8494744744744743,0.6950176366843034
1,0.9039376321353064,0.7659904198365736,0.8515873015873017,0.807172251616696,0.8056644880174292,0.7461494031574895,0.6242658730158729,0.7592603764478764,0.8153496168582377,0.823943661971831,0.7120122354497355
