,18A2,868Z11,A23,A6,NYE-S1,TCR2-T,TCR3,TCR6,TCR7,T1,FLT3DY
0,0.8070306038047974,0.7048985507246376,0.8024811726734803,0.7850359024050885,0.6974013090084519,0.7484022556390978,0.6387921022067364,0.718376400772045,0.7438299766329143,0.8612761276127613,0.7305088141025641
1,0.8364197530864197,0.645010395010395,0.8396164021164022,0.7886231884057971,0.7822828512483685,0.7829365079365079,0.6427350427350428,0.7359369557645419,0.7532150205761318,0.9325757575757576,0.6884057971014492
