,18A2,868Z11,A23,A6,NYE-S1,TCR2-T,TCR3,TCR6,TCR7,T1,FLT3DY
0,0.7708708708708709,0.7259566674460292,0.8220377332219438,0.7669178192401059,0.6587491072339557,0.7382503080443584,0.6532382032382033,0.7717679419854964,0.6974873737373737,0.8119574652777777,0.7257517182130585
1,0.8285731747066493,0.7166999777925828,0.8799274799274799,0.7564625850340135,0.7320624546114741,0.729161616161616,0.6788540163540162,0.7791438191438192,0.787547572635292,0.8101941747572816,0.8587534293552812
2,0.8695193065405831,0.7405982905982906,0.880795532969446,0.7841930289335619,0.7874666666666666,0.724578373015873,0.6241151123422591,0.7805292848846855,0.7711538461538462,0.8361823361823362,0.859704415954416
