,18A2,868Z11,A23,A6,NYE-S1,TCR2-T,TCR3,TCR6,TCR7,T1,FLT3DY
0,0.8410692223516537,0.7520648278011531,0.8250572956455309,0.730285909946927,0.6991241907390976,0.6236979166666666,0.6593329782984956,0.7322128664349995,0.7276949592622436,0.8535726495726497,0.7764364674441205
1,0.8482201646090535,0.7788476874003191,0.8232857966004034,0.7605502915451895,0.7101083572796935,0.6630500301386377,0.6484462682379349,0.7616204417051874,0.8149470899470899,0.8594359435943595,0.7607108081791627
2,0.892643352236925,0.7341130604288498,0.8262189054726369,0.8163049413049412,0.8007792275033654,0.720601628629594,0.6296720061022122,0.7794612794612794,0.8034298024860824,0.8526695526695526,0.7436937682839323
