,18A2,868Z11,A23,A6,NYE-S1,TCR2-T,TCR3,TCR6,TCR7,T1,FLT3DY
0,0.8536137234413097,0.7637878787878787,0.861968449931413,0.7980832860654189,0.7965506267136702,0.7307455846188241,0.6065931087882307,0.7143702526055468,0.8377232142857142,0.9155141843971631,0.8083333333333332
