,18A2,868Z11,A23,A6,NYE-S1,TCR2-T,TCR3,TCR6,TCR7,T1,FLT3DY
0,0.8250868055555555,0.7489527629233511,0.801764480245493,0.7967087821738984,0.7139713103254769,0.7199944305207463,0.6795097906209017,0.7382449835280024,0.7953583453583454,0.9759450171821307,0.7188924501424502
