,18A2,868Z11,A23,A6,NYE-S1,TCR2-T,TCR3,TCR6,TCR7,T1,FLT3DY
0,0.7940832724616508,0.7490930952963234,0.8145379023883695,0.7370582826990727,0.722559706103589,0.7329227053140097,0.6614048397136633,0.7539496802305151,0.7726658950617283,0.8388670166229222,0.6371527777777777
1,0.8004288499025342,0.75687922705314,0.8023651320993513,0.7816793135942074,0.7826610381488429,0.7591914258580926,0.6312307098765433,0.7794224294224295,0.8142766874814154,0.8098705501618122,0.667625
2,0.8337350780532599,0.7237166991552956,0.761746821448314,0.7988192171017655,0.8304436304436305,0.7675426102644448,0.6751089324618736,0.7701530612244899,0.8080610021786493,0.8112535612535612,0.854320987654321
3,0.8518073361823362,0.7627338877338877,0.7569444444444443,0.8491380957841225,0.8230438842203548,0.7442760942760943,0.6950854700854702,0.7774943310657596,0.7952418266509946,0.7431818181818182,0.7900999322493224
