,18A2,868Z11,A23,A6,NYE-S1,TCR2-T,TCR3,TCR6,TCR7,T1,FLT3DY
0,0.8465014923348257,0.722704991087344,0.8392857142857144,0.7694681175469852,0.6772749099639856,0.7319619471213245,0.6729080932784637,0.7259098925765591,0.7766975308641975,0.8679824561403509,0.76996632996633
