,18A2,868Z11,A23,A6,NYE-S1,TCR2-T,TCR3,TCR6,TCR7,T1,FLT3DY
0,0.8197242981322065,0.7600903614457831,0.8082812612224378,0.7792067240119188,0.8210618378911061,0.7036680053547523,0.6830387205387205,0.7136675020885548,0.7724362581435771,0.843756371049949,0.8282957286788704
1,0.8200660109004843,0.7932142857142858,0.8248015873015873,0.7579042457091237,0.8398337112622828,0.7302875695732839,0.701343795093795,0.732682022084196,0.7244372605363983,0.8297619047619048,0.8516949152542374
