,18A2,868Z11,A23,A6,NYE-S1,TCR2-T,TCR3,TCR6,TCR7,T1,FLT3DY
0,0.8522098105876639,0.7974963667591491,0.8036378637863786,0.7631380819273902,0.7103363640760265,0.7088032816122704,0.6372776669272625,0.7458119658119657,0.7793148880105402,0.8646723646723647,0.7709625160605552
1,0.8857741838873915,0.7542119186856029,0.7932748003170539,0.8120509607351712,0.7389708909749672,0.723477564102564,0.6577083333333333,0.7874009324009323,0.8363009419454056,0.8657622739018089,0.7174321405090636
2,0.9149831649831649,0.6547619047619048,0.8632644272179156,0.7688724319159101,0.7767045454545455,0.7242424242424242,0.749774531024531,0.879852207977208,0.8200445231929491,0.9912280701754386,0.7685185185185185
