,18A2,868Z11,A23,A6,NYE-S1,TCR2-T,TCR3,TCR6,TCR7,T1,FLT3DY
0,0.8273635477582846,0.7263749535488665,0.8297839506172839,0.7659082348912859,0.7344629960909029,0.6813918128654971,0.6313949013949013,0.7763118679780149,0.8066230158730159,0.8581669226830518,0.6229509276829011
1,0.8190225606799578,0.7012850241545893,0.8553850364195191,0.717706084900812,0.7769181648491993,0.6866767184450132,0.6591894473838918,0.789388778110114,0.785545513615689,0.8308430843084308,0.6990740740740741
2,0.8021706425961744,0.7146198830409357,0.8940229500891266,0.7346934821359374,0.8011220580186098,0.7111586570111915,0.6595004095004096,0.7812415654520919,0.8004284772577456,0.8407467532467532,0.7425766283524905
