,18A2,868Z11,A23,A6,NYE-S1,TCR2-T,TCR3,TCR6,TCR7,T1,FLT3DY
0,0.8133001422475106,0.7110132876824,0.7992666852315975,0.7921345773844313,0.710409118357488,0.7366968599033816,0.6420280755980553,0.7818948412698412,0.7967995169082126,0.843591426071741,0.7206649831649833
1,0.846138334341601,0.7455769230769231,0.8435721581788999,0.814571607254534,0.699823717948718,0.7179824561403508,0.6452662896194179,0.7536532067782069,0.8145264242647964,0.8475847584758475,0.7650759734093068
2,0.8547619047619047,0.759031198686371,0.8724376114081996,0.8226510630602702,0.8193821736011477,0.7399380804953561,0.646765216503268,0.7540008557980317,0.7625488842880147,0.8090277777777777,0.7487240829346092
