,18A2,868Z11,A23,A6,NYE-S1,TCR2-T,TCR3,TCR6,TCR7,T1,FLT3DY
0,0.7853648055950687,0.7332216708023159,0.8118603801169592,0.7222308937449418,0.7027140462810383,0.7350578179989945,0.6383991384721952,0.7211509928901233,0.7988734567901234,0.8566654732068266,0.6728395061728395
1,0.8132972274931478,0.7346585998271391,0.8140676567656765,0.7579156662665065,0.7817283950617284,0.73053569401884,0.6528865578865578,0.7542558926915529,0.7721063516981884,0.8397545474468551,0.8362342638204706
2,0.8356150793650793,0.7394563008130081,0.8042703823953824,0.758635145784082,0.8105571230571232,0.7204903283850652,0.6460918710918709,0.7705138607167004,0.7822727272727272,0.8498834498834499,0.8345482295482296
3,0.8689111111111111,0.6982259570494865,0.8206668206668207,0.8110967979389031,0.7807886904761904,0.7071759259259259,0.679080418210853,0.7920079815164881,0.8035840864788234,0.8143939393939394,0.8294788000670353
4,0.862888929641176,0.7037735849056604,0.7941712204007286,0.7847943722943723,0.773124716553288,0.6861321548821548,0.7030864197530864,0.7944505494505494,0.8081137432348505,0.8148692810457515,0.8404285772706825
5,0.858270202020202,0.7876693766937669,0.7563973063973064,0.8185984848484847,0.755952380952381,0.7357503607503607,0.6591017677974199,0.8197450697450698,0.8559829059829059,0.8793238993710691,0.8145661157024793
