,18A2,868Z11,A23,A6,NYE-S1,TCR2-T,TCR3,TCR6,TCR7,T1,FLT3DY
0,0.8365280485163527,0.7513164251207729,0.8205623306233063,0.7909489633173843,0.6973534363240246,0.6752952643045523,0.6693616693616694,0.7594310451453309,0.770503144654088,0.8518617021276595,0.7346761729799084
