,18A2,868Z11,A23,A6,NYE-S1,TCR2-T,TCR3,TCR6,TCR7,T1,FLT3DY
0,0.8162768537768539,0.7014748349834984,0.7161740558292281,0.6944292078417714,0.7423445647312437,0.7459546925566342,0.6327733569112879,0.7009868069854344,0.7650498951781971,0.8576599326599327,0.7412099291025619
1,0.8152445239082367,0.700925925925926,0.8307625534188033,0.7764126305792972,0.7783125216788068,0.7339514652014651,0.6811238406983088,0.7221881663113007,0.8181109938846882,0.8582470669427192,0.7481170129221105
2,0.8571865687526606,0.7996070958027479,0.8618518518518519,0.7853308128544424,0.7808943488943489,0.7009733410049866,0.6990140114167099,0.701079277864992,0.8284279073752758,0.8601081458224317,0.8043925132532728
3,0.8768988872762457,0.8394431846812799,0.8749358974358974,0.8212711010330058,0.7875283446712018,0.7014747075300708,0.7069545088566828,0.7217701081805404,0.8168048469387754,0.8508199464524765,0.8099838969404187
4,0.865100585688821,0.8010185185185185,0.841157476403378,0.8432090785031962,0.8249484004127967,0.700925925925926,0.7163180386864597,0.7012740183792815,0.7883862599309754,0.8173202614379086,0.8250841750841751
5,0.8722018722018721,0.792186417186417,0.8715524034672972,0.8509259259259259,0.8032263630089717,0.7403846153846153,0.7112654320987654,0.7398530762167125,0.8216540404040406,0.8691037735849058,0.8665343915343916
