,18A2,868Z11,A23,A6,NYE-S1,TCR2-T,TCR3,TCR6,TCR7,T1,FLT3DY
0,0.7934106098579784,0.7129034914361001,0.718992557150452,0.7574117753471933,0.7386581109985366,0.7233676975945018,0.6414253647586982,0.7556047508609178,0.8078056746274749,0.8895619047619047,0.7838238394662103
1,0.8101293103448275,0.6922036191442583,0.8620962370962371,0.7851685570258349,0.7789129936597662,0.6874220182490859,0.6568011463844797,0.7681091855004899,0.7667641915523271,0.8935185185185185,0.7887387387387387
2,0.8157338883749615,0.7321428571428572,0.8860708534621579,0.7974537037037037,0.8345750789549239,0.7202729044834308,0.6647875816993464,0.7698298777246145,0.7664707977207977,0.9591880341880342,0.7622155521429569
3,0.8696603641456582,0.7522222222222222,0.9288194444444445,0.8162151067323483,0.813813025210084,0.7259700176366843,0.661951690821256,0.7198946886446888,0.7164351851851851,0.9627705627705628,0.692140921409214
