,18A2,868Z11,A23,A6,NYE-S1,TCR2-T,TCR3,TCR6,TCR7,T1,FLT3DY
0,0.8638744588744589,0.7542486890151827,0.8083874458874458,0.8121605648201392,0.7477796674225247,0.701424923811877,0.6595992544268406,0.7291346646185355,0.740648591174907,0.8640070921985816,0.7914737654320988
