,18A2,868Z11,A23,A6,NYE-S1,TCR2-T,TCR3,TCR6,TCR7,T1,FLT3DY
0,0.8343520651988393,0.7041499330655956,0.8084079880552446,0.7639952718676123,0.6807081807081808,0.7516863992767607,0.6108571483334292,0.7613197865353037,0.7726559222722905,0.8434710743801653,0.7732262382864792
1,0.9039044289044288,0.7792694726656991,0.8189571150097464,0.8066137566137566,0.7827421815408085,0.7757227891156462,0.6191615226337448,0.7732873851294904,0.8511220580186097,0.8173611111111111,0.7451236502960641
