,18A2,868Z11,A23,A6,NYE-S1,TCR2-T,TCR3,TCR6,TCR7,T1,FLT3DY
0,0.8628587461920795,0.7005016111878343,0.8202568983553703,0.7914723365340649,0.7401931872270855,0.6839957231523496,0.6334009661835748,0.7726275311837578,0.77021164754676,0.848996723996724,0.7122093023255814
1,0.8835903679653679,0.6941872427983539,0.7918035030103995,0.8150747102360004,0.8212087087087087,0.6667472988227706,0.6379171903365451,0.7955703484549638,0.788907753254103,0.8148148148148149,0.7462797619047619
