,18A2,868Z11,A23,A6,NYE-S1,TCR2-T,TCR3,TCR6,TCR7,T1,FLT3DY
0,0.8684353298611112,0.7268467810636485,0.8087532661440836,0.8081634409908952,0.7544187336156482,0.7503427128427128,0.6275266929940032,0.7525656814449917,0.7976482424699741,0.8444077134986226,0.7508625095834397
1,0.8979301948051948,0.7756575185820469,0.8044871794871794,0.7785395408163266,0.7636080586080586,0.7214410169574714,0.6804553471220137,0.7809954751131222,0.8134339080459769,0.8865903755868544,0.811074621419449
