,18A2,868Z11,A23,A6,NYE-S1,TCR2-T,TCR3,TCR6,TCR7,T1,FLT3DY
0,0.820758887609896,0.7204585537918872,0.8641774891774893,0.7923925667828108,0.7387795594428247,0.7423262773522225,0.6754928675660383,0.7007275132275134,0.7580315639526166,0.8800194931773878,0.8720807752497893
