,18A2,868Z11,A23,A6,NYE-S1,TCR2-T,TCR3,TCR6,TCR7,T1,FLT3DY
0,0.7972801722616399,0.6639854536489153,0.7679127725856697,0.7713290751718572,0.6991776740421315,0.7408854166666666,0.6333059660645867,0.711646577479506,0.7947254541743213,0.8421041119860018,0.6953566677751913
1,0.8743691372704453,0.7246058183433265,0.8358688302907371,0.7840424873033568,0.7217355495657382,0.7166666666666667,0.6665539837736634,0.7487207602339181,0.7919146825396824,0.8456645664566458,0.7948068808828302
2,0.9108906525573192,0.7660437490945965,0.8352347883597883,0.7944837990292535,0.7678772522522522,0.7289731682146542,0.6417345446950711,0.7599747474747475,0.8271545239630346,0.8188509021842355,0.7776148582600194
