,18A2,868Z11,A23,A6,NYE-S1,TCR2-T,TCR3,TCR6,TCR7,T1,FLT3DY
0,0.8895043664065403,0.7000805152979067,0.8405701754385966,0.7519348894348893,0.787949494949495,0.7455246913580247,0.7221067221067221,0.7756777587882443,0.7693602693602694,0.8808429118773945,0.698665762098598
