,18A2,868Z11,A23,A6,NYE-S1,TCR2-T,TCR3,TCR6,TCR7,T1,FLT3DY
0,0.8693888888888889,0.6395037615740741,0.7914737654320988,0.697275641025641,0.7266757246376812,0.7096445221445221,0.5627511874314943,0.7245370370370371,0.8050612244897959,0.8470098039215687,0.8337892817059483
