,18A2,868Z11,A23,A6,NYE-S1,TCR2-T,TCR3,TCR6,TCR7,T1,FLT3DY
0,0.8236925111925112,0.7127910052910053,0.8201678240740741,0.7633680555555555,0.6639313131313131,0.7402428171878973,0.628045533217947,0.7634653861544618,0.7499178172255095,0.840661938534279,0.7723188405797101
