,18A2,868Z11,A23,A6,NYE-S1,TCR2-T,TCR3,TCR6,TCR7,T1,FLT3DY
0,0.8343621654742978,0.6979586563307493,0.7968121693121694,0.7575434261755016,0.7498980488110923,0.674842066146414,0.6093159486016629,0.7804128732531564,0.7748348873348873,0.8455603038936372,0.7406548266280053
1,0.8259293300653594,0.726346516007533,0.784320987654321,0.772767094017094,0.8079968673860076,0.7317822651448639,0.5791113546868022,0.7604451345755695,0.8121558147068351,0.8578972868217054,0.8112731795567617
2,0.8878906249999999,0.7636363636363637,0.7800574130361365,0.7945580060964677,0.8552469135802468,0.7684997750787224,0.5992194674012856,0.8009031198686372,0.7666666666666666,0.8055555555555557,0.7958152958152956
