,18A2,868Z11,A23,A6,NYE-S1,TCR2-T,TCR3,TCR6,TCR7,T1,FLT3DY
0,0.8293731955894118,0.7083733699382293,0.8081144407448515,0.7487511376276671,0.6935395837747941,0.6536188397890527,0.6418714168714169,0.7797156052503645,0.8195014492753624,0.8497435897435898,0.7706163194444443
1,0.8167689285786608,0.7393890831390831,0.8586845466155811,0.7924015285126397,0.7650366300366299,0.6316114962731504,0.6938624338624338,0.7958238851095993,0.8270253837969296,0.8418591859185919,0.7572708333333334
2,0.8534722222222223,0.7013409961685824,0.8850696014875119,0.8160524160524161,0.8088109661385522,0.6658074387947269,0.7002741228070176,0.842280982905983,0.8001869658119659,0.8869648869648868,0.8245442708333334
