,18A2,868Z11,A23,A6,NYE-S1,TCR2-T,TCR3,TCR6,TCR7,T1,FLT3DY
0,0.7936072875309862,0.6734876543209877,0.8289435283817306,0.7939083346837358,0.7096240414212764,0.7297979797979798,0.7167954643940488,0.7843542638864275,0.7829411491692193,0.9052884615384614,0.8469461697722567
1,0.8655228758169935,0.7520396270396271,0.8306666666666667,0.8314761904761904,0.8491882774615221,0.7233401084010841,0.7146455262397291,0.7430952380952381,0.8619146005509641,0.9328282828282829,0.8390885600187925
