,18A2,868Z11,A23,A6,NYE-S1,TCR2-T,TCR3,TCR6,TCR7,T1,FLT3DY
0,0.8615696649029982,0.7445913290689411,0.8391666666666667,0.7799363458750866,0.8206597856533918,0.7234722222222222,0.7076955782312927,0.7611111111111111,0.7770191409897292,0.849766081871345,0.8423992673992674
