,18A2,868Z11,A23,A6,NYE-S1,TCR2-T,TCR3,TCR6,TCR7,T1,FLT3DY
0,0.8380604288499026,0.6732909771473601,0.749350104821803,0.713045634920635,0.7456225968648328,0.6743344907407408,0.6508422813569873,0.7252331679160947,0.7143106893106893,0.8917989417989419,0.6992294461644306
1,0.8329933805418719,0.7373188405797101,0.8532520830742444,0.7277650793650793,0.7844296647230321,0.6840538847117794,0.6471051090616308,0.7616983393254579,0.7453174603174603,0.9053705370537054,0.77985902985903
2,0.8693415637860081,0.7822614543926019,0.8794191919191919,0.760188230994152,0.8334409991386735,0.7040903376436781,0.6576018743201405,0.7524516419253261,0.7432704706640877,0.8986229819563154,0.7837474120082816
3,0.8835034013605442,0.82,0.810480693459417,0.8259034792368126,0.8645123106060607,0.7262310606060606,0.6812301587301587,0.7927339901477831,0.7841372282608695,0.875,0.7758169934640522
