,18A2,868Z11,A23,A6,NYE-S1,TCR2-T,TCR3,TCR6,TCR7,T1,FLT3DY
0,0.8405692014864498,0.7126811594202899,0.8215469228627122,0.7649705367096672,0.7425819941582867,0.6967553688141924,0.64247311827957,0.7554300062774639,0.734454669817187,0.8158613158613158,0.7579012345679011
1,0.8902162203755002,0.7574404761904762,0.8159451659451659,0.7983164983164984,0.7552450460565986,0.7136370573870573,0.6418469686725264,0.7413503332367429,0.7519625603864735,0.9504434011476265,0.8262301587301587
