,18A2,868Z11,A23,A6,NYE-S1,TCR2-T,TCR3,TCR6,TCR7,T1,FLT3DY
0,0.8257014590347923,0.751164631388512,0.8471971066907775,0.7724504177992549,0.738000228489359,0.7209314471602948,0.7058905450165612,0.7650205761316874,0.7834265746926657,0.8530092592592592,0.7948448610213316
