,18A2,868Z11,A23,A6,NYE-S1,TCR2-T,TCR3,TCR6,TCR7,T1,FLT3DY
0,0.8637902695595003,0.6907769423558897,0.8360734037204626,0.8176111111111112,0.8359549638395792,0.7060714285714287,0.6469850948509485,0.8061850173287123,0.7891894087069525,0.7743413516609392,0.7386150234741784
