,18A2,868Z11,A23,A6,NYE-S1,TCR2-T,TCR3,TCR6,TCR7,T1,FLT3DY
0,0.8858929374718848,0.7056649543378996,0.8361780455153949,0.7426705426356589,0.783820704207609,0.7358649789029535,0.6328222996515679,0.7678411910669976,0.7822382098697888,0.8145282613367719,0.743459595959596
