,18A2,868Z11,A23,A6,NYE-S1,TCR2-T,TCR3,TCR6,TCR7,T1,FLT3DY
0,0.8328882566303951,0.7833480046948358,0.8048441734417344,0.7659883720930232,0.571796718687475,0.7361238240528859,0.6343750461098078,0.7662264905962385,0.7485559312482389,0.840661938534279,0.7663975155279502
