,18A2,868Z11,A23,A6,NYE-S1,TCR2-T,TCR3,TCR6,TCR7,T1,FLT3DY
0,0.8299853299853299,0.7379032258064516,0.8205925733125108,0.7485294453581872,0.7244877856579984,0.7363568376068376,0.6714805795983315,0.7638341174300077,0.7465243652743653,0.8551139754147273,0.6808872063676956
1,0.8521525811750724,0.7308484848484849,0.84859375,0.8056344458965853,0.7127569957580734,0.7347122574395302,0.689114107181334,0.7739128637566138,0.7877060074428496,0.8651471984805319,0.7148321449792038
2,0.8437347540151826,0.7442094017094018,0.8664082687338501,0.8210871991072852,0.7509077705156136,0.7079922027290447,0.6580327080327081,0.7789708475982987,0.7880573830409356,0.8178847296494355,0.7678289473684211
3,0.8652710681696189,0.7112933634992459,0.8642267267267267,0.8202488202488203,0.8082678993583249,0.7143130501339456,0.6719937084520419,0.779535764032877,0.8364651221794079,0.8195736434108527,0.7296118233618234
4,0.8451086956521738,0.7409090909090909,0.8729166666666667,0.8519457591465706,0.8213244929492068,0.7023863636363638,0.6453942652329748,0.7863052279528252,0.7903776440361807,0.8205357142857143,0.732493894993895
