,18A2,868Z11,A23,A6,NYE-S1,TCR2-T,TCR3,TCR6,TCR7,T1,FLT3DY
0,0.8056972789115645,0.701388888888889,0.7956751054852319,0.8188049324412962,0.7405478395061728,0.6707683073229291,0.6449321896549087,0.7099057804940158,0.7767195767195768,0.8154970760233918,0.7222124542124542
