,18A2,868Z11,A23,A6,NYE-S1,TCR2-T,TCR3,TCR6,TCR7,T1,FLT3DY
0,0.8282791265842113,0.7102560439386002,0.7971425726802069,0.7538429839188853,0.7098792871819187,0.7639315863953544,0.6915879857690203,0.7467111920663833,0.7808620054713805,0.8121212121212121,0.7716155810983397
1,0.8094193817878028,0.6781934996220711,0.8058551617873652,0.8159013605442177,0.7977676563202879,0.746861471861472,0.6690406367825723,0.7304559461422206,0.7865384615384615,0.8993055555555555,0.8530071119356833
