,18A2,868Z11,A23,A6,NYE-S1,TCR2-T,TCR3,TCR6,TCR7,T1,FLT3DY
0,0.8491082045184304,0.7885493827160494,0.8176182237600923,0.7682100508187465,0.7477775419732127,0.7712827296160629,0.6203424329501915,0.7249235842985843,0.7979603480245329,0.795673076923077,0.8364782471062665
1,0.8142036124794746,0.8096096096096096,0.8907801418439716,0.761320097526994,0.8407743496672716,0.8441358024691358,0.6114871794871795,0.8010325994196963,0.7555715889049223,0.98559670781893,0.8726851851851851
