,18A2,868Z11,A23,A6,NYE-S1,TCR2-T,TCR3,TCR6,TCR7,T1,FLT3DY
0,0.7899452917771882,0.7234446800989748,0.811176142697882,0.8021135923505204,0.7131578947368422,0.6802150303294469,0.6741500686813185,0.7808792815371763,0.7886704811123416,0.8390690690690691,0.7587868480725625
1,0.887054367201426,0.7617444284110949,0.8557692307692308,0.7986764193660746,0.8642291666666667,0.7071988795518207,0.6541714725105728,0.8140155945419103,0.7548970306513411,0.8576190476190476,0.7552771302771303
