,18A2,868Z11,A23,A6,NYE-S1,TCR2-T,TCR3,TCR6,TCR7,T1,FLT3DY
0,0.8177674578603371,0.743784136300644,0.8202989788854275,0.7314303904923599,0.7137714460784313,0.6660847953216374,0.6557403123192597,0.7021697070204533,0.6631787580830898,0.8317256817256817,0.7488544251447479
1,0.8900823045267489,0.7789115646258504,0.8041187739463602,0.7785973207249803,0.7428289303289303,0.6862121212121212,0.6975287654563999,0.7358182358182358,0.7860097119223046,0.8078703703703703,0.8127480158730158
2,0.8831251927227876,0.8223521767381415,0.8015840220385675,0.7970775462962961,0.7878481194372667,0.6916666666666668,0.7069444444444445,0.7455705074292123,0.8182659932659933,0.8028933092224232,0.7732177666388192
