,18A2,868Z11,A23,A6,NYE-S1,TCR2-T,TCR3,TCR6,TCR7,T1,FLT3DY
0,0.8267296669113278,0.7120772946859905,0.8270917678812415,0.7575521644347555,0.752104256336681,0.7423970037453184,0.6027061287477955,0.7627995642701526,0.7773310023310024,0.8747665732959851,0.8121477455716586
1,0.8315471499868662,0.7016583747927031,0.812202380952381,0.8000373741370971,0.6886960775849665,0.7422936038320653,0.6111744639376218,0.8012505770279912,0.8268621562739211,0.8462532299741602,0.7512025012025013
2,0.8589869281045751,0.5267011197243755,0.7720959595959597,0.7976206509539843,0.823874521072797,0.7345779220779222,0.61575311942959,0.8479114452798663,0.8335648148148148,0.7795414462081128,0.7889615633074936
