,18A2,868Z11,A23,A6,NYE-S1,TCR2-T,TCR3,TCR6,TCR7,T1,FLT3DY
0,0.8643427741466958,0.8093055555555555,0.840260167183244,0.7960973863229502,0.7977430555555555,0.7085779517286367,0.6168380330376712,0.7634405807647658,0.7833774688293059,0.8151072124756334,0.7943966693966694
