,18A2,868Z11,A23,A6,NYE-S1,TCR2-T,TCR3,TCR6,TCR7,T1,FLT3DY
0,0.8107638888888888,0.7471685971685972,0.8454710144927535,0.8124708624708625,0.7821180555555555,0.8384575569358179,0.6383605072463768,0.7269782913165267,0.8507625272331155,0.7678571428571429,0.8391304347826086
