,18A2,868Z11,A23,A6,NYE-S1,TCR2-T,TCR3,TCR6,TCR7,T1,FLT3DY
0,0.8615341448674781,0.7251157407407408,0.8237023204343465,0.8281646423751687,0.6966666666666667,0.7319444444444444,0.6304106845251747,0.7591031746031747,0.7622377622377622,0.8158479532163744,0.8025494505494505
