,18A2,868Z11,A23,A6,NYE-S1,TCR2-T,TCR3,TCR6,TCR7,T1,FLT3DY
0,0.8587645445085612,0.755250677506775,0.8172922085965565,0.8039511402045094,0.6644969613719615,0.6636698334984749,0.6299993350053199,0.7401816239316239,0.7643477380319487,0.8423140495867769,0.8009071444669823
1,0.8890778533635677,0.7438271604938271,0.8274701033321724,0.7574641577060932,0.7574112329395977,0.6791184573002754,0.6711646196940314,0.7643965237166991,0.7673804370232942,0.9085648148148149,0.7725
