,18A2,868Z11,A23,A6,NYE-S1,TCR2-T,TCR3,TCR6,TCR7,T1,FLT3DY
0,0.8269105650367848,0.7438295493636051,0.8142463597009052,0.8175465838509317,0.7222751508465795,0.6874867724867725,0.7113236557681001,0.7541757443718228,0.7838687744348122,0.8417651694247438,0.7851897860593512
