,18A2,868Z11,A23,A6,NYE-S1,TCR2-T,TCR3,TCR6,TCR7,T1,FLT3DY
0,0.8400220567962503,0.7272270901788973,0.8191457586618878,0.7681960784313725,0.6842668818940005,0.7105075523032179,0.6075433010083465,0.6946693869010253,0.7961776859504132,0.9079635642135641,0.7595109502047599
1,0.9039876113046844,0.7666666666666667,0.8311182950191571,0.7989337822671155,0.806140350877193,0.7067267098226852,0.6056958473625141,0.7491830065359478,0.7758620689655172,0.9034722222222222,0.7191672552382875
