,18A2,868Z11,A23,A6,NYE-S1,TCR2-T,TCR3,TCR6,TCR7,T1,FLT3DY
0,0.7993240142610046,0.6657215647600263,0.7700712060525143,0.7495959595959595,0.701316349528654,0.7414641203703703,0.6307720789465212,0.7527994227994229,0.7914717289242703,0.8415791776027998,0.6963543398736282
1,0.8662093085821899,0.724628025760604,0.8358688302907371,0.7746496212121213,0.7202256164520316,0.7182539682539683,0.6659876800036982,0.7807368557368557,0.7928899313962874,0.8450045004500452,0.7964556962025316
2,0.9095744680851064,0.7660437490945965,0.8676682692307692,0.7930105375483526,0.7674750643500644,0.7321766425868592,0.641656223893066,0.7833609933001414,0.8260906941758006,0.817426400759734,0.7856842231842233
