,18A2,868Z11,A23,A6,NYE-S1,TCR2-T,TCR3,TCR6,TCR7,T1,FLT3DY
0,0.7829399888610414,0.6844135802469135,0.7701713395638629,0.7511529083942877,0.7327967171717171,0.7398726851851851,0.6257166609333792,0.7524891774891774,0.7770412457912458,0.8423228346456693,0.6953774526105754
1,0.8748868312757202,0.695333820662768,0.834358800991661,0.7749905303030303,0.7569069069069069,0.712819349962207,0.6611281998110643,0.776406035665295,0.787432789207637,0.8459645964596461,0.7985329438493997
2,0.9161616161616161,0.7660747914985203,0.8371362433862434,0.7869368286034953,0.8032021604938272,0.7252842313395945,0.6397335932423652,0.7833917265965947,0.8472860251450678,0.8193257359924027,0.7804232804232805
