,18A2,868Z11,A23,A6,NYE-S1,TCR2-T,TCR3,TCR6,TCR7,T1,FLT3DY
0,0.8302558697089948,0.694235970250169,0.8184722222222222,0.7967618245690279,0.7423414472594801,0.7326278659611992,0.6614217786285055,0.7515630364467573,0.7196833648393195,0.8375235404896421,0.7095873461744248
1,0.8412150808653646,0.7029464687359424,0.8300241262389149,0.8148373983739837,0.8092822477650063,0.7484597578347577,0.6490695970695971,0.7474973701177507,0.7402852049910873,0.8359496124031006,0.6757246376811593
2,0.8937908496732025,0.7239467849223947,0.801948051948052,0.8138802622498275,0.8338763575605682,0.8024628879892037,0.597879684418146,0.7506814173480839,0.6958570075757576,0.8387054507337526,0.7125661375661375
