,18A2,868Z11,A23,A6,NYE-S1,TCR2-T,TCR3,TCR6,TCR7,T1,FLT3DY
0,0.839822748655914,0.6937314475292474,0.8087812616648004,0.7624980299448385,0.6761802134646961,0.7506067749257901,0.6081498092883292,0.761278735632184,0.7774936061381074,0.8396696696696697,0.776314782941289
1,0.8892584380389259,0.7572626534890685,0.8196068875893436,0.8057142857142857,0.7631006006006006,0.7761479591836734,0.5721390374331551,0.7767126148705096,0.8537493158182814,0.8157738095238095,0.7456461163357716
