,18A2,868Z11,A23,A6,NYE-S1,TCR2-T,TCR3,TCR6,TCR7,T1,FLT3DY
0,0.7861234980800198,0.6958252665448695,0.8181177242170848,0.7761178545492271,0.7122310057092666,0.7706832298136645,0.6447473708276178,0.7482112312115587,0.781473770157175,0.8866102430555555,0.7612204519421013
1,0.8510403363133249,0.6787480063795854,0.8276515151515151,0.8120978120978121,0.7546344421344422,0.7437757201646091,0.6621353847947081,0.7465396825396825,0.8011945924056944,0.8818770226537217,0.8318467247038676
2,0.8587269455690508,0.7861952861952862,0.8163170163170164,0.8115862573099415,0.8055620487247416,0.7163580246913579,0.6516139789249032,0.7703309999135771,0.779255698005698,0.9289732770745429,0.8827473958333334
