,18A2,868Z11,A23,A6,NYE-S1,TCR2-T,TCR3,TCR6,TCR7,T1,FLT3DY
0,0.8207602339181287,0.7243233618233619,0.8151455026455027,0.7378503279666071,0.783997064785242,0.757159090909091,0.6632264675742936,0.7106527093596059,0.7852086688137413,0.8775995246583482,0.7948194444444446
1,0.8584087481146305,0.6770833333333334,0.8098484848484849,0.847296494355318,0.8244444444444445,0.7939684525050379,0.7017918728445044,0.7846424010217113,0.7669418644650844,0.881682389937107,0.7977272727272728
