,18A2,868Z11,A23,A6,NYE-S1,TCR2-T,TCR3,TCR6,TCR7,T1,FLT3DY
0,0.7811024038970666,0.7339494024699809,0.8200961906323441,0.7577864414121723,0.6620241645175157,0.6780853994490359,0.6764374668786433,0.7612662903044601,0.7945630129986266,0.8426290463692038,0.8133322294435015
1,0.8265402206080172,0.7330113257828114,0.8270114942528736,0.7417791838113158,0.7132655531348342,0.6917147625781958,0.6923575740426334,0.8170742020048266,0.7964647610405323,0.8418954248366012,0.8414337474120083
2,0.8911845730027549,0.7297311165845649,0.8059228650137741,0.7786549707602339,0.7976473922902495,0.6930038881883145,0.6677516504905441,0.7874070374070373,0.8008312020460359,0.8523929773929774,0.828448418612353
