,18A2,868Z11,A23,A6,NYE-S1,TCR2-T,TCR3,TCR6,TCR7,T1,FLT3DY
0,0.8322980060753213,0.7130773092369478,0.8082400149309444,0.7626608878381927,0.6798907307381884,0.7488781211803737,0.6024212715389187,0.7567011927181418,0.7713906818766153,0.8444077134986226,0.7756358768406962
1,0.8966904820563357,0.7342735042735042,0.8207439896036387,0.8053439153439154,0.7747168925658628,0.7761479591836734,0.5960832097195734,0.7784478557504872,0.8446998722860792,0.8189484126984127,0.7466039707419018
