,18A2,868Z11,A23,A6,NYE-S1,TCR2-T,TCR3,TCR6,TCR7,T1,FLT3DY
0,0.7827417695473251,0.6859672172172173,0.7774180551958331,0.772894349926486,0.7685338461788143,0.7220879219267614,0.6392623315535214,0.7736827524111302,0.775925925925926,0.8591820987654321,0.7414004914004915
