,18A2,868Z11,A23,A6,NYE-S1,TCR2-T,TCR3,TCR6,TCR7,T1,FLT3DY
0,0.8707133058984912,0.7079942618675013,0.8130341880341879,0.7797146636432352,0.7228163992869875,0.7458847736625515,0.6010155038759689,0.7307189542483661,0.8080738705738706,0.8795321637426902,0.8042402885315333
