,18A2,868Z11,A23,A6,NYE-S1,TCR2-T,TCR3,TCR6,TCR7,T1,FLT3DY
0,0.841934046345811,0.7158279220779221,0.8412418300653594,0.7436873764284039,0.7620556019678827,0.6775047258979207,0.662722029988466,0.7869707661290323,0.7493468337218337,0.8457977207977208,0.8015717257112186
1,0.8586752136752137,0.7248093681917211,0.8996765904660641,0.7738492063492064,0.7176957970296548,0.7432835820895524,0.6517218973359324,0.767796499477534,0.792335390946502,0.8847868217054264,0.8229691876750701
2,0.8874920178799489,0.6628919860627178,0.8390522875816995,0.7970648514126776,0.7866941015089163,0.7289972899728997,0.6193287037037037,0.7717803030303031,0.8690615835777127,0.8467171717171716,0.8831168831168831
