,18A2,868Z11,A23,A6,NYE-S1,TCR2-T,TCR3,TCR6,TCR7,T1,FLT3DY
0,0.8256744398719708,0.7399488304093568,0.8281158823327498,0.7728934266086847,0.7278304331110109,0.7392378634943523,0.6629512407687721,0.7327060194707253,0.7336293007769145,0.8623976608187135,0.7919608571782485
