,18A2,868Z11,A23,A6,NYE-S1,TCR2-T,TCR3,TCR6,TCR7,T1,FLT3DY
0,0.7970436655017826,0.6730002643404706,0.7675344904316868,0.7665952629745733,0.6994777166063093,0.7408854166666666,0.6312260536398467,0.7593466218992165,0.7916391100224537,0.8421041119860018,0.6983773971843475
1,0.8768899650255583,0.7317361111111111,0.8366351138156413,0.7924013043693895,0.7134101788863694,0.7417676767676769,0.6669238148071099,0.7831062194269741,0.7913682068872747,0.8456645664566458,0.7971048360921777
2,0.9133666207529844,0.7644985272103916,0.833746693121693,0.7846328635620915,0.7716805454496457,0.7542462160302718,0.640638053467001,0.7966195977749252,0.8244573393509563,0.8188509021842355,0.7882395382395382
