,18A2,868Z11,A23,A6,NYE-S1,TCR2-T,TCR3,TCR6,TCR7,T1,FLT3DY
0,0.8074452772798869,0.7322249493532804,0.8238651535380508,0.7417798353909465,0.7028230676328503,0.6384782608695653,0.6460241754359402,0.7616811983009165,0.7637664967822383,0.8467236467236466,0.7642280126336248
1,0.8508507316556851,0.7384344051010717,0.8135580524344569,0.7486864344503233,0.833626653913598,0.7110194745236296,0.6761678684467288,0.7801282051282051,0.7819604183481301,0.8459645964596461,0.7704166666666667
2,0.8669473402833466,0.7276084949215144,0.8268921095008052,0.8233529755268885,0.8432568149210904,0.7652904190300313,0.7241899514626787,0.795156772386374,0.7718816841157267,0.8570175438596491,0.7952777777777778
