,18A2,868Z11,A23,A6,NYE-S1,TCR2-T,TCR3,TCR6,TCR7,T1,FLT3DY
0,0.8409183155758498,0.7638649425287357,0.8220679012345679,0.8046870259884722,0.7035863095238094,0.6956827894327895,0.6994612794612795,0.7522592546532354,0.8362434546202963,0.8495384615384616,0.7887919795577806
1,0.8255540552342181,0.7736861861861861,0.8213692453725677,0.762013019280461,0.7795365120674166,0.7579113924050632,0.6195987654320988,0.7942373103087389,0.8189837620872104,0.8397689768976898,0.7602728468113084
2,0.8164001676847527,0.7282176028306059,0.7950413223140496,0.7855514605514605,0.7703387147831592,0.790365706399862,0.6191770186335402,0.816260162601626,0.8058952294685989,0.8442982456140351,0.8051030353661934
3,0.9090663580246914,0.7296446243814665,0.8217329545454546,0.7723761745500877,0.8293582540228567,0.7966810966810968,0.6054933391889913,0.8273039919899002,0.815873015873016,0.7667714884696016,0.7448958333333332
