,18A2,868Z11,A23,A6,NYE-S1,TCR2-T,TCR3,TCR6,TCR7,T1,FLT3DY
0,0.7751128643436336,0.678631100082713,0.760735171261487,0.7366054875787912,0.7184159378036931,0.7562873786407768,0.6462621065375302,0.7619483726150392,0.7145760923535254,0.8332622601279317,0.7322183775470972
1,0.8503547586592569,0.7312409812409811,0.8207561047366871,0.8130336934156378,0.7577530815630737,0.7438222807788025,0.6678285256410256,0.8016307248852353,0.816981249164614,0.8324786324786325,0.7881481481481482
2,0.8785596707818929,0.7686202686202686,0.8129024621212121,0.8233059605608625,0.7605045045045046,0.7192323232323233,0.6690457097032879,0.7977922460681081,0.8064546198801968,0.842852564102564,0.7828718900147472
3,0.8809891240446796,0.7987557870370371,0.8601351351351352,0.8306646825396825,0.7586640211640212,0.7181202342047931,0.6613740079365079,0.822632299673116,0.7893394199785178,0.808853238265003,0.7564001853082765
4,0.8942214778071249,0.8077097505668934,0.8389830508474576,0.8228988953798962,0.8230976013234077,0.720361111111111,0.6358882030178327,0.8015419501133786,0.8059872110884864,0.8043478260869565,0.7870284477427335
