,18A2,868Z11,A23,A6,NYE-S1,TCR2-T,TCR3,TCR6,TCR7,T1,FLT3DY
0,0.8654828568621672,0.6685880544576196,0.7932784636488339,0.7862197663709951,0.7107719350366409,0.6880707762557078,0.5940527065527066,0.724265706282513,0.7866682360326429,0.839952718676123,0.7776498736005779
