,18A2,868Z11,A23,A6,NYE-S1,TCR2-T,TCR3,TCR6,TCR7,T1,FLT3DY
0,0.8931218475810505,0.7765873015873016,0.8061245365042833,0.8241827541827541,0.7426599326599327,0.7222910216718267,0.5417722994434245,0.7354423868312757,0.7645723104056437,0.9160219213410703,0.7918595679012346
