,18A2,868Z11,A23,A6,NYE-S1,TCR2-T,TCR3,TCR6,TCR7,T1,FLT3DY
0,0.8455078125000001,0.697481021394065,0.8069522209779768,0.7626398739164696,0.6780230127687755,0.7491574995634712,0.6076227167308762,0.758469345051266,0.7740023545650144,0.8440771349862258,0.7764582138076114
1,0.8995968757873519,0.7515145111298956,0.8215562053281351,0.8193735827664398,0.7738367658276125,0.7626889297385621,0.6218106995884773,0.7730294396961064,0.8553422152560083,0.8195436507936508,0.7471264367816092
