,18A2,868Z11,A23,A6,NYE-S1,TCR2-T,TCR3,TCR6,TCR7,T1,FLT3DY
0,0.8273276156340673,0.7068607764390897,0.812998871447625,0.7635329655897033,0.6775522029759319,0.749480530818928,0.6164802675713492,0.7601600985221676,0.7735557991312466,0.8396696696696697,0.7775865366226812
1,0.899710338680927,0.7665295920012901,0.8737499999999999,0.8057142857142857,0.7803394355453852,0.7757227891156463,0.5839690612417884,0.7749920861031971,0.8595876664842182,0.8173611111111111,0.7461250435388367
