,18A2,868Z11,A23,A6,NYE-S1,TCR2-T,TCR3,TCR6,TCR7,T1,FLT3DY
0,0.8348299319727891,0.7752125075895568,0.8362103174603175,0.7390401765401765,0.7664399092970521,0.7179701426024957,0.5803815779185237,0.7465277777777778,0.7225172476397965,0.8127202255109233,0.7789048558279328
