,18A2,868Z11,A23,A6,NYE-S1,TCR2-T,TCR3,TCR6,TCR7,T1,FLT3DY
0,0.7971989833739278,0.716530910609858,0.8211419753086421,0.7911408188047532,0.7182037768994292,0.73828125,0.672419788209262,0.7283728209047569,0.7854949989793836,0.8421041119860018,0.715060763888889
1,0.8865210858068419,0.7834915611814347,0.804125138427464,0.7918747033697199,0.8092044776643155,0.7328111946532999,0.671218093093093,0.7549270482603815,0.7950965916082194,0.8113170540355007,0.7680817916260955
2,0.8875661375661377,0.7964856902356902,0.8164830119375573,0.8062562319777941,0.8215888558605817,0.7147079420003296,0.6853260869565218,0.7868745938921378,0.7776193305605069,0.8108974358974358,0.787109375
