,18A2,868Z11,A23,A6,NYE-S1,TCR2-T,TCR3,TCR6,TCR7,T1,FLT3DY
0,0.836275476660092,0.808664854624825,0.8371006630500301,0.7473544973544973,0.7330891330891331,0.7275043350673602,0.5999811803673593,0.7605476190476191,0.774238782051282,0.8523936170212766,0.7085322402103224
