,18A2,868Z11,A23,A6,NYE-S1,TCR2-T,TCR3,TCR6,TCR7,T1,FLT3DY
0,0.8539094650205762,0.7162231559290383,0.8362438725490197,0.794909951159951,0.7400170285227756,0.7167733674775928,0.6495242562315734,0.7384383046147752,0.7922227335480901,0.840661938534279,0.8262548262548263
