,18A2,868Z11,A23,A6,NYE-S1,TCR2-T,TCR3,TCR6,TCR7,T1,FLT3DY
0,0.8403013997979674,0.773479475607135,0.8168807927838464,0.7499810977076674,0.73363443738151,0.6976471278530775,0.6248856881572932,0.7105867346938775,0.7349404761904762,0.8303418803418804,0.6287570949432405
1,0.8137171916671706,0.7802801932367149,0.8120552574040946,0.7953851010101011,0.8310283041788145,0.7218374884579871,0.6767211283340316,0.7626951778998562,0.8034553977536434,0.8213725490196078,0.7496669996669997
2,0.8485999999999999,0.8704330870279146,0.8468089990817264,0.8186274509803922,0.8404125877993475,0.7087848297213623,0.6652199074074073,0.7466193853427896,0.7994216357119583,0.7786458333333334,0.756060606060606
