,18A2,868Z11,A23,A6,NYE-S1,TCR2-T,TCR3,TCR6,TCR7,T1,FLT3DY
0,0.767777502903361,0.7820347071127509,0.7837707695163836,0.7795297805642633,0.751724313845526,0.6167488118289034,0.6471591560600849,0.7325520833333333,0.7862092904794767,0.8425853018372704,0.73828125
1,0.8712984900336823,0.7683055040197897,0.8171636416018438,0.7699513019280461,0.7948349710254473,0.7118335868335869,0.648656033740236,0.7599257172131146,0.8087717359269084,0.8432026143790848,0.832012104164003
2,0.9006535947712418,0.8027882205513784,0.8142332415059688,0.7825076158409492,0.7994444444444445,0.7662753697970417,0.6437973081195587,0.753623188405797,0.787651046271736,0.8183760683760685,0.8386612021857923
