,18A2,868Z11,A23,A6,NYE-S1,TCR2-T,TCR3,TCR6,TCR7,T1,FLT3DY
0,0.771106728029805,0.6772291149710505,0.7603731551099973,0.7360840748980348,0.7192019665008861,0.7562718446601941,0.6461824582643049,0.7596049382716049,0.6888085484938763,0.6477872744539411,0.7313533256439829
1,0.849909125860683,0.7293609168609169,0.8195139093197344,0.8149213075060532,0.6670725463014998,0.744129702825355,0.668412316849817,0.7807470164649782,0.8167616619885051,0.8408454290807232,0.7653416347381864
2,0.8703250075023204,0.7630918893577121,0.8128551136363636,0.8223882410106899,0.7682909860859044,0.7192626262626263,0.6669369449642103,0.8079648411088574,0.8052210365853659,0.8428758169934641,0.7579509671614936
3,0.8949739873652917,0.8286324786324787,0.8330874604847208,0.8172745098039216,0.7622228648544437,0.7197542211328974,0.660171568627451,0.804140350877193,0.7965300155149779,0.823062015503876,0.7530885780885782
4,0.8902844231791601,0.8335334133653461,0.8040752351097179,0.8152691511387165,0.8139846743295021,0.7221638655462185,0.6449178501810081,0.8098504273504274,0.8114528632158039,0.8231150793650793,0.7571733821733823
