,18A2,868Z11,A23,A6,NYE-S1,TCR2-T,TCR3,TCR6,TCR7,T1,FLT3DY
0,0.8058261299156723,0.7090771349862259,0.7945175438596491,0.7736945333992901,0.6977427795442502,0.739824495892457,0.670902718077711,0.7520593716245889,0.7529193966693967,0.861158948845516,0.8067747662711254
1,0.8217484008528785,0.6697916666666667,0.8162678767876788,0.7654562715082474,0.7502059108527132,0.745137299771167,0.6817476990796317,0.7457067597153805,0.7701632248644138,0.8621794871794872,0.7761360099595395
2,0.8186648931524886,0.78392094017094,0.802579365079365,0.7885413039627124,0.7878918918918919,0.7442189351374079,0.6775012025012025,0.7418262896523765,0.8353654371584701,0.9173198569856985,0.7751366513233601
3,0.8473499628390933,0.8337542087542088,0.8551801801801803,0.7717830009496677,0.788464026915114,0.7450248756218906,0.6768501984126983,0.7428506728778467,0.8330100007519362,0.9291187739463602,0.8146464646464646
4,0.8617750005368378,0.8682237600922722,0.8119307832422588,0.7755208333333333,0.7905847953216374,0.7349678604224059,0.6744944911914059,0.754008891005795,0.8250423818605636,0.9788732394366196,0.804320987654321
5,0.8703102453102454,0.9411411411411411,0.7786008230452675,0.7956030897207368,0.8066239316239315,0.7262626262626263,0.6281662781662781,0.7650596877869605,0.8320802005012532,0.9732142857142856,0.8317207552240812
