,18A2,868Z11,A23,A6,NYE-S1,TCR2-T,TCR3,TCR6,TCR7,T1,FLT3DY
0,0.8151840869780084,0.7283238209356836,0.8243089284643522,0.7727102450424441,0.7539927023797993,0.6358854374087349,0.6269550854456515,0.7530706787368779,0.7642644338998936,0.8484444444444446,0.7141725377019496
1,0.8494151158630837,0.6970573870573871,0.8278598795840176,0.7671298546966997,0.7592612942612943,0.7411856937028561,0.5808825262165666,0.7826602863367569,0.7752248677248677,0.8213725490196078,0.7658764000227415
2,0.8730591630591631,0.6570854218880535,0.8353864734299518,0.756964478246933,0.7749299719887954,0.7886064030131826,0.6363742236024845,0.7668532873959232,0.7808159722222222,0.8393398268398268,0.7710395269218798
