,18A2,868Z11,A23,A6,NYE-S1,TCR2-T,TCR3,TCR6,TCR7,T1,FLT3DY
0,0.856516403256705,0.7363886113886114,0.8441409637061811,0.746289374166612,0.7060658862776635,0.7263908434187072,0.597422690006235,0.7316181272038658,0.7583478899268373,0.8424782404140202,0.7505151098901099
1,0.8811633319642472,0.6723970473970473,0.8654359688842447,0.7580097853535355,0.7862633900441084,0.7378706199460917,0.6323008040935673,0.7789911245927423,0.8063764192796451,0.8080357142857141,0.7178174603174603
