,18A2,868Z11,A23,A6,NYE-S1,TCR2-T,TCR3,TCR6,TCR7,T1,FLT3DY
0,0.8077997076023391,0.6963702683399653,0.8073429951690821,0.7533988864942529,0.7548394430235863,0.6619255907491203,0.6717137122467185,0.7637835463922421,0.7945406460333223,0.8617808393927797,0.7508150104702075
1,0.814011968423733,0.7116046831955923,0.8666050238865773,0.7587971442138107,0.7538488788863882,0.6780303030303031,0.6755149371069183,0.77843393690985,0.7794292165511446,0.9201972455648927,0.7653825102100965
2,0.8493842364532019,0.7222288676236044,0.9108903916596224,0.7608374447528009,0.789866255144033,0.6984858977587508,0.6688612805634082,0.7949165298303229,0.826278659611993,0.952804746494067,0.7684089414858645
3,0.8538448422847401,0.7871572871572873,0.9167543859649122,0.7841932841932842,0.8015819099378882,0.6957917669991973,0.6853603603603604,0.8174432497013142,0.8325910200910202,0.9846743295019157,0.7735836627140976
4,0.856453634085213,0.7622100122100122,0.9028057795698925,0.8292544317952667,0.8705937296946069,0.7170576563958916,0.6812083973374295,0.8326530612244897,0.8246954595791806,0.9812206572769954,0.7801783264746227
