,18A2,868Z11,A23,A6,NYE-S1,TCR2-T,TCR3,TCR6,TCR7,T1,FLT3DY
0,0.832786764628596,0.6977053140096618,0.8143736534318252,0.7672536687631027,0.6745997536945813,0.7489043129037891,0.6190246870986909,0.7591543513957307,0.7741309084020082,0.8425895316804408,0.7755115700898833
1,0.8925279931093885,0.756163708086785,0.8730555555555556,0.8028042328042329,0.7615990990990991,0.7538796768707483,0.6099632690541781,0.773599240265907,0.8566684911512498,0.8141865079365079,0.7451236502960641
