,18A2,868Z11,A23,A6,NYE-S1,TCR2-T,TCR3,TCR6,TCR7,T1,FLT3DY
0,0.7909619883040936,0.6781389578163771,0.7600946811473127,0.7353048526140156,0.7001704201349277,0.7496631473102061,0.6495807845885901,0.7629793825446,0.7520671273309057,0.6477872744539411,0.7303921568627451
1,0.8587883095345781,0.7281260406260407,0.8198734922035893,0.816108534265143,0.7411819811013359,0.7421819134399582,0.6723729395604395,0.7960256410256409,0.810746167843659,0.8405907817672524,0.7661079182630907
2,0.8781893004115227,0.7679080179080179,0.8122395833333332,0.8255555555555555,0.7631670131670131,0.7196363636363636,0.6679130672758857,0.8091412490922295,0.7896465641834188,0.8418954248366014,0.772715379858237
3,0.8797353961827646,0.7997685185185185,0.8641141141141141,0.8311277819454862,0.773779761904762,0.7194648692810457,0.6611674998737564,0.8234282479972136,0.8332582582582583,0.8217700258397933,0.7507102272727272
4,0.877566425120773,0.8155381944444445,0.839610797237916,0.8237750172532782,0.827588813303099,0.7238562091503269,0.6457766439909297,0.7986071541627098,0.8464839424141749,0.8183531746031746,0.7812306740878169
