,18A2,868Z11,A23,A6,NYE-S1,TCR2-T,TCR3,TCR6,TCR7,T1,FLT3DY
0,0.8548970155527532,0.7515669515669515,0.8340996168582375,0.7847412008281575,0.7239583333333334,0.713915213915214,0.6761750735786928,0.7366568759757613,0.7729687466529572,0.8530897207367797,0.8027777777777777
1,0.8977029914529915,0.7063813813813814,0.8660929951690822,0.7868911335578002,0.849070567236951,0.6928523035230353,0.6634018155757285,0.7262546344073693,0.7009166356992443,0.6796536796536796,0.8228541041041041
