,18A2,868Z11,A23,A6,NYE-S1,TCR2-T,TCR3,TCR6,TCR7,T1,FLT3DY
0,0.853980553980554,0.7421194705677464,0.8393591222310945,0.6657596371882086,0.72700798305637,0.6756540120304164,0.7091542546505781,0.7384484563055991,0.7613679323746011,0.8890203813280736,0.7318936491350284
1,0.8220345596432553,0.7417233560090702,0.797176640926641,0.7492372706658421,0.8103434343434343,0.7539831208330815,0.6565469001610306,0.7631664078674948,0.746156462585034,0.882154882154882,0.719078035254506
2,0.8561507936507936,0.7943672839506174,0.8190016103059582,0.7813051146384479,0.8628556092324208,0.7671717171717171,0.6210781971651537,0.7732884399551067,0.7460911121500183,0.8765151515151515,0.66005698005698
