,18A2,868Z11,A23,A6,NYE-S1,TCR2-T,TCR3,TCR6,TCR7,T1,FLT3DY
0,0.7972519326485227,0.6524130917159763,0.7706720071206052,0.7717187108624864,0.731945816864295,0.7429108796296297,0.6260224362649544,0.7527922077922078,0.7923167993468055,0.8405293088363953,0.6944975612459817
1,0.8609537493158183,0.6811181434599156,0.8360942077980619,0.7836027499070978,0.7786606606606608,0.7446969696969697,0.6664152971361209,0.7776063100137175,0.7946302461662631,0.8436843684368438,0.7944044141512497
2,0.9049953746530991,0.8075738916256157,0.8671474358974359,0.7927637721755368,0.8005184331797235,0.7484292328042329,0.6412385129490393,0.7814247956235786,0.8287341500107458,0.8145773979107312,0.7897727272727272
