,18A2,868Z11,A23,A6,NYE-S1,TCR2-T,TCR3,TCR6,TCR7,T1,FLT3DY
0,0.844339302672636,0.6976473922902494,0.7830729166666668,0.7884707978236795,0.7655403726708075,0.6869817952415286,0.6419086280445852,0.75479195885928,0.7073759573759574,0.8561403508771931,0.7882051282051282
