,18A2,868Z11,A23,A6,NYE-S1,TCR2-T,TCR3,TCR6,TCR7,T1,FLT3DY
0,0.7821185997910135,0.7034872534872535,0.8232638888888889,0.7943872140584759,0.790961081402258,0.7731123151014793,0.5812282812082331,0.7376936026936027,0.7955840455840456,0.8596491228070177,0.7157863247863249
