,18A2,868Z11,A23,A6,NYE-S1,TCR2-T,TCR3,TCR6,TCR7,T1,FLT3DY
0,0.7878869253869253,0.7278594021018264,0.8154590552749262,0.737024066091954,0.6920033039436024,0.7307787274453941,0.6646567644155762,0.7934608972965137,0.7563379005364651,0.7025720164609054,0.6237030565801679
1,0.7928698752228164,0.7210723514211886,0.8443756875687569,0.7368930678184205,0.7399087625480814,0.7257209206827949,0.6924686681631126,0.7792273877941982,0.8004793739635159,0.8582633053221288,0.693654990085922
2,0.8430051116491795,0.7558926580665711,0.8305018736053219,0.8138824289405685,0.778650605839546,0.7453138528138528,0.7088121553701264,0.7889713612984052,0.7903328252032519,0.8582524271844661,0.7000305250305251
3,0.8788789115646258,0.7655139833711262,0.845329553076032,0.7870091896407686,0.7798659673659674,0.7298229233213753,0.6828320802005012,0.8048765432098767,0.777391975308642,0.8643137254901961,0.8166248955722639
4,0.8769246031746031,0.7692365835222978,0.8580633925461512,0.7789327027076575,0.7951646090534981,0.7320944280078896,0.6739238664215685,0.8034573034573035,0.796178955453149,0.8774154589371981,0.8229017447199265
