,18A2,868Z11,A23,A6,NYE-S1,TCR2-T,TCR3,TCR6,TCR7,T1,FLT3DY
0,0.8347724780701755,0.7119883040935674,0.7853703703703703,0.77093783249734,0.7500313024315729,0.7455764103887169,0.6364912781704386,0.7232171864847303,0.7672532781228432,0.8319592988710637,0.7661111111111111
1,0.8717081529581528,0.7039039039039038,0.911516379601486,0.7904040404040403,0.814625850340136,0.7197416020671833,0.5682938581859965,0.7710758377425044,0.8288122605363984,0.8042328042328042,0.8279835390946501
