,18A2,868Z11,A23,A6,NYE-S1,TCR2-T,TCR3,TCR6,TCR7,T1,FLT3DY
0,0.815482190860215,0.6952001633986927,0.8143338895842024,0.7932073446156028,0.6891495675681168,0.7537878787878788,0.5773816287878789,0.7766852874379756,0.786336756924992,0.8402702702702703,0.7213242184172417
1,0.8693500752997321,0.709639126305793,0.8368312757201646,0.7829159652076317,0.7724640125955915,0.7748778998778999,0.5785221496005809,0.7875675911390196,0.8192594043887147,0.8560537439613527,0.7924520502645502
