,18A2,868Z11,A23,A6,NYE-S1,TCR2-T,TCR3,TCR6,TCR7,T1,FLT3DY
0,0.8303874746912722,0.7325765095119934,0.8232456140350877,0.7568775614754099,0.711369431025228,0.6225369578377956,0.6618970337757496,0.7125263659250187,0.7858522614910868,0.8352523098791754,0.6388063642965603
1,0.8517672924065618,0.7338812595366901,0.8240476190476191,0.770320728654062,0.7636830689338526,0.6561471456134378,0.6584378142282554,0.7597068281335523,0.8152273082409632,0.8306026365348399,0.7099849555206698
2,0.881437389770723,0.7306359252561784,0.8134394341290893,0.775779353821907,0.8091168091168092,0.6963661652465607,0.6672347755969724,0.7736133569466902,0.8081248264006186,0.8312031203120313,0.7357905982905982
3,0.8770781499202552,0.7384466556108347,0.8170921544209215,0.7624996086534548,0.8270022158911048,0.709508547008547,0.6375000000000001,0.7667789001122335,0.7767587193607602,0.8672549019607844,0.7604712538923065
4,0.8766788766788767,0.7431372549019608,0.800824335307094,0.7747685584497729,0.8386135057471265,0.7161477411477412,0.6364814814814815,0.7939307728781412,0.7656803527282922,0.856280193236715,0.771933621933622
