,18A2,868Z11,A23,A6,NYE-S1,TCR2-T,TCR3,TCR6,TCR7,T1,FLT3DY
0,0.829654838763492,0.7297979797979798,0.7951540723692623,0.8125968992248063,0.7679421768707483,0.7484419185679378,0.7092487373737374,0.765459050193184,0.8152835793186669,0.839952718676123,0.7264902546592688
