,18A2,868Z11,A23,A6,NYE-S1,TCR2-T,TCR3,TCR6,TCR7,T1,FLT3DY
0,0.8224793619530462,0.7631109070503009,0.7198893974065599,0.7744224783991193,0.7353080120937263,0.7330833675083485,0.6634251141849037,0.7436762418482527,0.7893863041525059,0.8563074352548036,0.7679563492063491
1,0.8124719982078853,0.7316411238825031,0.8282206425770783,0.7851508916323731,0.7443413557151044,0.7252519736991787,0.6248049953119078,0.7679197810123263,0.8024545058297919,0.8099196001738375,0.7593038302277432
2,0.8480609456897512,0.6761930199430198,0.8409014357290219,0.821926300649705,0.7430741221704479,0.7408735852064403,0.6309850275807722,0.7720000998302886,0.7896299119241194,0.8658428949691085,0.8059616634178037
3,0.8668030690537084,0.7432006633499171,0.8331285831285831,0.8185022471342727,0.8075068870523415,0.726892082590612,0.6661594274813368,0.7928221204083273,0.7855050750458913,0.8884099616858238,0.8621031746031745
4,0.8696167097329889,0.8219570847206809,0.8654597701149425,0.8343672014260249,0.8304183813443072,0.7328381495048162,0.6270039682539682,0.7843067426400759,0.7731165311653116,0.8860035211267605,0.8499831309041834
