,18A2,868Z11,A23,A6,NYE-S1,TCR2-T,TCR3,TCR6,TCR7,T1,FLT3DY
0,0.7980461717674467,0.6647867357001972,0.7652202937249667,0.7643086032741205,0.6989020535471311,0.7418981481481483,0.6323432821404423,0.7535064935064936,0.7924882629107981,0.8415791776027998,0.6951696042567344
1,0.8809333307313519,0.7237175216522318,0.8360942077980619,0.7914425505050505,0.7305618543713782,0.7442727272727273,0.667201188082195,0.7797594997594998,0.7947311339790154,0.8436843684368438,0.8004284323271665
2,0.911138116242086,0.7651745617847313,0.8666266025641026,0.7875388198757763,0.7728932546419814,0.7482638888888888,0.6412124060150376,0.7826541274817137,0.8263915753277455,0.8160018993352326,0.78766835016835
