,18A2,868Z11,A23,A6,NYE-S1,TCR2-T,TCR3,TCR6,TCR7,T1,FLT3DY
0,0.8670865800865801,0.7655516431924884,0.8098805147058824,0.8085144927536231,0.707319947209653,0.7015608465608466,0.6743902439024391,0.734597941740799,0.7558311907905404,0.8092592592592592,0.8046000361141207
