,18A2,868Z11,A23,A6,NYE-S1,TCR2-T,TCR3,TCR6,TCR7,T1,FLT3DY
0,0.8399053188526873,0.752635617359863,0.8194295900178252,0.7647280537065484,0.6578665996313056,0.7037524124620899,0.6861333411219505,0.7530917934474707,0.7481351236146633,0.8975986975986977,0.6356505639890364
1,0.8579009746278934,0.7593898165326737,0.8065082644628099,0.7979775641025642,0.6740448343079922,0.696994071994072,0.6779571073049334,0.8006914511494253,0.8134868421052631,0.851923076923077,0.7946003791353268
2,0.8755050505050507,0.7176217379607209,0.79306592039801,0.8401990425799949,0.700220458553792,0.7035066219470245,0.6802416052416053,0.7783022774327123,0.7859105649428231,0.8462552742616034,0.8333464691046659
