,18A2,868Z11,A23,A6,NYE-S1,TCR2-T,TCR3,TCR6,TCR7,T1,FLT3DY
0,0.7938699135568205,0.6950985761226725,0.8219843106995884,0.7673341979845393,0.7439629284456869,0.7547258297258298,0.6348840579710145,0.7431179574953645,0.7793001258474405,0.8417079889807163,0.7122944884572792
1,0.9069412662090007,0.7004437869822485,0.8587962962962963,0.7945405613225681,0.7825495451591943,0.7301960784313725,0.6281519396551724,0.7633960466777805,0.8148604269293925,0.8120039682539683,0.7134890572390572
