,18A2,868Z11,A23,A6,NYE-S1,TCR2-T,TCR3,TCR6,TCR7,T1,FLT3DY
0,0.8681533060463877,0.6957304526748972,0.8106331168831168,0.8056657848324514,0.7896309523809523,0.7262105855855855,0.6215490276077791,0.7827329192546584,0.757473420888055,0.8782932416953035,0.6958462172747887
