,18A2,868Z11,A23,A6,NYE-S1,TCR2-T,TCR3,TCR6,TCR7,T1,FLT3DY
0,0.8623084291187739,0.7344198285374756,0.8172650561314528,0.8127632710079519,0.7457397172493891,0.7078262552811864,0.625737984759318,0.7749844195156695,0.7586790512829399,0.8574404761904763,0.7165963881080161
1,0.8617801771871539,0.7970399698340875,0.7776304155614501,0.7992256531155961,0.8124671324468484,0.6806742640075973,0.6317307692307693,0.8375612745098039,0.83003003003003,0.8286384976525821,0.7474358974358974
