,18A2,868Z11,A23,A6,NYE-S1,TCR2-T,TCR3,TCR6,TCR7,T1,FLT3DY
0,0.7983007045507046,0.7481248124812482,0.8315642997612024,0.7360816854990584,0.6991663263633661,0.7326781494717519,0.6208293460925041,0.7654719937328633,0.7845063185972277,0.8544575725026853,0.7238036881419235
1,0.8285115222498618,0.7808914452172879,0.8203890759446315,0.7448213794125743,0.7440145846753548,0.7450080515297905,0.6452638198136398,0.7801617547425476,0.7696495264772576,0.8559902740937223,0.7828013256584686
2,0.8214632556406981,0.7827414131761957,0.7987955182072829,0.7345265151515151,0.78548875817992,0.7431164717348927,0.6785714285714285,0.7891209943096736,0.7495754304546679,0.8560606060606061,0.8552014652014653
3,0.8540151692861052,0.7744871794871795,0.8233869026122548,0.805417621594092,0.8102289244186046,0.7486723856209151,0.6889083820662768,0.7863801594746717,0.8031972789115646,0.8563235294117647,0.8176857330703484
4,0.8518589092140921,0.7844551282051282,0.8422473320778406,0.8460944919278252,0.8023196881091618,0.7281576448243116,0.677923976608187,0.7991632550456081,0.7892650462962963,0.8524305555555555,0.7861174242424243
5,0.8597756410256411,0.8012820512820512,0.8430770887166236,0.8540509259259258,0.8378125142831024,0.7271383457636228,0.6949089557785211,0.7985339506172839,0.7636784511784511,0.8179012345679012,0.81745535404072
