,18A2,868Z11,A23,A6,NYE-S1,TCR2-T,TCR3,TCR6,TCR7,T1,FLT3DY
0,0.800240036711497,0.7321958812260535,0.8244492656875835,0.7486125895961963,0.6524689518132142,0.7187085606994074,0.6507243558580457,0.7574147305981217,0.7851402478799739,0.8307488807488808,0.7389474069197571
1,0.8310114069522672,0.7350600600600602,0.8050619834710743,0.7417366946778712,0.7769913859852884,0.7374629176565141,0.6713551446867928,0.7425364758698092,0.7609713753387535,0.8285628562856285,0.6585786641342197
2,0.8091323570046973,0.7457491582491583,0.8586894586894588,0.8056892453951278,0.7699946645324797,0.7570987654320988,0.6330332132853141,0.7804651162790698,0.7306311413454271,0.7996632996632996,0.7190098261526833
