,18A2,868Z11,A23,A6,NYE-S1,TCR2-T,TCR3,TCR6,TCR7,T1,FLT3DY
0,0.7814501531606796,0.7013157894736842,0.7679127725856697,0.7702297459018674,0.7312047101449274,0.741898148148148,0.6325976367558518,0.7149359059266782,0.7919412124923454,0.8423228346456693,0.6960633521782507
1,0.8713858007244101,0.7261226427893094,0.8358688302907371,0.7679394277220365,0.754102102102102,0.7446969696969697,0.6669700436862908,0.7468729694606888,0.7925872679580307,0.8456645664566458,0.7990262901655307
2,0.9045776918117343,0.7778589993502275,0.8327959656084656,0.7921677088343756,0.8190641521344592,0.7525628306878307,0.6417867585630744,0.7587752525252526,0.8260906941758006,0.817426400759734,0.7870971620971621
