,18A2,868Z11,A23,A6,NYE-S1,TCR2-T,TCR3,TCR6,TCR7,T1,FLT3DY
0,0.7872942386831276,0.7302185600748013,0.8209674287655938,0.7554218491927057,0.6562099166265833,0.7461090496804784,0.6535834535834537,0.7023070820406024,0.7583547662788325,0.8539016757520694,0.7120191774747812
1,0.8623142916928228,0.7474768518518519,0.8364024864024864,0.7445487123420796,0.719098277608916,0.7375377148104421,0.7279331331750686,0.7623985890652557,0.7983268002322882,0.863673139158576,0.7274651087309315
2,0.8656413814369411,0.7658730158730159,0.8280318715101324,0.780383022774327,0.812493530020704,0.7610758003766479,0.6656874039938555,0.7606084175957134,0.7870548433048432,0.8701923076923078,0.7158607937296462
