,18A2,868Z11,A23,A6,NYE-S1,TCR2-T,TCR3,TCR6,TCR7,T1,FLT3DY
0,0.8829393939393939,0.7629281949934125,0.7957475994513031,0.7568922924901185,0.7889642857142857,0.7390689300411523,0.7155643738977072,0.7228266437191387,0.7444519418203629,0.8606770833333334,0.7304156133381485
