,18A2,868Z11,A23,A6,NYE-S1,TCR2-T,TCR3,TCR6,TCR7,T1,FLT3DY
0,0.8417222222222223,0.7844112769485904,0.8455284552845529,0.7783260233918128,0.7818175747863249,0.7220860856594928,0.6508953488372092,0.7777777777777777,0.7446480785296575,0.8382616487455197,0.7661802660313679
