,18A2,868Z11,A23,A6,NYE-S1,TCR2-T,TCR3,TCR6,TCR7,T1,FLT3DY
0,0.8464651758676917,0.712867111417836,0.8347222222222221,0.7490845959595959,0.6685333657272433,0.7351162846056797,0.6596027705151141,0.7451507936507936,0.7653124653124653,0.8452688172043011,0.7741287468400144
