,18A2,868Z11,A23,A6,NYE-S1,TCR2-T,TCR3,TCR6,TCR7,T1,FLT3DY
0,0.7988063041308479,0.7416960093896714,0.8165674603174603,0.7543764054661825,0.7803599053599054,0.7302254070230348,0.6556324334102112,0.7844657863145258,0.8068059512503956,0.8482789855072465,0.8383838383838383
