,18A2,868Z11,A23,A6,NYE-S1,TCR2-T,TCR3,TCR6,TCR7,T1,FLT3DY
0,0.8178355957767723,0.7330516114491773,0.8341503267973857,0.7395255978589313,0.8025001759757857,0.6958148148148148,0.6120795870795871,0.7346023024594452,0.812614063338701,0.8571323312702623,0.8287037037037037
1,0.8776855860189193,0.6988959806796619,0.8329528158295282,0.7495163346963901,0.8413505747126436,0.6975520833333334,0.5948753462603878,0.7430657380254155,0.7848371119281046,0.8661816578483245,0.8237437775899314
2,0.9215185185185185,0.8093567251461989,0.8318980074299223,0.8281369731800766,0.8278133903133904,0.7440115440115441,0.5668888888888889,0.7541152263374485,0.8209753787878787,0.8681318681318682,0.8573413939267599
