,18A2,868Z11,A23,A6,NYE-S1,TCR2-T,TCR3,TCR6,TCR7,T1,FLT3DY
0,0.8519917582417582,0.759121830550402,0.8283708545146453,0.7920169082125602,0.7249550653594771,0.752632275132275,0.6328395393245017,0.7411433172302738,0.7683871683871685,0.839558707643814,0.7644675925925926
