,18A2,868Z11,A23,A6,NYE-S1,TCR2-T,TCR3,TCR6,TCR7,T1,FLT3DY
0,0.8324944305207462,0.779032258064516,0.8326719576719577,0.6993357048535317,0.6980827886710239,0.7578918128654971,0.6635996991389148,0.7374894637206538,0.7810287813839558,0.8316035816035816,0.7172248803827751
1,0.8347902097902097,0.8075271247739603,0.8211759504862952,0.7703555555555557,0.7962678703043814,0.7569914255500771,0.6452866861030127,0.7840787215787216,0.7801911976911976,0.8080065359477123,0.7667517667517668
2,0.8434323858742463,0.768127929418252,0.8166666666666668,0.8127508313266828,0.7947827635327634,0.7463791968400263,0.6721690590111643,0.8008130081300813,0.7689656789197299,0.9664556962025316,0.8278762198253723
3,0.8855967078189301,0.7042682926829268,0.7616279069767442,0.7831765935214211,0.8145833333333333,0.7377104377104379,0.6493764172335601,0.7590909090909091,0.7287190082644628,0.9795918367346939,0.9148351648351648
