,18A2,868Z11,A23,A6,NYE-S1,TCR2-T,TCR3,TCR6,TCR7,T1,FLT3DY
0,0.8043837882547561,0.6711103573043872,0.8141537606778249,0.7844912540034491,0.7472361575622445,0.7196361000540566,0.6531845238095239,0.7482295292019462,0.7555888163199483,0.9027777777777777,0.8637387387387387
