,18A2,868Z11,A23,A6,NYE-S1,TCR2-T,TCR3,TCR6,TCR7,T1,FLT3DY
0,0.7987570028011204,0.8220872694556904,0.8100698768506988,0.7575040950040949,0.7394949970835015,0.6911151960784313,0.6094917428250762,0.7206103589082313,0.8265960038986355,0.8885294117647057,0.7962662337662337
