,18A2,868Z11,A23,A6,NYE-S1,TCR2-T,TCR3,TCR6,TCR7,T1,FLT3DY
0,0.8326844701844701,0.7544272512357618,0.7997197197197198,0.75424991521816,0.7237301817946978,0.7171585648148148,0.642053833027464,0.7785590277777779,0.8017472953664013,0.8568868407578085,0.7808815192743763
1,0.8673527037933818,0.7776562205910031,0.7915695415695415,0.7711090107120353,0.7407008301404853,0.7372919478182637,0.6334007360616526,0.7847222222222222,0.7842945460704608,0.8844284428442845,0.7333592989289192
2,0.8559558030901905,0.7869724160850781,0.8020152505446623,0.8205348205348205,0.7995980476600631,0.7468675829331567,0.615177751541388,0.7742433692714364,0.7674326608407954,0.9071699905033238,0.7687230371009491
