,18A2,868Z11,A23,A6,NYE-S1,TCR2-T,TCR3,TCR6,TCR7,T1,FLT3DY
0,0.8321644870387009,0.7279466271312082,0.8236213235294118,0.7462121212121212,0.6645333333333333,0.7365179252479024,0.6346553937408702,0.7598959583833533,0.7496595285056825,0.8417651694247438,0.7735058661145618
