,18A2,868Z11,A23,A6,NYE-S1,TCR2-T,TCR3,TCR6,TCR7,T1,FLT3DY
0,0.8222751971020669,0.7419564562421704,0.8212707982546665,0.7116879435086104,0.6499969638756403,0.7846723887247314,0.6660630326572633,0.7257735219691742,0.77247979421825,0.8557107053347655,0.6567156430091895
1,0.83996303996304,0.7815718763994627,0.8098945460537156,0.7990384615384615,0.7227801519468185,0.7174282128884624,0.6330264524334605,0.7542117817491539,0.8270238095238095,0.8513770180436847,0.7352449223416966
2,0.868140526510938,0.7593649041017461,0.8036134453781513,0.7948495370370371,0.8227687626774848,0.7075773558368494,0.6432230313414721,0.7617010440539852,0.8529856386999244,0.8676262626262626,0.8199701533034865
3,0.8810594702648675,0.7622001262626262,0.8373460633734607,0.7770242702923241,0.8459728469098784,0.7256734006734007,0.67255236005236,0.7589330334832584,0.8309985632183908,0.836078431372549,0.7797127622979015
4,0.9044374953465862,0.762797619047619,0.8368155236576289,0.7898706896551723,0.8503578024007387,0.7521604938271605,0.6736678958901181,0.8028090202003245,0.8354782608695652,0.8725845410628019,0.7814088598402323
5,0.9175347222222222,0.7489557226399332,0.8520671834625323,0.7682780182780182,0.8630952380952381,0.7303265210241955,0.6609082125603866,0.8180874840357598,0.8414896891351185,0.8292181069958847,0.7614638447971783
