,18A2,868Z11,A23,A6,NYE-S1,TCR2-T,TCR3,TCR6,TCR7,T1,FLT3DY
0,0.8153292181069958,0.7131519274376417,0.8122605363984675,0.7764475965327029,0.7243369879127922,0.7243375311557131,0.6953785503942244,0.7645094217024041,0.7914766081871344,0.8665555555555556,0.7605936136637891
1,0.8903469079939669,0.6539473684210527,0.8333333333333334,0.8246570048309178,0.8510179434092477,0.70497557997558,0.7094671201814059,0.7889162561576355,0.7896205357142857,0.8313131313131313,0.8324786324786325
