,18A2,868Z11,A23,A6,NYE-S1,TCR2-T,TCR3,TCR6,TCR7,T1,FLT3DY
0,0.84339755515614,0.6970966871438322,0.8091172079134005,0.7659640039447732,0.6810599946193167,0.7498297537977999,0.6101144270024726,0.7362139917695473,0.7720943449843705,0.8434710743801652,0.7749760948556129
1,0.8953048780487806,0.7607067984426474,0.8197693307342431,0.8183738304706046,0.7796720061022121,0.775297619047619,0.6307098765432099,0.7692698180636777,0.850824587706147,0.8163690476190476,0.7450801114594218
