,18A2,868Z11,A23,A6,NYE-S1,TCR2-T,TCR3,TCR6,TCR7,T1,FLT3DY
0,0.7989113827349121,0.6365570088518959,0.8300415635509868,0.7809343434343434,0.7604209613138185,0.7274441445494076,0.6704470516064719,0.7392764857881137,0.7501571840857556,0.8478922207735767,0.8094338697017269
1,0.8122459934054137,0.670479641131815,0.8140350877192982,0.7970126678010967,0.7371870882740449,0.7388985005767014,0.7040790790790791,0.708563288015435,0.7937201687201688,0.8105576841209025,0.7904479578392621
2,0.8312500000000002,0.6784188034188033,0.8038194444444445,0.8156715079792004,0.8182234432234431,0.6991341991341992,0.7300757575757575,0.7023076923076924,0.88099128540305,0.882716049382716,0.8555236728837876
