,18A2,868Z11,A23,A6,NYE-S1,TCR2-T,TCR3,TCR6,TCR7,T1,FLT3DY
0,0.8279109174534011,0.7404568068747174,0.8389550264550264,0.8026556776556776,0.7377516647081865,0.6587990196078432,0.623830281894798,0.7391111111111112,0.6587929022139548,0.8747829861111112,0.7421004566210047
