,18A2,868Z11,A23,A6,NYE-S1,TCR2-T,TCR3,TCR6,TCR7,T1,FLT3DY
0,0.8662608995942329,0.7342995169082126,0.8039323273891176,0.7648969368481563,0.7208110516934046,0.6357552153281404,0.6823798449612403,0.7602634532459094,0.7357180293501049,0.7608024691358025,0.7361193832307591
