,18A2,868Z11,A23,A6,NYE-S1,TCR2-T,TCR3,TCR6,TCR7,T1,FLT3DY
0,0.8352241893908561,0.7070120528237652,0.8243566176470588,0.7984374999999999,0.7589735598150744,0.7181533646322379,0.6737225193107546,0.7488515406162465,0.782121835187873,0.8079922027290448,0.7991994921342748
