,18A2,868Z11,A23,A6,NYE-S1,TCR2-T,TCR3,TCR6,TCR7,T1,FLT3DY
0,0.8458067575215283,0.7686203063241107,0.8415266106442578,0.7741750053225464,0.6580982257033248,0.677005773954194,0.6316577726955086,0.7726680762395048,0.8128547071002314,0.8471777777777779,0.7420792079207921
1,0.8745471014492754,0.7797625570776255,0.888098938098938,0.7762141568635647,0.7596153846153846,0.7461192810457516,0.6975705707356704,0.7872056707723619,0.7846351655416265,0.8387651265126513,0.7809875867104782
2,0.8607075873827791,0.7916666666666666,0.8688123470732165,0.7804288382019474,0.8087527056277056,0.7533301767676767,0.6871948779511805,0.7857376221449998,0.8171240328820116,0.8365131578947369,0.7729878917378917
3,0.8614149008885851,0.7526495726495727,0.912962962962963,0.8503536693191865,0.8169340238305756,0.7208914728682171,0.6895239156268568,0.812347614071752,0.8234519104084321,0.8226495726495727,0.7539337474120084
