,18A2,868Z11,A23,A6,NYE-S1,TCR2-T,TCR3,TCR6,TCR7,T1,FLT3DY
0,0.8261881141345427,0.7685185185185185,0.8352002164502165,0.7521885251747255,0.7367969821673525,0.753041928233744,0.6107588075880758,0.7498184458968772,0.7309130206203633,0.8551373954599762,0.8194155251141554
