,18A2,868Z11,A23,A6,NYE-S1,TCR2-T,TCR3,TCR6,TCR7,T1,FLT3DY
0,0.8299626176075269,0.7010175087702589,0.8089492347891004,0.7698113207547169,0.6769909688013135,0.7502433978337594,0.6067003047553332,0.7578049801213643,0.776329855613743,0.8390690690690691,0.7812392426850258
1,0.8985260770975056,0.7607067984426474,0.8187946718648473,0.8335452426361517,0.7664602102102102,0.7761479591836734,0.573832732923642,0.7833617608836908,0.8550809822361547,0.8141865079365079,0.7451236502960641
