,18A2,868Z11,A23,A6,NYE-S1,TCR2-T,TCR3,TCR6,TCR7,T1,FLT3DY
0,0.8567447045707915,0.7383333333333333,0.8522208385222084,0.8166892502258355,0.7335841049382718,0.7799773755656109,0.6255667372369323,0.7528126635269493,0.841025641025641,0.836252723311547,0.7412375636059846
