,18A2,868Z11,A23,A6,NYE-S1,TCR2-T,TCR3,TCR6,TCR7,T1,FLT3DY
0,0.8449818994711643,0.6797880768469003,0.8108033336791508,0.7897064494360357,0.7150505050505052,0.7177910052910054,0.6514246804944479,0.7622706133735546,0.7927174321405092,0.840661938534279,0.7673084886128364
