,18A2,868Z11,A23,A6,NYE-S1,TCR2-T,TCR3,TCR6,TCR7,T1,FLT3DY
0,0.8269318701417467,0.6824404761904761,0.8007506127450981,0.7717472088927666,0.5777226041931924,0.7586111111111112,0.5891222523336345,0.7370197178707817,0.7462537462537462,0.844286840031521,0.760629042319183
