,18A2,868Z11,A23,A6,NYE-S1,TCR2-T,TCR3,TCR6,TCR7,T1,FLT3DY
0,0.8474329501915708,0.7155072463768116,0.8348570089076418,0.7902484994876299,0.7521486928104575,0.6748966253167934,0.641792489353465,0.7906204906204906,0.7491816543455073,0.8413711583924351,0.8282657657657658
