,18A2,868Z11,A23,A6,NYE-S1,TCR2-T,TCR3,TCR6,TCR7,T1,FLT3DY
0,0.7974181286549707,0.7296213492316973,0.7083237986270023,0.7791537889194139,0.7136578525641025,0.7449519230769232,0.6365353795862919,0.7694812228203761,0.7977623456790123,0.8540398615586585,0.7757068111151493
1,0.7822316986496092,0.7313919413919413,0.8626064287100977,0.7811149090177943,0.751205300127714,0.724843342354863,0.6462996362066838,0.7875645721799568,0.8246598639455781,0.8623095360383495,0.7143607640061541
2,0.8513203947412618,0.7583760297367892,0.8873243933588761,0.7771530709564684,0.8049432698555505,0.6857308324173551,0.6426417706445161,0.7564380590946055,0.8332627118644068,0.8636963696369637,0.7746805555555555
3,0.8692027210884353,0.7508506113769272,0.8705721599557217,0.7290085116172073,0.7932522903453135,0.6989494301994302,0.6677108713307808,0.7830974842767295,0.8178036929057337,0.883720930232558,0.8448172198172198
4,0.8820175438596491,0.7703747379454926,0.8383333333333334,0.7345370370370371,0.8465674603174603,0.7166784380990818,0.6641687326271505,0.774864024864025,0.810968660968661,0.9050595238095237,0.901321892393321
