,18A2,868Z11,A23,A6,NYE-S1,TCR2-T,TCR3,TCR6,TCR7,T1,FLT3DY
0,0.8418538836642284,0.7228381642512076,0.7946955204846166,0.7741334283000949,0.6791977691977692,0.7395876232051176,0.5495361684386074,0.7607792207792207,0.7389132553606238,0.8537808641975309,0.8293062200956939
