,18A2,868Z11,A23,A6,NYE-S1,TCR2-T,TCR3,TCR6,TCR7,T1,FLT3DY
0,0.7836152882205513,0.6511598044049968,0.767512238540276,0.7718982932776036,0.7009046632196662,0.7420428240740741,0.6241208959217216,0.7113080783551885,0.7916268626250256,0.8428477690288715,0.6941580756013747
1,0.8582375478927203,0.676195499296765,0.8358688302907371,0.7924199027922431,0.7146699420508944,0.7232403926482874,0.6648348473291265,0.7498578622482132,0.7927301923594298,0.8466246624662467,0.8133587579790111
2,0.9069730485634376,0.77079107505071,0.8363921957671957,0.8002195669934641,0.7681367396987092,0.7308316430020284,0.6423350041771094,0.760669191919192,0.8248871695680208,0.8188509021842355,0.8081232492997198
