,18A2,868Z11,A23,A6,NYE-S1,TCR2-T,TCR3,TCR6,TCR7,T1,FLT3DY
0,0.8288326511596952,0.6885269953051644,0.7834396409166077,0.7653563739194705,0.7466944444444445,0.7588190527352493,0.6354166666666666,0.7645387225648999,0.7616916626350588,0.808869395711501,0.7744332961724266
