,18A2,868Z11,A23,A6,NYE-S1,TCR2-T,TCR3,TCR6,TCR7,T1,FLT3DY
0,0.8713944785373356,0.6840700483091787,0.8509149029982362,0.7803571428571429,0.7692911190760653,0.7647159761689043,0.6468160468160468,0.7626515996081213,0.7907221425155427,0.8322368421052633,0.7430976430976429
