,18A2,868Z11,A23,A6,NYE-S1,TCR2-T,TCR3,TCR6,TCR7,T1,FLT3DY
0,0.8757602143787673,0.7656706871345028,0.8409641472868218,0.7621425647980159,0.7472599296128708,0.7098653807514568,0.6674603174603174,0.7225595238095238,0.8119185273790537,0.8623888888888889,0.6143953823953824
1,0.9046601546601547,0.624561403508772,0.8872354497354498,0.8411990585903629,0.8376328502415459,0.6252525252525253,0.6348940914158304,0.7518037518037518,0.8198176773682123,0.8252525252525252,0.7458513708513709
