,18A2,868Z11,A23,A6,NYE-S1,TCR2-T,TCR3,TCR6,TCR7,T1,FLT3DY
0,0.7972625225034417,0.6936624372191383,0.7641188251001335,0.7676484094514486,0.7301067742643829,0.7398726851851851,0.6244648931697435,0.7588189043308257,0.7975382731169627,0.8410542432195975,0.6961464915197871
1,0.8673527037933817,0.7082056406839885,0.8360942077980619,0.7845689334819769,0.7548168168168168,0.7146303258145363,0.6678772854402144,0.7789780521262003,0.792545231369384,0.8443444344434444,0.7978059071729957
2,0.9084079880552446,0.7453258547008547,0.865625,0.7972501834958582,0.7997372372372373,0.7298761609907122,0.6408730158730159,0.7958351162458993,0.8256820119352088,0.8160018993352326,0.7900733525733526
