,18A2,868Z11,A23,A6,NYE-S1,TCR2-T,TCR3,TCR6,TCR7,T1,FLT3DY
0,0.794198059062924,0.7378434886499402,0.8234013605442176,0.7673339003300731,0.697037365670906,0.7355469268551705,0.6518632830361225,0.7365939153439153,0.8091848333536312,0.85752688172043,0.7283249158249158
1,0.8066884280593959,0.7937950937950938,0.8220687264804912,0.7266815310293572,0.7793108974358973,0.7382515220700152,0.6531687242798354,0.7654040404040404,0.7829469507101087,0.8640404040404039,0.7814970117601696
2,0.8349974721941354,0.7664084549330451,0.8247783962069676,0.774826183917093,0.8199275362318841,0.7467948717948718,0.6722943722943723,0.7823611111111112,0.7720562266016812,0.8793333333333333,0.7922675026123303
