,18A2,868Z11,A23,A6,NYE-S1,TCR2-T,TCR3,TCR6,TCR7,T1,FLT3DY
0,0.7961329379787497,0.7086869855967078,0.7652202937249667,0.7553256704980843,0.7286520092226615,0.7411024305555557,0.6258504376409433,0.7524025974025975,0.7825332864686634,0.8421041119860018,0.694525274359827
1,0.8706644632096575,0.7147863247863248,0.8358688302907371,0.7732607323232322,0.7660675381263617,0.7179406850459481,0.6683569100617155,0.7781792281792281,0.7881093154644594,0.8456645664566458,0.7937682570593964
2,0.9128306878306879,0.7466235632183907,0.833746693121693,0.7841936774709883,0.8198663825981747,0.7312843997248022,0.6424655388471179,0.7811789292519515,0.8200644323923423,0.8188509021842355,0.7826479076479075
