,18A2,868Z11,A23,A6,NYE-S1,TCR2-T,TCR3,TCR6,TCR7,T1,FLT3DY
0,0.8577843836702339,0.7091750841750842,0.8042213883677299,0.7761904761904761,0.7635973739697145,0.6568287037037036,0.6598868098868099,0.7198464646464648,0.7730037214247741,0.839243498817967,0.7659967659967659
