,18A2,868Z11,A23,A6,NYE-S1,TCR2-T,TCR3,TCR6,TCR7,T1,FLT3DY
0,0.8570601851851852,0.7130877252828473,0.82792325428195,0.7967058618319122,0.6906079854809436,0.7485576637126033,0.5996067031463749,0.7973279194479478,0.789241622574956,0.8387687687687687,0.7095638736263737
1,0.9094099913867355,0.7710905349794238,0.8165223665223665,0.7936376639266575,0.7527289377289378,0.7677489177489177,0.7036275801493193,0.8351237240126128,0.8210963455149501,0.8500150966183574,0.7988816738816739
