,18A2,868Z11,A23,A6,NYE-S1,TCR2-T,TCR3,TCR6,TCR7,T1,FLT3DY
0,0.839648472001413,0.739994909970096,0.8160380507343125,0.7848251028806583,0.7815202299073268,0.7771708003386623,0.6569873336540003,0.793744559134436,0.7721424213853917,0.8407999999999999,0.7290066564260113
1,0.8614978477266613,0.7324300178677784,0.834257602862254,0.7987368295019156,0.8185531135531136,0.7734424201529464,0.6673220298220298,0.7877685377685378,0.767948082010582,0.8471534653465347,0.8278556359252561
2,0.8765186555658341,0.7461988304093566,0.8261437908496733,0.7893892339544514,0.8382008490704144,0.7328978342749529,0.6285457283909296,0.8077664399092971,0.8285541639200176,0.8468201754385966,0.8225285643318431
3,0.8579575660915374,0.8185971685971687,0.7981582125603864,0.7871642246642246,0.8600752801120448,0.7274305555555557,0.6095987345987346,0.79708853238265,0.8232600732600733,0.8066239316239315,0.8455297157622739
