,18A2,868Z11,A23,A6,NYE-S1,TCR2-T,TCR3,TCR6,TCR7,T1,FLT3DY
0,0.8460266293458144,0.7651887464387465,0.8374118165784833,0.7978004179728316,0.7574679990199389,0.7113713332337267,0.6385505852172518,0.7491071760032669,0.8047598274441375,0.8331908831908832,0.7698529819310499
1,0.8753360215053764,0.7771102137299319,0.8337170726876608,0.7824137560162404,0.7499109292839944,0.691421568627451,0.7053318578805836,0.7878067920833424,0.7815550406414359,0.8252941176470587,0.7547813146997928
2,0.8609036658141518,0.7602171136653895,0.8275882492300403,0.7814285714285713,0.771092503987241,0.7205555555555555,0.6669393797724794,0.795934799040389,0.7729414682539684,0.7986111111111112,0.7337054479911623
