,18A2,868Z11,A23,A6,NYE-S1,TCR2-T,TCR3,TCR6,TCR7,T1,FLT3DY
0,0.8112687155240347,0.7521132376395534,0.8647633744855967,0.7690354828512724,0.7991869918699187,0.7539361223571749,0.6661115148578811,0.7293234767025089,0.7417701792701793,0.7968992248062016,0.7736641467984752
