,18A2,868Z11,A23,A6,NYE-S1,TCR2-T,TCR3,TCR6,TCR7,T1,FLT3DY
0,0.8333624505008154,0.6946240601503759,0.8065887533875339,0.7586063627730294,0.6405935334506764,0.7348652428171879,0.6255417979555911,0.7259853436324025,0.7531357531357532,0.8421591804570528,0.7734920634920636
