,18A2,868Z11,A23,A6,NYE-S1,TCR2-T,TCR3,TCR6,TCR7,T1,FLT3DY
0,0.8540237768632829,0.6731481481481483,0.8170319264069263,0.7947889750215332,0.7350543904197623,0.6705964052287582,0.6814543481210148,0.7822717406050739,0.7781534275503573,0.6777141298417894,0.7513260073260074
