,18A2,868Z11,A23,A6,NYE-S1,TCR2-T,TCR3,TCR6,TCR7,T1,FLT3DY
0,0.8386477738142424,0.7442465753424656,0.8665108837522632,0.7772264230203739,0.7858312430323299,0.7273635477582845,0.6613446939533896,0.7562138797836738,0.7647361559047553,0.827724358974359,0.7892744122965641
1,0.8646939506025534,0.7120681605975724,0.8505598621877692,0.8014520202020202,0.8542063492063492,0.6816279069767442,0.6404830917874396,0.7321937321937323,0.8285664533542292,0.7485119047619047,0.7134038800705467
