,18A2,868Z11,A23,A6,NYE-S1,TCR2-T,TCR3,TCR6,TCR7,T1,FLT3DY
0,0.8937908496732025,0.7935586515307879,0.8337290281734727,0.8097097418342605,0.7197398190045249,0.6311027568922306,0.670871610526783,0.7493701883269032,0.74800290486565,0.8537808641975309,0.7626412938912939
