,18A2,868Z11,A23,A6,NYE-S1,TCR2-T,TCR3,TCR6,TCR7,T1,FLT3DY
0,0.8344605836744202,0.7109920634920636,0.8191068672839507,0.7580365622032289,0.6523676767676768,0.7380307653190948,0.6288492467501807,0.7252673796791443,0.7482976425284118,0.8413711583924351,0.7699861973775016
