,18A2,868Z11,A23,A6,NYE-S1,TCR2-T,TCR3,TCR6,TCR7,T1,FLT3DY
0,0.7703302869969537,0.7170117322291235,0.8041567329992377,0.776025794933358,0.7985327903091061,0.6832086602201545,0.6312172963026853,0.7382492105064614,0.7817152398299939,0.8381681681681682,0.7969257984318227
1,0.8866213151927438,0.7319172113289759,0.7664155681104834,0.8175896900034831,0.7691732136176581,0.721969696969697,0.6021496598639456,0.737279541446208,0.7481029810298102,0.8343685300207039,0.7526990212894763
