,18A2,868Z11,A23,A6,NYE-S1,TCR2-T,TCR3,TCR6,TCR7,T1,FLT3DY
0,0.8552011260344593,0.7255428403755868,0.8169849537037036,0.8026041666666667,0.6669246031746031,0.7468944099378882,0.6630714964048298,0.7409620991253645,0.7790682062298604,0.8410559495665879,0.7913407029478458
