,18A2,868Z11,A23,A6,NYE-S1,TCR2-T,TCR3,TCR6,TCR7,T1,FLT3DY
0,0.8231971153846155,0.7168703007518796,0.8707398504273504,0.7823867905510656,0.771701388888889,0.7344857020913359,0.6658043345543345,0.7813704605396632,0.784482456140351,0.8385342789598109,0.8098779557589625
