,18A2,868Z11,A23,A6,NYE-S1,TCR2-T,TCR3,TCR6,TCR7,T1,FLT3DY
0,0.8516058016058016,0.7221368092691622,0.8576652601969057,0.7780294996625855,0.804544238837905,0.7100868015190266,0.6365068226120858,0.7719773331327415,0.7872902817347261,0.8298245614035088,0.703768115942029
