,18A2,868Z11,A23,A6,NYE-S1,TCR2-T,TCR3,TCR6,TCR7,T1,FLT3DY
0,0.8058277327638548,0.7048344017094017,0.8226046466973886,0.7777057697566313,0.721474358974359,0.7026334776334776,0.6767071759259259,0.8007562008469448,0.6956324891067539,0.7570070070070068,0.8144795932498466
1,0.83604118993135,0.725071225071225,0.8211500974658871,0.8269135802469135,0.7584794392358352,0.7382860195360195,0.6203947368421052,0.8031318681318682,0.8381766381766381,0.8032407407407408,0.8133689839572193
