,18A2,868Z11,A23,A6,NYE-S1,TCR2-T,TCR3,TCR6,TCR7,T1,FLT3DY
0,0.8449466513204964,0.7005412956172515,0.8085946248600223,0.7688993710691824,0.6788766788766788,0.748031255456609,0.6066643666264159,0.7335074390629946,0.774327122153209,0.83996996996997,0.7714285714285714
1,0.8980221718316956,0.7585587489433644,0.8184697855750488,0.8155786540541531,0.7769661053413913,0.7757227891156463,0.6781597222222221,0.7613168724279835,0.8546238244514107,0.8163690476190476,0.7439916405433648
