,18A2,868Z11,A23,A6,NYE-S1,TCR2-T,TCR3,TCR6,TCR7,T1,FLT3DY
0,0.8217780026990553,0.7213885651385651,0.8165842443171959,0.7545642588710108,0.6705043128362457,0.65473604826546,0.5489858648830009,0.6915852106178981,0.6997476001324064,0.8566654732068266,0.7149001536098311
1,0.8388666072489602,0.7309542902967121,0.82255291005291,0.7704076202639422,0.7264685023714943,0.6866856975552628,0.6414911643669814,0.7235953640715547,0.8082704096131206,0.8876647834274953,0.7942580469176215
2,0.8609723873695336,0.7144779218577845,0.8065045248868778,0.7861604176554343,0.795603849973264,0.7328138528138529,0.6695883960376713,0.7424881676808655,0.809437386569873,0.8987581699346405,0.7894352918507508
3,0.8856682769726248,0.6857965225563909,0.805392963843668,0.7538288288288287,0.8125060125060125,0.7337769496939047,0.63781328320802,0.7418275862068965,0.7971338383838384,0.8922413793103449,0.8315703474372205
4,0.892943409247757,0.6672676282051282,0.7877867746288798,0.7497194163860831,0.8032417582417583,0.7748684379412142,0.6732220666044196,0.734508547008547,0.8022714833059661,0.88893779342723,0.8480225988700565
