,18A2,868Z11,A23,A6,NYE-S1,TCR2-T,TCR3,TCR6,TCR7,T1,FLT3DY
0,0.8674074074074074,0.7958194905869324,0.7374698067632851,0.7995430495430496,0.8029501362834696,0.7234428542632534,0.6930480072463768,0.704344193817878,0.7865056818181818,0.8677884615384616,0.831537940379404
