,18A2,868Z11,A23,A6,NYE-S1,TCR2-T,TCR3,TCR6,TCR7,T1,FLT3DY
0,0.8406743295019158,0.6723579782790309,0.788475975975976,0.803019744483159,0.8161789706319861,0.7140800719748087,0.6228465307412675,0.7639125094482239,0.7624228395061728,0.8508740421455938,0.8722749886928991
