,18A2,868Z11,A23,A6,NYE-S1,TCR2-T,TCR3,TCR6,TCR7,T1,FLT3DY
0,0.9122023809523809,0.6424162257495591,0.9121376811594203,0.7458928571428571,0.8033877797943133,0.7489988643834797,0.6770050125313283,0.7541975308641975,0.7586309523809524,0.8273809523809524,0.8387847222222223
