,18A2,868Z11,A23,A6,NYE-S1,TCR2-T,TCR3,TCR6,TCR7,T1,FLT3DY
0,0.8455119879605005,0.7103185864892421,0.8208333333333334,0.785122468527641,0.7274843629207955,0.6989472039987504,0.6410621719952349,0.7560870181405894,0.7433399933399935,0.8130425347222222,0.7288407292741658
1,0.893924276287782,0.7088815789473685,0.8236021007105344,0.8032618504797188,0.7934797482211277,0.7081298331298331,0.6661858974358975,0.7671245421245422,0.7786604517508687,0.8101941747572816,0.8368775820830615
2,0.9032059727711902,0.7799968671679197,0.8322649572649574,0.8094570707070706,0.7929356357927787,0.7150197798417612,0.6791878835357096,0.7697763229678124,0.8008543937397693,0.8160018993352326,0.8723544973544973
