,18A2,868Z11,A23,A6,NYE-S1,TCR2-T,TCR3,TCR6,TCR7,T1,FLT3DY
0,0.805129347394633,0.7452044483294484,0.8046783625730995,0.7473962148962148,0.7331672705314008,0.7297335344394168,0.6304351395730706,0.7346514697488584,0.7668170307059197,0.8684544695071011,0.7957357700361699
1,0.8169957504145936,0.7374483753794099,0.8196665820428196,0.7283359497645212,0.7153590243568692,0.7358382362311761,0.6236556603773584,0.7593394260060927,0.7943179204048768,0.8852258852258853,0.7797151771336553
2,0.8717598097502973,0.7929050116550117,0.8231778996865203,0.7405374499714122,0.7634118629908103,0.7375208855472012,0.6103905784138343,0.7899036592814704,0.7603308823529412,0.8887820512820513,0.7793500671269659
3,0.8824816326530612,0.8247755331088665,0.8447678843226788,0.7428229665071772,0.79793127172224,0.7339708561020036,0.624989389695272,0.7937321329015573,0.7676274509803922,0.8954149933065595,0.8227553310886645
4,0.8635702342952686,0.8044871794871794,0.8820891751926235,0.7597381864623244,0.7987708333333332,0.7732824653239878,0.6283257747543463,0.7949375,0.8251237067026541,0.8927860696517413,0.8014249639249639
5,0.8796191553544493,0.8377305877305877,0.8570707070707071,0.7888095238095238,0.7877472643097643,0.7898511744665591,0.6050621412940254,0.8147863247863247,0.8514833492344737,0.8933823529411765,0.7997807532691255
