,18A2,868Z11,A23,A6,NYE-S1,TCR2-T,TCR3,TCR6,TCR7,T1,FLT3DY
0,0.8350050276520865,0.7432311621966794,0.8156157721035261,0.7511030495310415,0.7407277105419521,0.7678627352990172,0.6614374514374514,0.760640190740543,0.781895881895882,0.856211317418214,0.7440190018315018
1,0.8828528263880147,0.8056036556036558,0.8225823045267489,0.7429318911313372,0.8164970930232558,0.7728635313774633,0.6216347144918574,0.7871722575669944,0.8276760742435799,0.7560723514211887,0.82952976324973
2,0.8855056980056979,0.7794225146198831,0.81440329218107,0.8322857142857143,0.8381120794913898,0.7576566951566951,0.6089065255731922,0.7515432098765432,0.8291763209304439,0.7502525252525253,0.7525925925925927
