,18A2,868Z11,A23,A6,NYE-S1,TCR2-T,TCR3,TCR6,TCR7,T1,FLT3DY
0,0.8319565072709727,0.7803550469483568,0.8126286008230453,0.7448863636363637,0.6418145346716776,0.7324879227053139,0.6341832293096071,0.7607122849139656,0.750164365548981,0.8410559495665879,0.7707453416149068
