,18A2,868Z11,A23,A6,NYE-S1,TCR2-T,TCR3,TCR6,TCR7,T1,FLT3DY
0,0.8279685437393347,0.7503218459100811,0.7923825146047369,0.803509729041644,0.7967420634920636,0.6894075943282866,0.6558459156020132,0.7706898040231374,0.7699988966126007,0.9033333333333333,0.7594522691705791
