,18A2,868Z11,A23,A6,NYE-S1,TCR2-T,TCR3,TCR6,TCR7,T1,FLT3DY
0,0.7968177485968441,0.6649202827087444,0.7690364931019137,0.7516544757924067,0.6988113430044728,0.7405960648148149,0.6318442319456518,0.7569524133339,0.7911002245356195,0.8415791776027998,0.6955922292428777
1,0.8692100472265328,0.7250277592715967,0.8367027270678387,0.7701513911620296,0.7200571528401717,0.7408080808080809,0.6670625014446525,0.7798353909465021,0.7905611043852571,0.8450045004500452,0.8155631288542682
2,0.9140652557319223,0.7891025641025641,0.833746693121693,0.7941176470588235,0.7683464714714714,0.7624196737518537,0.6405597326649958,0.7924119241192411,0.8246722544594886,0.817426400759734,0.8074074074074075
