,18A2,868Z11,A23,A6,NYE-S1,TCR2-T,TCR3,TCR6,TCR7,T1,FLT3DY
0,0.8090718805004519,0.7395991882293252,0.8287367104440276,0.7838607085346215,0.7913327991452991,0.7766203703703702,0.6712962962962963,0.7135854341736696,0.8277247836071365,0.8410559495665879,0.7940655235175783
