,18A2,868Z11,A23,A6,NYE-S1,TCR2-T,TCR3,TCR6,TCR7,T1,FLT3DY
0,0.8693595886992114,0.6872400475341651,0.8133425245098039,0.8150776601367364,0.7354788069073783,0.7440376303076531,0.6278235653235654,0.7429428727301067,0.7987587412587412,0.8518617021276595,0.7952623357035122
