,18A2,868Z11,A23,A6,NYE-S1,TCR2-T,TCR3,TCR6,TCR7,T1,FLT3DY
0,0.8561977355522438,0.6968958333333334,0.7953091284360635,0.7520263504611332,0.7261168654530237,0.6812423607473371,0.5941389193452209,0.7685790598290598,0.7965314520870077,0.8414714714714715,0.7069281045751635
1,0.8879052149400987,0.7228327228327229,0.8505717699266087,0.753724312547842,0.7987715329046599,0.6958823529411764,0.6244002099265257,0.8021255060728745,0.7762962962962963,0.8286384976525821,0.815766630116959
