,18A2,868Z11,A23,A6,NYE-S1,TCR2-T,TCR3,TCR6,TCR7,T1,FLT3DY
0,0.8343097934360909,0.7101212121212122,0.8402549019607845,0.7536932407215428,0.7096427419643817,0.7173382173382173,0.5826605243161094,0.7016713194692116,0.7585691281343455,0.8504273504273504,0.8000929022668153
1,0.8599720610358909,0.7622974537037037,0.8552552552552554,0.7892909356725147,0.7534319350588636,0.7684194890077243,0.587291813277035,0.6981407785101355,0.7828574236298294,0.8586601307189543,0.7711831914730466
2,0.8700793650793651,0.7524943310657597,0.8266908212560385,0.8114050558495003,0.747605083088954,0.723170731707317,0.5671096743295019,0.6701057855557006,0.7437293099057806,0.8439465408805032,0.765909090909091
