,18A2,868Z11,A23,A6,NYE-S1,TCR2-T,TCR3,TCR6,TCR7,T1,FLT3DY
0,0.7971672138091708,0.6610890827385673,0.7658989764129952,0.7514629049111808,0.7032596484617585,0.7417534722222222,0.6254968849138095,0.7522763347763348,0.7925127577056542,0.8421041119860018,0.6978924176920519
1,0.8751354207953495,0.6780368643126803,0.8353279242731575,0.7728729603729603,0.7232579614655087,0.7437171717171717,0.6669989367357788,0.7793586660253325,0.7932346314231907,0.8459645964596461,0.798299253489127
2,0.9111552028218695,0.7806372549019608,0.8361855158730158,0.798039923039923,0.7682392213642214,0.7471064814814814,0.6416040100250627,0.7809945294732312,0.8273157102944336,0.8193257359924027,0.7879088504088504
