,18A2,868Z11,A23,A6,NYE-S1,TCR2-T,TCR3,TCR6,TCR7,T1,FLT3DY
0,0.8516641065028162,0.7510962336543733,0.8288921849427169,0.7852108163526849,0.7012162586315128,0.7394762480682658,0.5605254120879121,0.7346945235834125,0.7804010181289284,0.8381313131313131,0.7560699588477368
1,0.8882113821138211,0.7672727272727272,0.8394444444444445,0.814889486260454,0.7524183635294746,0.7525385154061626,0.6782795698924731,0.7407992202729045,0.777906162464986,0.8634102216191769,0.7532813515269655
