,18A2,868Z11,A23,A6,NYE-S1,TCR2-T,TCR3,TCR6,TCR7,T1,FLT3DY
0,0.8415352391617672,0.7144382585130199,0.8132040627885503,0.7647885474126609,0.6819705718010803,0.7559460687774581,0.6108092308282062,0.7579125615763546,0.7731633716288447,0.8431955922865014,0.7759418626888506
1,0.8980851599899219,0.7120915032679739,0.8737499999999999,0.8064550264550264,0.777728881847875,0.7761479591836734,0.6426954732510288,0.7780341880341881,0.8569881725803765,0.814781746031746,0.7466039707419018
