,18A2,868Z11,A23,A6,NYE-S1,TCR2-T,TCR3,TCR6,TCR7,T1,FLT3DY
0,0.867169638774577,0.673583389821998,0.8259068167604754,0.8118844696969697,0.7486642156862745,0.7217412317039491,0.6208810916179337,0.7399691358024691,0.7833386496544391,0.8804093567251462,0.7870215533259012
