,18A2,868Z11,A23,A6,NYE-S1,TCR2-T,TCR3,TCR6,TCR7,T1,FLT3DY
0,0.826431558286397,0.707532679738562,0.8229278601619027,0.7905546834118263,0.6134705407586764,0.7385732323232324,0.648146550897974,0.7277527151211362,0.7955594876980113,0.8408708708708709,0.7374912016088487
1,0.8849074074074075,0.7284722222222223,0.8601851851851853,0.7691791585006268,0.7442249942249942,0.784086284086284,0.6409498207885305,0.7341418743857769,0.7753183831672205,0.8389233954451346,0.7413068181818182
