,18A2,868Z11,A23,A6,NYE-S1,TCR2-T,TCR3,TCR6,TCR7,T1,FLT3DY
0,0.8336480696174573,0.7714781380496193,0.8641414141414142,0.8107723577235771,0.7745524691358024,0.706941483060886,0.6940498190498191,0.7351454070379043,0.8157084461432288,0.956060606060606,0.7208398539384454
