,18A2,868Z11,A23,A6,NYE-S1,TCR2-T,TCR3,TCR6,TCR7,T1,FLT3DY
0,0.885575583420411,0.7095233831736651,0.8176377989212215,0.8115601503759398,0.6782774007038713,0.7364312770562771,0.5986071541627097,0.7662913860830528,0.7794811320754716,0.833640350877193,0.7385774410774412
