,18A2,868Z11,A23,A6,NYE-S1,TCR2-T,TCR3,TCR6,TCR7,T1,FLT3DY
0,0.8554131054131054,0.7248826291079812,0.8334139889017939,0.7825516171380832,0.7457765758547009,0.7193287037037037,0.6203600464576075,0.7483400767714494,0.7719540969540969,0.8289930555555555,0.7213552188552188
