,18A2,868Z11,A23,A6,NYE-S1,TCR2-T,TCR3,TCR6,TCR7,T1,FLT3DY
0,0.7821463380673906,0.7319212188777406,0.7981651376146788,0.7513190126248351,0.7153643457991284,0.745232941661513,0.7084986772486773,0.7965205587111064,0.7369864612511673,0.8863932291666666,0.8039347459413873
1,0.8730623369696023,0.7262284499126604,0.8146675421956321,0.7449903100775194,0.7223227752639518,0.740433334418297,0.7282497594997596,0.7804608482574585,0.7659498724010207,0.8554487179487179,0.7914529914529914
2,0.89429012345679,0.7908595641646489,0.8371683250414593,0.800749881082291,0.7659722222222222,0.7181372549019608,0.69869813422445,0.7915464165464167,0.7957988980716254,0.990625,0.8147376543209877
