,18A2,868Z11,A23,A6,NYE-S1,TCR2-T,TCR3,TCR6,TCR7,T1,FLT3DY
0,0.7814362439362439,0.6771546732837055,0.7618212197159565,0.7352092602892103,0.7007732285460767,0.7549307443365696,0.6642756512493354,0.7080193236714974,0.7357404419066534,0.6486609686609687,0.7310649750096117
1,0.849482217129276,0.7290834165834165,0.8211810663266975,0.8137526903416735,0.7425423590746171,0.7431781583955498,0.656789302341863,0.7349591329068942,0.807111247875271,0.8405907817672524,0.765676883780332
2,0.8752089716318977,0.762037037037037,0.8113873106060606,0.8226129426129426,0.7571801009934885,0.7211414141414142,0.6624142661179698,0.7620517961570593,0.7878684360355624,0.8405882352941177,0.7602226720647773
3,0.8818860877684407,0.8243994567523979,0.8628378378378377,0.8229317565902932,0.7610793650793651,0.7281284041394335,0.6527982251666461,0.772299412124782,0.7944899373470803,0.819186046511628,0.7530885780885782
4,0.8937340888560401,0.8295985060690944,0.8320833333333333,0.8228653530377669,0.8052641746353714,0.7282913165266107,0.6101851851851852,0.7877420198848771,0.8180232558139536,0.816765873015873,0.7576312576312576
