,18A2,868Z11,A23,A6,NYE-S1,TCR2-T,TCR3,TCR6,TCR7,T1,FLT3DY
0,0.7982473790109075,0.6695601851851851,0.7679795282599021,0.7697322646182961,0.6984345453657378,0.7410300925925926,0.6321050259184133,0.7115950667431968,0.7960400081649316,0.8428477690288715,0.6929733399844805
1,0.871742679215623,0.727191748710736,0.8366351138156413,0.7861234980800198,0.7118480725623583,0.7413434343434343,0.6670856158842429,0.7496182464323393,0.7942603241861717,0.8453045304530454,0.7924050632911394
2,0.9144537462117802,0.7839455409356727,0.8369708994708995,0.7960186278368098,0.7691069070525777,0.7561812005503956,0.641421261487051,0.7652378780969752,0.8247797120137546,0.817426400759734,0.7799422799422798
