,18A2,868Z11,A23,A6,NYE-S1,TCR2-T,TCR3,TCR6,TCR7,T1,FLT3DY
0,0.8043874807987712,0.6653054764165875,0.8170078287725347,0.7865495270152034,0.7726862888929641,0.7566708754208754,0.645698214722426,0.7039725751159508,0.7876307370493416,0.83996996996997,0.7190003483106931
1,0.8381481481481482,0.770909645909646,0.8129943502824859,0.7671440972222223,0.7897700746965453,0.7632974664224665,0.6755387931034482,0.7303326188775104,0.8201312780302356,0.8557142857142858,0.7527281746031745
