,18A2,868Z11,A23,A6,NYE-S1,TCR2-T,TCR3,TCR6,TCR7,T1,FLT3DY
0,0.7680162788270897,0.679770930137768,0.8158600356030262,0.7773404164533199,0.6945318174965394,0.7246797875663855,0.6335884835884835,0.7501174682144832,0.7786071428571429,0.8317256817256817,0.703763329893361
1,0.8701611837759281,0.6975986975986976,0.8211588153448619,0.7822755475816701,0.7802154195011336,0.7219724658869394,0.6501202501202502,0.769533957033957,0.7956498785767078,0.8390401540154016,0.7921203871748337
2,0.8722252924380584,0.7410192147034254,0.8385711154941925,0.7907628920786816,0.8271072796934865,0.7157738095238096,0.649944305207463,0.7978174603174603,0.7797280844155844,0.8574561403508771,0.7940194292653309
