,18A2,868Z11,A23,A6,NYE-S1,TCR2-T,TCR3,TCR6,TCR7,T1,FLT3DY
0,0.8441097592883308,0.7000962000962002,0.8017094017094016,0.7519257616818592,0.7739878787878788,0.7066970450151892,0.6789321789321789,0.7524112654320988,0.760589056987949,0.9111695906432749,0.7066675414807686
