,18A2,868Z11,A23,A6,NYE-S1,TCR2-T,TCR3,TCR6,TCR7,T1,FLT3DY
0,0.7622807017543861,0.6843735390369332,0.8221730338306825,0.7701551689158465,0.7020457096214673,0.6511590128084974,0.6661960724460725,0.7564599483204134,0.7902725905176885,0.8453849518810149,0.7389941077441078
1,0.8541956374238363,0.7120696763553905,0.8060235722195855,0.7913862925477327,0.8012624280481423,0.7137772817460318,0.6616681280532541,0.773899248899249,0.8170027377876216,0.8422222222222223,0.7689537828426717
2,0.8708095447225882,0.8214758125472411,0.8056739267676768,0.7866864935830452,0.8560374149659863,0.689233921815889,0.6624655862033141,0.780250043713936,0.8000561167227834,0.8145773979107312,0.7419040432622775
