,18A2,868Z11,A23,A6,NYE-S1,TCR2-T,TCR3,TCR6,TCR7,T1,FLT3DY
0,0.8644792325532363,0.6964747139165745,0.8178447217675942,0.7984357751243176,0.7053801169590642,0.7206349206349207,0.6406794134203472,0.7828079836276558,0.7961585905134291,0.8405705705705705,0.7234112786438368
1,0.898062015503876,0.6518385460693153,0.8117816091954024,0.8168490460157128,0.8172741892254088,0.6850156016822684,0.7034682489227944,0.8220588235294116,0.7376201034737621,0.8415458937198067,0.7913419913419913
