,18A2,868Z11,A23,A6,NYE-S1,TCR2-T,TCR3,TCR6,TCR7,T1,FLT3DY
0,0.8304203550963272,0.7125400641025642,0.8121726951650227,0.7621483375959079,0.7338949224914137,0.6945835289208784,0.6679880928528493,0.7368314532536564,0.8207233626588466,0.8404958677685951,0.7502074904035689
1,0.8736651411136537,0.7619047619047619,0.858704137392662,0.792645144732259,0.8288518518518518,0.7080412858959573,0.641298185941043,0.7653143339417848,0.8375074537865235,0.9108964036500268,0.7839506172839507
