,18A2,868Z11,A23,A6,NYE-S1,TCR2-T,TCR3,TCR6,TCR7,T1,FLT3DY
0,0.8464930259935463,0.7047002238201818,0.8082586786114222,0.7633018124507487,0.6790370646302849,0.7476010101010101,0.6053250723554329,0.7592364532019703,0.7776898198893084,0.8431955922865013,0.7737903996940142
1,0.8939909297052154,0.7572626534890685,0.8171702404158546,0.8070370370370371,0.7752254102368519,0.7738562091503267,0.6576298701298701,0.7773182957393484,0.8506112023353403,0.8173611111111111,0.7451236502960641
