,18A2,868Z11,A23,A6,NYE-S1,TCR2-T,TCR3,TCR6,TCR7,T1,FLT3DY
0,0.8396449704142013,0.7453744172494172,0.816027323708388,0.7373646421845574,0.6867451690821257,0.7443757689378406,0.6381777947591302,0.7661955497571936,0.7519513626834381,0.8902985074626866,0.74790574009324
1,0.8389657040352373,0.7416908933762866,0.8189768976897689,0.7488293938765637,0.7178415697674417,0.736004710021564,0.6626996952627205,0.7865708365708365,0.7414888732586992,0.9105008691873099,0.8212543852143407
2,0.8349174347158218,0.7362115732368896,0.8025977853564061,0.7813012556801376,0.7355820105820107,0.7252088554720135,0.6623247319429716,0.7815778929707259,0.7705866141413159,0.8959694989106755,0.827653359298929
3,0.8631993695823482,0.7529461279461279,0.814567483798253,0.7983887457571669,0.8023297491039427,0.7671717171717173,0.6378478664192949,0.7797455438947193,0.7656180420886303,0.8965537730243612,0.806436567164179
4,0.8654430483698775,0.7598039215686274,0.8268398268398269,0.7513415404040403,0.8359242383632628,0.7875541125541125,0.6711507936507936,0.7565555555555555,0.7684369202226345,0.9671361502347419,0.8271198830409356
5,0.8743434343434343,0.8266981556455241,0.8328488372093025,0.8666188883580187,0.8537202380952381,0.7743033840594817,0.6500923076923076,0.77133487654321,0.7971189164370983,0.9636363636363637,0.8507395382395382
