,18A2,868Z11,A23,A6,NYE-S1,TCR2-T,TCR3,TCR6,TCR7,T1,FLT3DY
0,0.7994215660882329,0.7667062621832358,0.8336412909583641,0.8075223782540856,0.7457848730890205,0.7306134259259259,0.5610484005016848,0.7590901571546732,0.7889838556505223,0.8488791423001949,0.7246334876543209
