,18A2,868Z11,A23,A6,NYE-S1,TCR2-T,TCR3,TCR6,TCR7,T1,FLT3DY
0,0.8426879084967321,0.6513453624564737,0.8382262684124386,0.7957887840670859,0.7769866640834383,0.7761786275536932,0.6567066008926474,0.7609873698583375,0.7901469414972792,0.9071518759018758,0.8083236208236207
1,0.9024943310657596,0.6987207602339182,0.8300000000000001,0.8293877551020407,0.7736625514403292,0.817022263450835,0.6653601992143658,0.738321479374111,0.8031376203789997,0.9363425925925926,0.7649447693307342
