,18A2,868Z11,A23,A6,NYE-S1,TCR2-T,TCR3,TCR6,TCR7,T1,FLT3DY
0,0.811104149262044,0.7450390189520624,0.7958651053013798,0.7412071052851298,0.6988581466842336,0.7291666666666666,0.6212554466230936,0.7610679319821368,0.7560650347095361,0.869820788530466,0.7626508667983322
1,0.8245497356523375,0.7430901480559015,0.8223854796888505,0.7889328063241107,0.7678969178969179,0.75894432951132,0.635038165671686,0.7474957912457914,0.7718964430102742,0.8826923076923077,0.7777799415774099
2,0.8595615243342515,0.7529619805481874,0.8588298443370906,0.7793965293965295,0.8109935332157554,0.7463774366051407,0.62360619178801,0.7680311890838206,0.792669340463458,0.9766899766899767,0.7665229885057471
3,0.8713457661290321,0.845578231292517,0.9385487528344671,0.8152380952380952,0.8604710701484896,0.7912236814675838,0.5788636363636365,0.7932953826691967,0.8105033504753,0.9722222222222222,0.7925135501355013
