,18A2,868Z11,A23,A6,NYE-S1,TCR2-T,TCR3,TCR6,TCR7,T1,FLT3DY
0,0.8047410192147034,0.7377852600074822,0.8196675119752044,0.7448070759368836,0.7553030773369757,0.6927437641723356,0.6498560588728742,0.7067527576002153,0.7154432301153614,0.8078282828282829,0.7995746446726839
1,0.882164761497239,0.7769089884474499,0.7608600125549279,0.7985209235209235,0.868903318903319,0.6605425824175825,0.6580397361647361,0.7274004774004773,0.8134567901234568,0.7981292517006803,0.8270987274220033
