,18A2,868Z11,A23,A6,NYE-S1,TCR2-T,TCR3,TCR6,TCR7,T1,FLT3DY
0,0.8104683195592286,0.7129783950617283,0.822604972510096,0.7971421066456528,0.7422723475355054,0.7130578898225958,0.6141950757575757,0.7530364372469635,0.8001493094438222,0.8858858858858859,0.7695776095691992
1,0.8608314263920671,0.7594788858939802,0.8749793012088095,0.7674597537878788,0.7657894736842105,0.6936945653926786,0.7019660894660894,0.7565060908084164,0.8378335487088803,0.8748299319727891,0.805448717948718
