,18A2,868Z11,A23,A6,NYE-S1,TCR2-T,TCR3,TCR6,TCR7,T1,FLT3DY
0,0.8599550157444895,0.6937218045112781,0.8167279411764706,0.8055855855855856,0.7455733808674986,0.7657407407407407,0.6393308080808081,0.7319093949528731,0.7885565052231719,0.8417651694247438,0.7518207535813168
