,18A2,868Z11,A23,A6,NYE-S1,TCR2-T,TCR3,TCR6,TCR7,T1,FLT3DY
0,0.8162015702338282,0.7715201465201466,0.7980854473540644,0.8022569444444444,0.7294619402132719,0.7490102707749767,0.5976329849012777,0.7583150447444108,0.6954625561152192,0.8153835653835655,0.6609053497942387
1,0.8387727183896816,0.7428104575163399,0.7679597701149427,0.8314692982456139,0.7923713235294118,0.6693957115009747,0.5856682519988973,0.7550653594771243,0.7542948717948718,0.8032407407407408,0.705503144654088
