,18A2,868Z11,A23,A6,NYE-S1,TCR2-T,TCR3,TCR6,TCR7,T1,FLT3DY
0,0.8328882566303951,0.7133201058201059,0.8053948045267489,0.7445075757575758,0.6643353535353537,0.7347762522247647,0.6317844938534595,0.762593037214886,0.7536574536574537,0.8417651694247438,0.7716287094547964
