,18A2,868Z11,A23,A6,NYE-S1,TCR2-T,TCR3,TCR6,TCR7,T1,FLT3DY
0,0.8130799080818591,0.6952511773940345,0.8059040223018717,0.7989977484862395,0.6835436085742083,0.7777777777777778,0.6885709163647343,0.7607244123296443,0.7427102458180336,0.8244047619047619,0.7386259323006311
1,0.8456054456827503,0.7870592948717948,0.8062865497076025,0.7215203322708393,0.8188997821350763,0.7579782790309105,0.6800804093567251,0.7603874883286649,0.777426926054975,0.8969907407407408,0.859170988267314
