,18A2,868Z11,A23,A6,NYE-S1,TCR2-T,TCR3,TCR6,TCR7,T1,FLT3DY
0,0.8744082840236685,0.7699808184143223,0.8140163502109705,0.7706549707602338,0.7356413427841999,0.7212993648163489,0.6088787976086724,0.7232109454331677,0.7867963471386568,0.8622685185185186,0.8247893156037674
