,18A2,868Z11,A23,A6,NYE-S1,TCR2-T,TCR3,TCR6,TCR7,T1,FLT3DY
0,0.8488071757302528,0.7236945812807881,0.8611491628614916,0.8139851289352951,0.6076809764309764,0.7052491830065359,0.650723761834873,0.7357888888888889,0.7376367845117846,0.9101421188630491,0.8274357379767827
