,18A2,868Z11,A23,A6,NYE-S1,TCR2-T,TCR3,TCR6,TCR7,T1,FLT3DY
0,0.8064419934640522,0.7026984126984127,0.8465916197623514,0.7977334318797733,0.7351424295868739,0.7442129629629629,0.6595322886989554,0.7660308996445173,0.7916061925495889,0.8151515151515151,0.8066784813360156
