,18A2,868Z11,A23,A6,NYE-S1,TCR2-T,TCR3,TCR6,TCR7,T1,FLT3DY
0,0.8863271461872805,0.7245799835085549,0.8330103359173125,0.7763480392156863,0.707777149321267,0.7730506822612085,0.6920183215130024,0.7194286763252281,0.8001669702489375,0.8594359435943595,0.8346603793032363
1,0.915707358212102,0.7011904761904763,0.853713768115942,0.7606239913932221,0.8002344877344877,0.7045267489711934,0.6541950113378684,0.7168458781362007,0.8653113799283155,0.8422619047619048,0.8285714285714286
