,18A2,868Z11,A23,A6,NYE-S1,TCR2-T,TCR3,TCR6,TCR7,T1,FLT3DY
0,0.8254188712522046,0.6764731463361601,0.8071338383838383,0.7760590277777778,0.7031095314604735,0.7193562610229277,0.6755877789712376,0.742597233825304,0.7618759018759018,0.8413711583924351,0.7129928894634777
