,18A2,868Z11,A23,A6,NYE-S1,TCR2-T,TCR3,TCR6,TCR7,T1,FLT3DY
0,0.7884784075573549,0.7250453426609664,0.8157291666666667,0.7560578969774373,0.7236079617031997,0.7102821695213,0.6562161406452064,0.7630082325268818,0.7505970149253732,0.9105008691873099,0.7247765006385697
1,0.8497067901234567,0.7729579164005393,0.8337871674491394,0.774718732035805,0.7794191919191918,0.7220430107526882,0.6685416666666666,0.7505250997689562,0.764896331738437,0.9066666666666666,0.7385464776769125
2,0.901984126984127,0.7364024864024864,0.8251028806584362,0.7829106280193238,0.8278916895215707,0.7240514905149052,0.658134810710988,0.7332905982905983,0.8008333333333333,0.9323232323232323,0.8349740537240536
