,18A2,868Z11,A23,A6,NYE-S1,TCR2-T,TCR3,TCR6,TCR7,T1,FLT3DY
0,0.8349172971598601,0.7131252921926133,0.8249713067716019,0.7395902777777777,0.7163379721124286,0.6591257309941521,0.6354011390131101,0.7857250026792414,0.7523769841269842,0.8633162393162394,0.7008923622658242
1,0.8353908188585608,0.6852699381303499,0.8260855683269477,0.7630865989356556,0.7737058538945331,0.683187134502924,0.6509437321937321,0.7873492614871925,0.7807128099173554,0.8741830065359477,0.7547431991876437
2,0.8428932178932179,0.7254410536144281,0.8184807256235828,0.743759806019113,0.7672670047211051,0.7638888888888888,0.6434932451061484,0.7883401920438957,0.757560359694506,0.8878787878787878,0.730115635997989
