,18A2,868Z11,A23,A6,NYE-S1,TCR2-T,TCR3,TCR6,TCR7,T1,FLT3DY
0,0.807114976436306,0.7455725964753338,0.8151681286549707,0.7666480654761904,0.6856800187869029,0.6429238479403495,0.657170649609282,0.7557324792190956,0.8011996073113541,0.8550543024227234,0.7572529924934064
1,0.8151063550420169,0.7355654761904762,0.8135244774477447,0.7961436170212766,0.7030762099921936,0.7583555161194914,0.676635434047833,0.7584884825194903,0.7823576561636263,0.8499525166191831,0.7928571428571428
2,0.8631786110587694,0.6951225637934498,0.8042503473537956,0.8178241134215978,0.7348880822746522,0.769330734243015,0.6713377062214271,0.7629139436919757,0.7970272904483431,0.8637878787878788,0.7814236111111111
3,0.8584866220735786,0.6889204545454546,0.8007640507640508,0.8301517224225843,0.7866889317849884,0.7555877616747182,0.6990237520128822,0.7623649932786353,0.7822822822822824,0.8548881673881673,0.8179713804713805
4,0.8625695204964675,0.7124138963761606,0.785593220338983,0.8369627773136544,0.8078798185941043,0.7385332616101846,0.7052412508899722,0.7627097182652739,0.7521053705160708,0.8552559912854031,0.8479698950287186
