,18A2,868Z11,A23,A6,NYE-S1,TCR2-T,TCR3,TCR6,TCR7,T1,FLT3DY
0,0.8212279180589039,0.7103637611530541,0.8135595999344155,0.8056985685398041,0.7481455176767677,0.6873537028736489,0.6294376513674759,0.751086229946524,0.7949263038548753,0.8534017094017093,0.7753785385121791
1,0.8093048713738368,0.6949601500234411,0.7992999525391552,0.7744253968253968,0.7797610513739546,0.7106454396104432,0.702357881136951,0.7882387390828304,0.805519943019943,0.8503850385038505,0.8466196803022367
2,0.8514277940081344,0.7135701275045537,0.799939903846154,0.8178530092592592,0.7744737258626149,0.707103825136612,0.7134316134316134,0.8221561969439728,0.8032514080901177,0.8331529581529581,0.8161953242835596
3,0.8733618951612904,0.7769943019943021,0.7853174603174602,0.7963169412444775,0.7741512345679012,0.775968992248062,0.6823691460055096,0.8490259740259741,0.7977028347996091,0.8075771188978736,0.8171134421134422
