,18A2,868Z11,A23,A6,NYE-S1,TCR2-T,TCR3,TCR6,TCR7,T1,FLT3DY
0,0.8263020833333332,0.7191757082579867,0.8639479905437352,0.7428769230769232,0.7374624291697461,0.7397364295512444,0.65507703595011,0.7542928039702232,0.7671243686868686,0.8786697247706421,0.7739585995399949
1,0.8522400067750677,0.735312764158918,0.8924180327868853,0.7360452245414294,0.7462145969498911,0.6975816993464052,0.6329312865497077,0.769624533852176,0.8401751505199782,0.8787377450980394,0.7946428571428571
