,18A2,868Z11,A23,A6,NYE-S1,TCR2-T,TCR3,TCR6,TCR7,T1,FLT3DY
0,0.8510903088259646,0.6863272144522145,0.8147373962591354,0.77335459762996,0.6347689720955799,0.7319887955182073,0.6194697712889761,0.7630895853118075,0.7595628415300545,0.8393693693693693,0.8151247546958228
1,0.8794765840220385,0.7296421527190757,0.8393518518518519,0.8039744083301251,0.7431758602357513,0.7096734892787525,0.6534139784946237,0.7948260073260073,0.8198717948717947,0.8595238095238096,0.8085583103764922
