,18A2,868Z11,A23,A6,NYE-S1,TCR2-T,TCR3,TCR6,TCR7,T1,FLT3DY
0,0.8447445887445889,0.6861261872455903,0.837327602952603,0.7782971014492753,0.7577168746286395,0.7674612255275871,0.6825443786982248,0.7231226213682355,0.7908693006732223,0.8802083333333334,0.7877442922374428
