,18A2,868Z11,A23,A6,NYE-S1,TCR2-T,TCR3,TCR6,TCR7,T1,FLT3DY
0,0.8639397542608006,0.7379035350049842,0.8175491898148147,0.7837516869095816,0.6942208435876402,0.7398677888202464,0.6226243634939287,0.7572450363793316,0.8229967948717949,0.8057725694444443,0.8141751042287075
