,18A2,868Z11,A23,A6,NYE-S1,TCR2-T,TCR3,TCR6,TCR7,T1,FLT3DY
0,0.8067550175658283,0.7116654438738078,0.815813492063492,0.7877830024381748,0.6465552178318136,0.7170138888888888,0.5734144564553921,0.7546922444896937,0.7623092823679908,0.8524786324786325,0.6359056122448979
1,0.8307140969745013,0.6932596513075966,0.8569218138183655,0.7803566529492455,0.733711504393107,0.7226207219878106,0.5577551679586563,0.7978745791245792,0.7867397383401578,0.8520707070707071,0.6613505542076971
2,0.8331232934257509,0.6825906120023767,0.8388888888888889,0.7769623316498316,0.833048433048433,0.7239406779661017,0.6009867009867009,0.8227831196581197,0.8327546296296297,0.864,0.825371198322018
3,0.8515242927007632,0.6326023391812865,0.8474206349206349,0.799090909090909,0.8737606479541964,0.7462121212121211,0.6322412155745488,0.8045157456922163,0.7797619047619048,0.8762254901960785,0.7120811287477954
