,18A2,868Z11,A23,A6,NYE-S1,TCR2-T,TCR3,TCR6,TCR7,T1,FLT3DY
0,0.7971672138091708,0.6489408694937541,0.7660324877614597,0.7708176783279063,0.6994777166063092,0.7408854166666666,0.6282439335887612,0.7120255493252093,0.7825123647410308,0.8421041119860018,0.6963612681520894
1,0.8627394636015326,0.6790787623066104,0.8357110660356096,0.7854484082744952,0.7182976440051911,0.7201662887377173,0.6644261448948948,0.74941114359974,0.790667017036745,0.8450045004500452,0.8009087958455048
2,0.9019616454399063,0.7726608187134504,0.8206937095825985,0.7964637726748452,0.7688425032175031,0.7396246693121693,0.6642560103963612,0.7599116161616162,0.8191141704908914,0.817426400759734,0.7862854737854738
