,18A2,868Z11,A23,A6,NYE-S1,TCR2-T,TCR3,TCR6,TCR7,T1,FLT3DY
0,0.8274769585253455,0.6973947550034506,0.8049552071668534,0.7668915789148628,0.6787369880590219,0.7505998018046212,0.6131715638357005,0.757553881565181,0.7849332502207679,0.8396696696696697,0.7755115700898833
1,0.8991559586797683,0.7515145111298956,0.8233430799220273,0.8198401061304287,0.7737976490836903,0.7765731292517005,0.6408950617283952,0.7674823633156965,0.81109286626528,0.8157738095238095,0.7456025774991293
