,18A2,868Z11,A23,A6,NYE-S1,TCR2-T,TCR3,TCR6,TCR7,T1,FLT3DY
0,0.8261994379983616,0.6979649366697559,0.8073552866122524,0.7441170345689295,0.7391714178277793,0.6849921424829755,0.6780925013683633,0.7780785058562837,0.7800069169339118,0.8078869047619047,0.7467527751841477
1,0.8722775932078258,0.8003747795414462,0.7933261183261183,0.7697829131652661,0.80088713219148,0.6991863412031479,0.6319350727245464,0.8098884140550808,0.8149347728295097,0.8252314814814815,0.6539535567313345
