,18A2,868Z11,A23,A6,NYE-S1,TCR2-T,TCR3,TCR6,TCR7,T1,FLT3DY
0,0.8465438882105549,0.7346829230887203,0.8392615176151761,0.7664007519521835,0.7617656565656565,0.742561920098152,0.6342691860984545,0.7251733565078847,0.6576280512204882,0.8568871706758304,0.8343624602186246
