,18A2,868Z11,A23,A6,NYE-S1,TCR2-T,TCR3,TCR6,TCR7,T1,FLT3DY
0,0.7826587301587301,0.7015496399176954,0.8331621956958886,0.7708847736625515,0.7219635816283034,0.7573974769491918,0.6011624178290845,0.7373665223665223,0.7472455648926237,0.8096487939007625,0.8053426157697121
1,0.8538011695906432,0.7161965811965813,0.8330910852713179,0.8054701605426242,0.7585148215366001,0.7336029067041725,0.6376954732510288,0.7478049728049728,0.8416898482993954,0.8074618736383442,0.8646501068376069
2,0.8678809370298731,0.7592147435897436,0.8318636096413874,0.8071373456790124,0.767271670497477,0.7553075396825397,0.6790724707391375,0.7933802308802309,0.8417480452364173,0.813627730294397,0.861111111111111
