,18A2,868Z11,A23,A6,NYE-S1,TCR2-T,TCR3,TCR6,TCR7,T1,FLT3DY
0,0.8250398322851152,0.7224829819938515,0.8095741421568627,0.8030521783181358,0.7122689075630252,0.7385392829900841,0.661498708010336,0.7513672409078479,0.7455329386640717,0.839952718676123,0.7505494505494505
