,18A2,868Z11,A23,A6,NYE-S1,TCR2-T,TCR3,TCR6,TCR7,T1,FLT3DY
0,0.8251119795237442,0.7821869488536155,0.8192791005291005,0.7820075757575756,0.761578468596741,0.757337128399747,0.6558725490196079,0.821120095837077,0.8409103688708952,0.8484531590413944,0.8708777270421105
