,18A2,868Z11,A23,A6,NYE-S1,TCR2-T,TCR3,TCR6,TCR7,T1,FLT3DY
0,0.7877438559883413,0.7342357613328168,0.8258068783068783,0.7356605891197087,0.7198340874811464,0.6739024234829336,0.6676686123052904,0.7690591124661247,0.7631666666666667,0.8686676082862524,0.7291104263808977
1,0.8393501615678375,0.7442213444517592,0.8244658119658119,0.8089858524375048,0.7405312899106002,0.6787683823529411,0.6361229763223119,0.7981481481481482,0.7563306051587301,0.8861764705882352,0.7576349431818182
2,0.8841824762359304,0.7389583333333333,0.8267857142857142,0.8772509578544061,0.8203071083505865,0.6761517615176151,0.634239217572551,0.7793162393162394,0.7164005887681159,0.9644764957264957,0.7686092342342343
