,18A2,868Z11,A23,A6,NYE-S1,TCR2-T,TCR3,TCR6,TCR7,T1,FLT3DY
0,0.8363433856391603,0.7492831541218639,0.7886336657169991,0.7699678434592228,0.7262947197729807,0.7383086807111908,0.6295436303176242,0.7701736863728449,0.7969511878825605,0.8446072446072446,0.7232291320252743
1,0.8274549367769707,0.8313541666666667,0.8178968997086975,0.7653535353535353,0.7727371007371007,0.7441953471365236,0.6493571762505844,0.7805828366770196,0.795813633490932,0.8191694169416941,0.7345238095238096
2,0.8924603174603174,0.7964587394411957,0.8484660033167497,0.7840351567624295,0.7700265174694758,0.7157993966817496,0.668579736761555,0.811904761904762,0.7612698412698412,0.8186868686868687,0.7648433487416538
