,18A2,868Z11,A23,A6,NYE-S1,TCR2-T,TCR3,TCR6,TCR7,T1,FLT3DY
0,0.8530643738977073,0.8155743634259259,0.8129083245521601,0.8022034252297411,0.8058896908135079,0.6430270446399479,0.5953504273504273,0.7333582182406371,0.7889136046575492,0.8668492150419862,0.804052429052429
