,18A2,868Z11,A23,A6,NYE-S1,TCR2-T,TCR3,TCR6,TCR7,T1,FLT3DY
0,0.8014043455219926,0.6836990466798158,0.8295906888196608,0.778041231357606,0.7560334528076463,0.6841856060606061,0.6667356100689433,0.6980354267310789,0.75942564240308,0.8426398337112623,0.809984410430839
1,0.7654455986878075,0.7352123185456518,0.8533402203856749,0.7738707833047457,0.778733365400032,0.7449132676980778,0.7017175664592078,0.7168811864464039,0.7614223895695179,0.8417904290429044,0.8344417735042735
2,0.8326379739423216,0.7437098420704977,0.8566294104755642,0.8302869242070695,0.8191545435378451,0.7624327956989249,0.6883333333333334,0.7324372759856631,0.8583007494297817,0.8155270655270656,0.8745929237732516
3,0.8975172305764412,0.7824900793650794,0.8309178743961353,0.817860422405877,0.8015537685702604,0.7748196248196249,0.7205108556832694,0.7319786535303776,0.8580693296602387,0.8292181069958847,0.8783068783068783
