,18A2,868Z11,A23,A6,NYE-S1,TCR2-T,TCR3,TCR6,TCR7,T1,FLT3DY
0,0.8244823306551702,0.7341922514619883,0.8065096402305705,0.7874807098765433,0.7515506715506716,0.6909453474372205,0.6231412748910098,0.7540035273368607,0.7681589877330243,0.8451499118165785,0.81505994005994
1,0.8657118055555556,0.6416666666666667,0.7312056737588652,0.7918819531722757,0.8125131573407436,0.7610544217687075,0.6372282608695653,0.783797729618163,0.7980263464134433,0.827485380116959,0.7878442545109211
