,18A2,868Z11,A23,A6,NYE-S1,TCR2-T,TCR3,TCR6,TCR7,T1,FLT3DY
0,0.8163535473642489,0.7478213507625272,0.8217463731443996,0.7909955032048055,0.7432715311004784,0.6759754406813231,0.6511770749575627,0.8243102725366876,0.7954389574759945,0.8103780864197532,0.7761697722567288
