,18A2,868Z11,A23,A6,NYE-S1,TCR2-T,TCR3,TCR6,TCR7,T1,FLT3DY
0,0.7958752515090542,0.6921534936998853,0.7704939919893189,0.7675722744688263,0.7293931159420289,0.7413194444444445,0.6251624431448993,0.752828282828283,0.7759785092013757,0.8421041119860018,0.6929525551490965
1,0.8707753078457848,0.7080057739284921,0.8370858688302908,0.7910188216039279,0.753927927927928,0.7218290043290043,0.6664961976746874,0.7787974987974988,0.8377857522594366,0.8456645664566458,0.8151709401709403
2,0.9150352733686068,0.7394979508196721,0.8645833333333334,0.7871221405228758,0.8174316557937248,0.7310119450078881,0.6419956140350876,0.7844366586760096,0.830510992275698,0.817426400759734,0.8065670712729536
