,18A2,868Z11,A23,A6,NYE-S1,TCR2-T,TCR3,TCR6,TCR7,T1,FLT3DY
0,0.8342557651991614,0.6635903996101363,0.811875367430923,0.8309980506822612,0.6986418219461697,0.7080825936512712,0.6316147577328257,0.7069934640522876,0.7917599067599067,0.8459856630824373,0.7410015649452268
