,18A2,868Z11,A23,A6,NYE-S1,TCR2-T,TCR3,TCR6,TCR7,T1,FLT3DY
0,0.7851399331662489,0.6644682774490467,0.768669336893636,0.8038452319808252,0.7308478809837506,0.7403067129629629,0.6318023761228629,0.7572640854548288,0.7921371708511943,0.8311965811965812,0.6968185345305398
1,0.8672201204988089,0.7250277592715966,0.8342010367365337,0.8053451178451178,0.7776996996996998,0.7178362573099415,0.6681373228856066,0.7739380989380988,0.7924443435566317,0.8338333333333335,0.7978448555663746
2,0.9099860039709663,0.7899572649572649,0.8371362433862434,0.7762487060041408,0.8128472222222222,0.7307361541107671,0.6429354636591479,0.7925707877768433,0.8241564581990115,0.8059163059163059,0.7855038480038479
