,18A2,868Z11,A23,A6,NYE-S1,TCR2-T,TCR3,TCR6,TCR7,T1,FLT3DY
0,0.8549728049728049,0.6904585066349772,0.7995149911816579,0.7966592011944756,0.7706654885042535,0.7472089947089947,0.6521661296097386,0.7422468835512314,0.7642543859649124,0.8504432624113475,0.760431697931698
