,18A2,868Z11,A23,A6,NYE-S1,TCR2-T,TCR3,TCR6,TCR7,T1,FLT3DY
0,0.8494758031130982,0.7200660348905504,0.8358189429618,0.7752653141051375,0.7248777372831198,0.7069359689841619,0.6937934027777777,0.7197065618197165,0.7129892676767677,0.8249311294765841,0.7444150499706056
1,0.8661517925247902,0.7659493284493285,0.8585967432950191,0.8585343567251461,0.7820146520146519,0.7043526170798898,0.6696357514539333,0.7280116959064328,0.726014515787243,0.8457880434782609,0.746439393939394
