,18A2,868Z11,A23,A6,NYE-S1,TCR2-T,TCR3,TCR6,TCR7,T1,FLT3DY
0,0.8032407407407408,0.6855752648435575,0.8173071976128004,0.7670510912698413,0.7683061821219715,0.6767255892255891,0.6307242812476169,0.7575868937675092,0.7830849525246809,0.8114583333333334,0.7365892139988525
1,0.8891235893524222,0.7045484860610912,0.8768007948335818,0.7385317460317461,0.8409764566395664,0.6884705038551192,0.7013521457965902,0.7751890203813282,0.8000397091306182,0.8593253968253968,0.79760101010101
