,18A2,868Z11,A23,A6,NYE-S1,TCR2-T,TCR3,TCR6,TCR7,T1,FLT3DY
0,0.7986233188605317,0.7148411817882971,0.7681352914997776,0.7697322646182961,0.7009535073580205,0.7414641203703703,0.6321694194919347,0.7521212121212121,0.7724385528859431,0.8426290463692038,0.6968116062520785
1,0.8746564935922843,0.7338772338772338,0.8364773495605139,0.7854112473677691,0.7129062736205594,0.717251461988304,0.6672185239118879,0.7795222061888728,0.8280390107976315,0.8450045004500452,0.7964556962025316
2,0.9103395061728395,0.7707991242474002,0.8671474358974359,0.7944313262495081,0.7646737812272617,0.7295106639146886,0.6411079782790309,0.7831612268731943,0.8231248656780572,0.817426400759734,0.7919672919672919
