,18A2,868Z11,A23,A6,NYE-S1,TCR2-T,TCR3,TCR6,TCR7,T1,FLT3DY
0,0.8308987308987309,0.7605725623582767,0.7789464769647697,0.8017268445839875,0.6850595238095237,0.7263817438332674,0.6759768009768011,0.7448015873015873,0.7943700396825396,0.8439716312056738,0.7848205128205129
