,18A2,868Z11,A23,A6,NYE-S1,TCR2-T,TCR3,TCR6,TCR7,T1,FLT3DY
0,0.770089098343946,0.7284375000000001,0.8158276125095346,0.762516804611831,0.687391726877086,0.7375892042154178,0.6526016356524832,0.7629038613081166,0.7441605045672032,0.8396588486140724,0.7428873510188388
1,0.8330402813299234,0.7165954415954415,0.8302618076933744,0.7512157382847039,0.7217554188914314,0.7429575255662213,0.6471244536461929,0.7566816444121978,0.7969645433931148,0.8479737070838764,0.7624482401656315
2,0.8254265084559614,0.7279960166115772,0.815676883780332,0.8181435656285333,0.7801727207977208,0.762438146648673,0.6366252955082742,0.7612518178555914,0.8057720057720058,0.8649403401878649,0.7950403505959062
3,0.83458751393534,0.7475812547241119,0.8295263031178525,0.827232905982906,0.7856941651853795,0.7321375519904931,0.6372150486210745,0.7643097643097643,0.8122720935220936,0.8199346405228759,0.8255244755244755
4,0.8108465608465609,0.7734155127772149,0.8016951120399396,0.830177626606198,0.8107406633221851,0.766490819122398,0.618956043956044,0.7629551820728291,0.8116802168021678,0.8208994708994709,0.7845730027548209
5,0.794921875,0.766645119586296,0.805349794238683,0.8524531024531025,0.8174707602339182,0.7842712842712842,0.6371005639097745,0.7657936507936508,0.7958547607916472,0.8242424242424242,0.780246913580247
