,18A2,868Z11,A23,A6,NYE-S1,TCR2-T,TCR3,TCR6,TCR7,T1,FLT3DY
0,0.8857316017316017,0.7239550264550264,0.7999275959353856,0.7775562643983696,0.7536519607843136,0.7301826484018265,0.6789341761115955,0.778219696969697,0.6289493989603638,0.8526315789473685,0.8033416355334163
