,18A2,868Z11,A23,A6,NYE-S1,TCR2-T,TCR3,TCR6,TCR7,T1,FLT3DY
0,0.8632729183083793,0.6215600275197798,0.7914682539682539,0.8103726339020456,0.7946913580246914,0.7240447461035696,0.6463470739786529,0.7809279309446738,0.7791830998685344,0.8919896640826873,0.8496962571036645
