,18A2,868Z11,A23,A6,NYE-S1,TCR2-T,TCR3,TCR6,TCR7,T1,FLT3DY
0,0.8062081232095082,0.6958856239159269,0.8138523391812865,0.7962938777879355,0.7310979947534569,0.6545489078822412,0.6607894736842105,0.7781247750018,0.7487527300027299,0.8565656565656566,0.7424067666282199
1,0.8217793880837357,0.736583001734517,0.8116666666666666,0.7476107226107226,0.7517534213098728,0.6737052341597796,0.6413984566158479,0.7548311076197957,0.7888142620232171,0.8844827586206897,0.7472302043422733
2,0.8333261648745519,0.7352946760841498,0.7933810375670841,0.7712718676122932,0.7908075348075347,0.7432126696832579,0.6213627145821544,0.7618931710615281,0.7923937652385927,0.8697209653092006,0.8386075949367089
3,0.8380717692203955,0.7700040700040701,0.7898999782561426,0.8386965811965813,0.8450280112044818,0.753277257872846,0.5899224806201552,0.7534395680947407,0.8067830514639026,0.860553206483439,0.8269727348674717
4,0.8684903748733536,0.7793784180338802,0.7688311688311688,0.8196969696969697,0.8313560274126504,0.7662745098039215,0.56,0.7631642512077295,0.7945707070707071,0.8503968253968255,0.7801362683438154
5,0.8751993620414673,0.773948948948949,0.7672101449275361,0.8263888888888888,0.8090909090909091,0.7614709851551957,0.5688095238095238,0.7357104700854701,0.8133012820512819,0.7727272727272726,0.7431318681318683
