,18A2,868Z11,A23,A6,NYE-S1,TCR2-T,TCR3,TCR6,TCR7,T1,FLT3DY
0,0.7918675717971492,0.7024033437826541,0.7220627503337784,0.7818452074096985,0.6574074074074073,0.658106884057971,0.6693826813021859,0.7646507414897202,0.7435495495495495,0.8559895833333333,0.7683296436854312
1,0.8386198547215497,0.7372714486638537,0.8089388264669165,0.7944312322941823,0.7791124457791123,0.6688882105548771,0.6576565550601742,0.7676858738386798,0.7539451827242525,0.8563106796116505,0.8391238391238391
2,0.8595185185185185,0.7761520737327189,0.7804972804972805,0.7866106575783997,0.7702691337258201,0.7060616760828625,0.7022913466461853,0.779810298102981,0.8136957813428402,0.8691239316239315,0.8053843759726113
