,18A2,868Z11,A23,A6,NYE-S1,TCR2-T,TCR3,TCR6,TCR7,T1,FLT3DY
0,0.7929815910585142,0.6988462051487262,0.8244183829138062,0.7417645763811643,0.7069327932867377,0.7196400002084539,0.6671876661350344,0.7188686868686869,0.7425560550560552,0.8552333213987349,0.7060603119135442
1,0.7714981294014085,0.7394444444444445,0.8455000770534751,0.7651319710515113,0.8112012987012988,0.718010547640724,0.6416278166278166,0.7768807159887549,0.7994727477102833,0.8471280602636534,0.7224776500638569
2,0.7805182396394855,0.8287528969347152,0.8790081713158635,0.81606608108739,0.7946178995707299,0.6963281698221456,0.6378924232973953,0.8005356487181149,0.8100427350427349,0.8693069306930693,0.8414979757085019
3,0.8328388746803069,0.8177755376344086,0.8864035087719296,0.8480008417508418,0.8137759077450522,0.7207917644757433,0.6319865015517189,0.8034945375609409,0.806156862745098,0.878921568627451,0.7933407738095238
4,0.8284181096681097,0.8813725490196078,0.8767951625094482,0.8601660092044708,0.845348506401138,0.7286131996658313,0.6586988304093567,0.7910950203252032,0.7887596899224807,0.895330112721417,0.8253406708595388
