,18A2,868Z11,A23,A6,NYE-S1,TCR2-T,TCR3,TCR6,TCR7,T1,FLT3DY
0,0.8580693325325726,0.7153113258185723,0.8168055555555557,0.8044590643274853,0.7124822695035461,0.7429232256282795,0.6297767248854205,0.7618487394957983,0.8029249314626673,0.808869395711501,0.7656776556776558
