,18A2,868Z11,A23,A6,NYE-S1,TCR2-T,TCR3,TCR6,TCR7,T1,FLT3DY
0,0.8065824282929546,0.7796594982078853,0.7981909602667104,0.7678653079887647,0.7023654513888888,0.7672414870353014,0.6189225589225589,0.7680195375641296,0.7408783561733873,0.8311965811965812,0.702472009755016
1,0.855562281409739,0.7385042735042736,0.8626268367647678,0.7415025252525252,0.7680769230769231,0.7622479821968313,0.6447884012539186,0.7880938974688975,0.7973916756253955,0.7934491978609626,0.7404700854700854
2,0.8730247604827671,0.7568486590038314,0.8457300275482093,0.7611617183985606,0.7437708416700014,0.7377241805813234,0.688231292517007,0.8063638912251192,0.809205754352031,0.8544871794871796,0.8010687229437229
