,18A2,868Z11,A23,A6,NYE-S1,TCR2-T,TCR3,TCR6,TCR7,T1,FLT3DY
0,0.8233072358072359,0.7260219258138093,0.8229697587495752,0.8054505690504502,0.7183739196161557,0.7381717216992878,0.654334222730449,0.7195926019548365,0.7613673493955183,0.8633162393162394,0.811560286775804
1,0.8398586074297398,0.7347839506172839,0.8384811046511628,0.7797032828282829,0.8032486388384754,0.7514705882352942,0.6609343906857941,0.7526353276353276,0.7522146002710027,0.8630363036303631,0.7583027099935312
2,0.8467003367003368,0.7255777310924371,0.8588664421997755,0.7660414477052848,0.8278163580246912,0.7606646825396824,0.6518186984938903,0.7647602250776854,0.8321325139506959,0.8632127192982456,0.7259114583333334
