,18A2,868Z11,A23,A6,NYE-S1,TCR2-T,TCR3,TCR6,TCR7,T1,FLT3DY
0,0.780477592977593,0.677667493796526,0.7626287942077417,0.7351020810159437,0.7003647835945972,0.7564012944983819,0.647382492247568,0.7620120120120121,0.751487848946265,0.6474833808167142,0.7307766243752402
1,0.855489417989418,0.7279456654456654,0.8246624824294727,0.814807808716707,0.7559193121693122,0.7439833113746156,0.6684085012210012,0.7964102564102564,0.8130346242445321,0.8400305576776166,0.7640804597701149
2,0.8767678372795169,0.7613572433192687,0.8140861742424242,0.823876678876679,0.7473122209430526,0.738572267920094,0.6685626102292769,0.8101592488847391,0.7892348793413042,0.8405882352941177,0.7740830597973455
3,0.8927048260381593,0.8235081911552499,0.8345626975763962,0.8277009728622632,0.7538998778998778,0.7454411117399232,0.6549652777777778,0.8266505045349666,0.8341291291291292,0.819186046511628,0.7482671174978868
4,0.8897544283413849,0.8272752888137503,0.8019853709508883,0.8311728395061729,0.8015445402298851,0.736111111111111,0.6368792351248491,0.7973104056437389,0.8439153439153438,0.8173611111111111,0.7831632653061225
