,18A2,868Z11,A23,A6,NYE-S1,TCR2-T,TCR3,TCR6,TCR7,T1,FLT3DY
0,0.8511024232178078,0.7306097795349092,0.8225537166085947,0.8152750329380765,0.7631512963241563,0.73813882532418,0.6008004341337675,0.7466346538615447,0.7993553459119496,0.8094541910331384,0.8267765567765567
