,18A2,868Z11,A23,A6,NYE-S1,TCR2-T,TCR3,TCR6,TCR7,T1,FLT3DY
0,0.8375250592309094,0.723644578313253,0.8161072972285788,0.7434870244394055,0.7710613839646098,0.6756786266209769,0.6345907615919931,0.7461030449687437,0.7708861739244336,0.8118345618345618,0.7554602647041367
1,0.8649103248645583,0.7564382896015549,0.797802887633396,0.7978176810212405,0.8139097744360901,0.6632508206902671,0.6470598845598846,0.8144400527009222,0.7581109666896042,0.8094246031746032,0.7556246857717447
