,18A2,868Z11,A23,A6,NYE-S1,TCR2-T,TCR3,TCR6,TCR7,T1,FLT3DY
0,0.8842447916666667,0.8486842105263158,0.8242753623188407,0.8656566975752035,0.7792857142857142,0.8050986050986051,0.7040863177226814,0.7139629629629628,0.7870670995670995,0.9742063492063492,0.691937984496124
