,18A2,868Z11,A23,A6,NYE-S1,TCR2-T,TCR3,TCR6,TCR7,T1,FLT3DY
0,0.8219361098671444,0.6924065040650408,0.8566711650922177,0.7780716902145474,0.7034754309344473,0.6789939966194556,0.6176590381998351,0.7362007168458781,0.7548748968186308,0.8539772727272728,0.8450735294117647
1,0.8592267953929539,0.727859477124183,0.9102083333333333,0.7936250362213851,0.7771548202614379,0.6875381029227183,0.715047477324263,0.795265780730897,0.8067424242424241,0.8564814814814815,0.7844742063492062
