,18A2,868Z11,A23,A6,NYE-S1,TCR2-T,TCR3,TCR6,TCR7,T1,FLT3DY
0,0.8351851851851851,0.7791980446558329,0.8330454941498631,0.7797429218812866,0.777214366778541,0.7012224517906335,0.6296270665128797,0.7528011204481793,0.78073350797809,0.8661740558292282,0.8274644122678397
1,0.8614222222222222,0.778180089239997,0.8367901234567902,0.7337269950489045,0.7706698187549251,0.709480915550525,0.6991895741895743,0.7901234567901235,0.7560061315496097,0.833921568627451,0.840757196020354
2,0.86531279178338,0.7556216931216931,0.8148526077097505,0.8243312757201645,0.812130407718643,0.7534648813718582,0.6919696969696969,0.7759803921568628,0.7936507936507936,0.8504273504273504,0.7866236327774789
