,18A2,868Z11,A23,A6,NYE-S1,TCR2-T,TCR3,TCR6,TCR7,T1,FLT3DY
0,0.8015399900645802,0.741003539851104,0.790906432748538,0.7679594861660078,0.7074412452319429,0.6878671581746874,0.6351561152320165,0.7721116490347258,0.7695138070231843,0.7641594516594515,0.7339368998628258
1,0.8879239549971257,0.7485307621671259,0.821415770609319,0.7725589225589226,0.8241215574548907,0.6795642701525054,0.6446192696192696,0.8019009975531715,0.8046203722596296,0.8119131455399061,0.7516339869281046
