,18A2,868Z11,A23,A6,NYE-S1,TCR2-T,TCR3,TCR6,TCR7,T1,FLT3DY
0,0.8244018049345918,0.7187707641196014,0.8208333333333334,0.744401298487837,0.6720608993748741,0.6989602230733052,0.6352935606060605,0.7082678062678062,0.7951138367805034,0.848996723996724,0.7612857786792878
1,0.8805023923444976,0.7206790123456791,0.8399297423887587,0.807915057915058,0.7571389666977901,0.6652421652421653,0.6731350434910807,0.7596668512366186,0.7578262786596119,0.8413265306122449,0.8091293047433399
