,18A2,868Z11,A23,A6,NYE-S1,TCR2-T,TCR3,TCR6,TCR7,T1,FLT3DY
0,0.8406525573192241,0.6654411764705882,0.8255517127799736,0.776521246796591,0.7522427810485001,0.7154207983727435,0.6016919364645082,0.7728632478632478,0.7995707353490108,0.8384684684684686,0.8018409494439771
1,0.8891537787558327,0.717548076923077,0.8205409356725145,0.8139682539682539,0.791563548369356,0.7196545284780579,0.6449271326464309,0.7646677321474069,0.8373170731707317,0.8488073671497585,0.7127959759538708
