,18A2,868Z11,A23,A6,NYE-S1,TCR2-T,TCR3,TCR6,TCR7,T1,FLT3DY
0,0.8039980359960076,0.6902173913043478,0.8556518268056731,0.7708037964713296,0.6745804988662131,0.7174639917695473,0.691822687640721,0.7872262286324787,0.8226717283321058,0.8913978494623654,0.7901040556857731
