,18A2,868Z11,A23,A6,NYE-S1,TCR2-T,TCR3,TCR6,TCR7,T1,FLT3DY
0,0.8260311447811448,0.7030102040816327,0.7844179894179893,0.771827242524917,0.74623330813807,0.7575536062378166,0.6416620439131758,0.7059391534391534,0.7772555029468501,0.8236601307189543,0.8202802708234923
1,0.8354900354900355,0.6590849673202615,0.7931763285024154,0.7310570987654321,0.7484727443609023,0.7808333333333333,0.7761926328502415,0.768279569892473,0.7212885154061626,0.8340820604971548,0.7689865689865689
