,18A2,868Z11,A23,A6,NYE-S1,TCR2-T,TCR3,TCR6,TCR7,T1,FLT3DY
0,0.8302666915523481,0.6791448135198136,0.7990055352284454,0.7928496732026143,0.7256101190476191,0.6896498599439775,0.6264872007709115,0.7823517126148705,0.8222532242063493,0.7476100288600288,0.8548044217687073
1,0.8224726944239139,0.6930121160890391,0.8773297491039426,0.7522997333898335,0.8351377018043685,0.750381562881563,0.6957054093567251,0.8094135802469135,0.8383349086326403,0.7416666666666667,0.858909608909609
