,18A2,868Z11,A23,A6,NYE-S1,TCR2-T,TCR3,TCR6,TCR7,T1,FLT3DY
0,0.8244396201772036,0.75102408901932,0.7788865546218489,0.7231069958847737,0.7438933886739738,0.7468070124320124,0.6225490196078431,0.714428341384863,0.7246148938109562,0.8583589349718382,0.6652962260172887
1,0.8311037126715094,0.7257672882672882,0.8298185309054874,0.7539898989898989,0.8339845826687932,0.7474588719153937,0.6150873281308064,0.734013209013209,0.7806103801169592,0.813673139158576,0.6766821946169772
2,0.8726345778977357,0.7359920239282154,0.8263703208556151,0.766282894736842,0.8476848209342309,0.7510326164364051,0.5926113360323887,0.7468613461644821,0.7863933452168747,0.8193257359924027,0.7207735247208932
3,0.8638836179633144,0.6709401709401709,0.80553090801538,0.8322185061315497,0.8156565656565656,0.8261413383364603,0.6287301587301587,0.7679894179894179,0.7839592748428653,0.9821428571428572,0.7669772256728778
