,18A2,868Z11,A23,A6,NYE-S1,TCR2-T,TCR3,TCR6,TCR7,T1,FLT3DY
0,0.8328799374396859,0.7092724867724868,0.817017103909465,0.7665004411672024,0.6520363636363636,0.7335176709890668,0.6296912676223021,0.7617206882753101,0.7458086785009862,0.8417651694247438,0.7728847481021394
