,18A2,868Z11,A23,A6,NYE-S1,TCR2-T,TCR3,TCR6,TCR7,T1,FLT3DY
0,0.8385039969547012,0.6669234878369493,0.7674788607031598,0.7710925106454036,0.7005976429214377,0.7418981481481483,0.6324881676808655,0.7574907560882315,0.7936027760767503,0.8426290463692038,0.6933959649706241
1,0.8687826699886244,0.7246502331778814,0.8345841784989858,0.7850024773937818,0.7307382212144118,0.7171992481203008,0.6677443774125696,0.778177869227252,0.7905358824320688,0.8450045004500452,0.8002596559558585
2,0.8906381600259151,0.7584625042252161,0.8649839743589745,0.8019686484219356,0.773310965586008,0.7296611627106984,0.6425960735171261,0.8008333333333333,0.8241564581990115,0.817426400759734,0.7868867243867245
