,18A2,868Z11,A23,A6,NYE-S1,TCR2-T,TCR3,TCR6,TCR7,T1,FLT3DY
0,0.819557308788078,0.740210918114144,0.8084096109839818,0.7254850088183421,0.653639612463142,0.7362443438914027,0.6769970477040058,0.707573500920275,0.7946630364155155,0.8394811656005686,0.7571820795625942
1,0.7767848794496759,0.718996632996633,0.8325709484690068,0.7098002306335639,0.763610303617571,0.7413743412384717,0.7015408716797605,0.7328931677890012,0.7649170812603648,0.8300376647834274,0.8296221322537113
2,0.8530069444444445,0.779307498057498,0.841084656084656,0.7389794685990339,0.791063813939631,0.7179250208855472,0.6565140102992651,0.7605280398322852,0.7843776282590413,0.834803480348035,0.8403882408389302
3,0.8755180233012746,0.784264949760999,0.8162820512820512,0.8007351712614869,0.7955949791136848,0.7277709694989106,0.7058333333333334,0.7599976160677038,0.832445987654321,0.833095238095238,0.8494209832882601
4,0.8903497628726287,0.7831168831168832,0.8188660801564028,0.8265086206896551,0.8309591642924977,0.7322303921568626,0.7143046107331822,0.7589176696319554,0.8268181818181818,0.8097155126140634,0.825751879699248
5,0.8818987573099415,0.8724932249322493,0.8329710144927537,0.8331349206349207,0.8630131362889983,0.7519871794871795,0.7015792849126182,0.7843086032741206,0.8048835125448028,0.7961309523809524,0.8971296296296297
