,18A2,868Z11,A23,A6,NYE-S1,TCR2-T,TCR3,TCR6,TCR7,T1,FLT3DY
0,0.8456802604701319,0.7271343240093241,0.8045125851759143,0.7764085297418631,0.7196942974720754,0.6355072463768116,0.6993381642512078,0.7681872712172014,0.7940685045948204,0.8402702702702703,0.766156462585034
1,0.8737702673629446,0.7244800950683304,0.8134259259259259,0.8195286195286196,0.8287981859410429,0.7906332671957671,0.6563816267247641,0.7622121669180492,0.8083333333333332,0.8360248447204969,0.8826754385964911
