,18A2,868Z11,A23,A6,NYE-S1,TCR2-T,TCR3,TCR6,TCR7,T1,FLT3DY
0,0.8475742271196816,0.6938207374954363,0.8219786517658857,0.7824871794871795,0.7448788998357964,0.6944493015484449,0.6472450682400619,0.7680125109521772,0.7792976604452014,0.857057057057057,0.7324290293040292
1,0.9031504065040651,0.6994060097833682,0.8333333333333334,0.7763678051865908,0.7503091326620739,0.6796711215932915,0.6649405332056194,0.8018162393162394,0.7687510901796616,0.8725845410628019,0.7236806403473071
