,18A2,868Z11,A23,A6,NYE-S1,TCR2-T,TCR3,TCR6,TCR7,T1,FLT3DY
0,0.773876835415297,0.6789412737799836,0.7970620996936787,0.734671561352808,0.7183301892185444,0.7549307443365696,0.6640603402445507,0.7108251868890166,0.7244272729780427,0.8347547974413646,0.7332756632064591
1,0.8286541889483066,0.7352439227439227,0.824039570579363,0.7998406813290287,0.6678426768906706,0.7428414580588494,0.6490801116043902,0.7558037269244166,0.8085814625950022,0.8337497260574184,0.7879012345679012
2,0.8761316872427983,0.7641936240037506,0.8114159125188536,0.7992449727143605,0.770593108321303,0.7221783471783473,0.6441601665944438,0.7624867724867724,0.7901195637892524,0.8461858974358974,0.7850363921792493
3,0.8864618171683389,0.8337606837606838,0.8374671371246715,0.7867850038566151,0.7738872549019608,0.7313963779956426,0.6431675050096103,0.7833665780141844,0.7957203671489386,0.812774806892454,0.7572058734666748
4,0.9000193261611802,0.8347301587301588,0.8266666666666668,0.8287424940650746,0.8328523328523328,0.7199166666666666,0.6098249846813725,0.7921703296703297,0.8203811369509045,0.8091787439613527,0.7688672438672439
