,18A2,868Z11,A23,A6,NYE-S1,TCR2-T,TCR3,TCR6,TCR7,T1,FLT3DY
0,0.8589380196523054,0.7153604497354498,0.819406737053796,0.761103438869282,0.7760518529662503,0.7558251633986929,0.6345669571128415,0.7450763701707098,0.7963462458153994,0.9539930555555555,0.7326576576576578
