,18A2,868Z11,A23,A6,NYE-S1,TCR2-T,TCR3,TCR6,TCR7,T1,FLT3DY
0,0.8142302088392425,0.7474645030425963,0.8560049019607844,0.7787988980716253,0.7016810366186017,0.7287875159642402,0.6927809585372611,0.7244904138981174,0.7987735185510815,0.8311676082862522,0.727794845536781
1,0.8158207127505372,0.742330016583748,0.8566419886842421,0.7985985985985985,0.7472685185185185,0.7285724896019014,0.686332767402377,0.7529121863799283,0.7998444873444873,0.8358823529411765,0.8418136589778381
2,0.8537348272642391,0.8210955710955711,0.8448773448773449,0.7835042735042735,0.8107027072544314,0.6905704954485442,0.6902592592592592,0.7946820175438596,0.7854106280193237,0.8824685534591196,0.8347637504614248
