,18A2,868Z11,A23,A6,NYE-S1,TCR2-T,TCR3,TCR6,TCR7,T1,FLT3DY
0,0.843867919570313,0.6951442132165023,0.8278903162055337,0.8024034672970842,0.733701814058957,0.7542030209212873,0.6287654320987655,0.7542529817953546,0.7966700428905478,0.8438016528925619,0.7541593180482069
1,0.8875730994152047,0.7562830687830688,0.8296783625730995,0.7364021164021164,0.8092047930283225,0.7694677871148459,0.6589097177332471,0.8214271336553945,0.8073840953463298,0.8110119047619048,0.7166628014842301
