,18A2,868Z11,A23,A6,NYE-S1,TCR2-T,TCR3,TCR6,TCR7,T1,FLT3DY
0,0.8753993211540382,0.7529369784804567,0.8172640931372549,0.7327668223490745,0.645089550971904,0.7370201601767468,0.6682085786375106,0.735897435897436,0.762374377758993,0.8427598566308244,0.7800716440422323
