,18A2,868Z11,A23,A6,NYE-S1,TCR2-T,TCR3,TCR6,TCR7,T1,FLT3DY
0,0.8072315558802045,0.6681254109138725,0.7676012461059191,0.7712177506888204,0.7272384167764603,0.7411747685185185,0.6254013301226924,0.7508802308802309,0.7956644213104714,0.8415791776027998,0.692793204744485
1,0.8662798759350482,0.7250277592715966,0.8345165652467884,0.7852997646475908,0.7665032679738563,0.7157581453634085,0.6690133101851852,0.7755587622254289,0.7951851291364004,0.8450045004500452,0.8000649139889647
2,0.9100610838837987,0.7647399681297987,0.8363921957671957,0.7928177882723336,0.8094855725290508,0.7291666666666666,0.6524829690417949,0.7820394615526461,0.8261766602192133,0.817426400759734,0.786135161135161
