,18A2,868Z11,A23,A6,NYE-S1,TCR2-T,TCR3,TCR6,TCR7,T1,FLT3DY
0,0.8384651600753296,0.7617444444444444,0.8564021164021165,0.7860295251310515,0.8063776163191368,0.708692365835223,0.6527484207968902,0.7634213453544874,0.7970741901776385,0.9031857031857031,0.7725329496162829
1,0.9148640101201772,0.7229532163742691,0.9232475598935226,0.7812947921643575,0.8954826038159371,0.6767676767676768,0.6777960526315789,0.8065972222222223,0.7713933691756273,0.906517094017094,0.7753968253968254
