,18A2,868Z11,A23,A6,NYE-S1,TCR2-T,TCR3,TCR6,TCR7,T1,FLT3DY
0,0.8353281793343269,0.7206020973253211,0.8027133103034432,0.752615268329554,0.7395240976003227,0.7540382819794584,0.6397771317829458,0.775071225071225,0.7452153110047846,0.8246556473829202,0.8155686817085285
1,0.8624331550802139,0.6904761904761904,0.7880658436213991,0.8282399547255235,0.8356244671781757,0.7883289124668433,0.6656717859557616,0.7940267335004177,0.7493103948896632,0.8422885572139304,0.7720734126984127
