,18A2,868Z11,A23,A6,NYE-S1,TCR2-T,TCR3,TCR6,TCR7,T1,FLT3DY
0,0.8366063296903462,0.6807886178861788,0.8181016399694889,0.805912975912976,0.7357423101067168,0.7151410614802037,0.607983280495169,0.7629860723081062,0.7946236559139784,0.8408708708708709,0.7625980392156864
1,0.8951065274594686,0.7450396825396824,0.854645323289391,0.8158622423328307,0.8239942528735632,0.7418480890179003,0.5387896825396826,0.7726572726572728,0.8109536962784757,0.8488073671497585,0.7222794566544565
