,18A2,868Z11,A23,A6,NYE-S1,TCR2-T,TCR3,TCR6,TCR7,T1,FLT3DY
0,0.8322060829922465,0.7120767195767197,0.8052676151761519,0.76597261612151,0.6444388944388945,0.7390096618357488,0.6299057678368023,0.7617286914765907,0.7495656053348361,0.8385342789598109,0.7744582470669427
