,18A2,868Z11,A23,A6,NYE-S1,TCR2-T,TCR3,TCR6,TCR7,T1,FLT3DY
0,0.8037443399512365,0.7823022860673463,0.8485927016854852,0.8257024265644956,0.7712379442462677,0.6832065102515325,0.6971882722233355,0.775371953149731,0.8473207249802995,0.852366255144033,0.7271937984496125
1,0.8423181086224565,0.7431341719077569,0.8733801717408275,0.7849215675302631,0.8357142857142857,0.7463728191000918,0.6526681286549708,0.7517747611865259,0.8230820105820106,0.8652294085129905,0.7913696715583508
