,18A2,868Z11,A23,A6,NYE-S1,TCR2-T,TCR3,TCR6,TCR7,T1,FLT3DY
0,0.7998817466200713,0.684059927983539,0.7676791277258568,0.753445833246097,0.6981903246739654,0.7416811342592592,0.6327296435815706,0.7534559884559885,0.7944927536231884,0.8421041119860018,0.6950518235228911
1,0.870177418596371,0.6924829434697856,0.8370182555780934,0.7915483043034065,0.7112874779541447,0.745020202020202,0.6797154988644349,0.7794131794131794,0.791519538606403,0.8463246324632464,0.8053618954884779
2,0.9138236264890329,0.7604024943310658,0.8343253968253969,0.8025305134680134,0.7551451745000132,0.7478918650793651,0.6409513366750209,0.783238060114328,0.8239630346013325,0.8216999050332383,0.7914862914862915
