,18A2,868Z11,A23,A6,NYE-S1,TCR2-T,TCR3,TCR6,TCR7,T1,FLT3DY
0,0.880316091954023,0.7145163255360624,0.8166415662650602,0.8082398446402491,0.7966331540799626,0.8039602102102101,0.6001304334637668,0.7615980252924867,0.795275389025389,0.8725658648339061,0.7284175824175824
