,18A2,868Z11,A23,A6,NYE-S1,TCR2-T,TCR3,TCR6,TCR7,T1,FLT3DY
0,0.8203141987388562,0.6805037672551285,0.8073709967769407,0.7417520027864856,0.6980913161421055,0.6290527416704018,0.6261792452830189,0.7331315126531547,0.7849958799864281,0.8581669226830516,0.7355670103092783
1,0.8722599541842171,0.7502623638987275,0.8238861832611833,0.7352562967045223,0.7274063446516817,0.7380904183535764,0.6369438529308257,0.7845119933829611,0.8140752032520325,0.8672222222222222,0.8026522001205545
2,0.8925189393939394,0.7253456221198157,0.8249770431588613,0.7854938271604938,0.8130208333333333,0.7646296296296295,0.6728068831699346,0.7911788337924701,0.8068749108543717,0.8954545454545455,0.8592278719397363
