,18A2,868Z11,A23,A6,NYE-S1,TCR2-T,TCR3,TCR6,TCR7,T1,FLT3DY
0,0.8408772064075095,0.7011494252873564,0.8381735282887496,0.7892692939244664,0.6756090666220741,0.7336627140974968,0.6658602678717621,0.7965241450482189,0.7653396206967636,0.8460351377018044,0.7949658228676086
1,0.8477821198409433,0.7746248059341038,0.8840435777055494,0.8237305487305487,0.7735819590204898,0.7590631853070176,0.6298102981029811,0.771479389718536,0.8209907782276203,0.8920650301464255,0.8366397180762853
2,0.8514394961763383,0.7999202551834131,0.8774651274651274,0.767718253968254,0.8348187759952466,0.7094230769230769,0.55423427887196,0.8020482603815937,0.807391304347826,0.8539094650205762,0.7982147051914494
