,18A2,868Z11,A23,A6,NYE-S1,TCR2-T,TCR3,TCR6,TCR7,T1,FLT3DY
0,0.779968183286261,0.703968253968254,0.818475587115938,0.7661894810170672,0.679868834622824,0.7464089605596492,0.6138685662944423,0.7845563453868456,0.7246303130727324,0.8453849518810149,0.7708333333333334
1,0.8506431308155445,0.7603375527426159,0.7972865914042385,0.755614657210402,0.783723975547875,0.7137248007501172,0.65180793441663,0.7729173477171188,0.7867817692379097,0.842549019607843,0.8071716434058208
2,0.8829545454545454,0.820124716553288,0.7881924838446578,0.7376543209876543,0.7583881535494438,0.7347586093260835,0.6378310128310128,0.7999118165784833,0.8062487621311151,0.8556397306397306,0.8142651711245327
