,18A2,868Z11,A23,A6,NYE-S1,TCR2-T,TCR3,TCR6,TCR7,T1,FLT3DY
0,0.8330962363981232,0.7079497354497355,0.805809620596206,0.7454545454545455,0.6432337503766076,0.7355263157894737,0.6275314723590586,0.7619444444444445,0.7498591152437307,0.8410559495665879,0.7704416839199447
