,18A2,868Z11,A23,A6,NYE-S1,TCR2-T,TCR3,TCR6,TCR7,T1,FLT3DY
0,0.8076719576719577,0.6779694098442102,0.8166856114426446,0.6851350350829232,0.6152789435398133,0.6717001581814986,0.6619585687382298,0.7671887003282353,0.798187346385287,0.8568444921828381,0.7299276146102005
1,0.8266524351676154,0.7231575091575092,0.8469934640522876,0.764002664002664,0.6829029172644668,0.7195801033591732,0.6837002096436059,0.7585727486559141,0.7746198830409358,0.8580533451223106,0.7864561766735679
2,0.8755644655043234,0.7401721897335932,0.9117549117549117,0.7965435307708465,0.7529441742803812,0.7449220465524813,0.6727529839774737,0.7554799697656841,0.7685779203421544,0.8594276094276094,0.817285200179937
3,0.875508478449655,0.7348063603550873,0.9018676796454574,0.8428219940094138,0.7742496521566289,0.7569138549566322,0.6579407160531232,0.7751046957141584,0.7642962111047217,0.845283189033189,0.749548611111111
4,0.9086563307493539,0.7242424242424242,0.8988095238095238,0.8466303661616162,0.7732032627865961,0.7434472934472934,0.6631868131868132,0.782875283446712,0.7994836704514124,0.8426606753812637,0.736553724053724
