,18A2,868Z11,A23,A6,NYE-S1,TCR2-T,TCR3,TCR6,TCR7,T1,FLT3DY
0,0.8524238952827509,0.7412266171956094,0.8159616787891627,0.7763331253033771,0.7491112705244699,0.7340799297321036,0.6901630844645551,0.7544587400177463,0.7963310994560994,0.8493080993080994,0.7579605382796872
1,0.8723213179734919,0.7666947250280584,0.8151061901061901,0.7946712018140589,0.7757663721330824,0.7353038194444445,0.6692260442260443,0.77140522875817,0.742169829403872,0.894194756554307,0.7097288676236045
2,0.9039848197343453,0.7403418803418803,0.8957431457431456,0.8218355718355719,0.8099011897559992,0.7688513037350247,0.6474358974358975,0.7705033936651584,0.843013468013468,0.8984848484848484,0.7912087912087912
