,18A2,868Z11,A23,A6,NYE-S1,TCR2-T,TCR3,TCR6,TCR7,T1,FLT3DY
0,0.8316653584510728,0.6722260562840273,0.8144563029149775,0.8026196928635954,0.6678999211977935,0.7078968253968254,0.6408730158730159,0.7419945987654321,0.7828499820981024,0.839952718676123,0.8148278560250392
