,18A2,868Z11,A23,A6,NYE-S1,TCR2-T,TCR3,TCR6,TCR7,T1,FLT3DY
0,0.7784765534765534,0.6810256410256411,0.7617516012252855,0.7351980583254504,0.7000915480063661,0.7549307443365697,0.6486143855401215,0.7609068462401796,0.7261961409025709,0.6480531813865148,0.7293348712033834
1,0.8508827773533656,0.7293470418470419,0.8231914615409761,0.8239952718676123,0.7608424272486772,0.7444737227345923,0.6660542582417582,0.7982144763531546,0.8199049220301653,0.8400305576776166,0.7670897190293742
2,0.872722336988188,0.7696038529371863,0.8105350378787879,0.8329824816105305,0.748305100232078,0.7233939393939394,0.6678924162257496,0.7867816091954024,0.80937269492336,0.8412418300653596,0.7608187134502925
3,0.8857765328353563,0.796681749622926,0.8327362135581314,0.8259768415865977,0.7554139194139194,0.7188691448801743,0.655593137254902,0.7893033154121863,0.7871321321321322,0.819186046511628,0.7533411033411035
4,0.8844975490196078,0.8159722222222223,0.798386160455126,0.8238403119868637,0.8163239538239538,0.7286998132586368,0.6428200129954516,0.7845412642160609,0.8126920122887865,0.8199404761904762,0.7580891330891332
