,18A2,868Z11,A23,A6,NYE-S1,TCR2-T,TCR3,TCR6,TCR7,T1,FLT3DY
0,0.8512123128821422,0.6938923395445135,0.8076987681970885,0.7639795114263199,0.6782196146602927,0.7553485162180813,0.6086481513426485,0.7604577175697865,0.7688094429347826,0.8408708708708709,0.7722317842799771
1,0.8918493323255228,0.750524109014675,0.8217186484730344,0.8066137566137566,0.771607111424045,0.743310866013072,0.6177211934156378,0.7710978835978836,0.8551141096118607,0.8173611111111111,0.7466039707419018
