,18A2,868Z11,A23,A6,NYE-S1,TCR2-T,TCR3,TCR6,TCR7,T1,FLT3DY
0,0.830240711669283,0.7076607972609441,0.8275192540671513,0.758259897054464,0.7061968995636079,0.6656166254380541,0.683913308913309,0.7602268532501091,0.7884529398613905,0.855111111111111,0.7602588383838383
1,0.8424494649227111,0.7205741626794259,0.8581118493909191,0.7983735224586289,0.7469713349713349,0.7209851551956815,0.6818439716312056,0.7923536883849179,0.7786274252178863,0.8256209150326796,0.7250781067206189
2,0.8711661611054936,0.7623131903833658,0.8232323232323232,0.8110719415067242,0.8047465569017294,0.7125105086170659,0.6543552350003963,0.8063325563325563,0.7564628713739521,0.8816773504273505,0.7602114260008997
