,18A2,868Z11,A23,A6,NYE-S1,TCR2-T,TCR3,TCR6,TCR7,T1,FLT3DY
0,0.8110848936371647,0.7397789143705659,0.8325657120925106,0.7734796238244513,0.7128272693490084,0.7885144927536231,0.7105460058676433,0.7213626030122193,0.7620749158249159,0.831929181929182,0.8246527777777778
1,0.8268162393162393,0.8121911758275395,0.8318922679387796,0.8170946229783659,0.7952261137949543,0.708627513906718,0.6907136844636845,0.7575292397660819,0.7523445922395416,0.7487179487179487,0.7861343719571569
2,0.8366998792270531,0.8363064524055236,0.8325492689129051,0.8197031590413943,0.841018444266239,0.7201726844583988,0.7134712173639509,0.7610987103174603,0.7762188208616779,0.7616912798874824,0.7863834422657953
