,18A2,868Z11,A23,A6,NYE-S1,TCR2-T,TCR3,TCR6,TCR7,T1,FLT3DY
0,0.8548634336677816,0.6896780303030304,0.84290232133542,0.8027736716761108,0.817306097914853,0.7516935593681917,0.7025379611586509,0.7379476584022039,0.7583396464646466,0.8868217054263566,0.7677154195011338
