,18A2,868Z11,A23,A6,NYE-S1,TCR2-T,TCR3,TCR6,TCR7,T1,FLT3DY
0,0.8047510951812028,0.7127643034825871,0.8019524513426952,0.7913871318126637,0.7507914318259146,0.7290939206732922,0.6584695792012866,0.7564095500459137,0.717764060356653,0.8092397660818714,0.8272175337392729
