,18A2,868Z11,A23,A6,NYE-S1,TCR2-T,TCR3,TCR6,TCR7,T1,FLT3DY
0,0.8008396074531808,0.6949381636881636,0.8233004385964913,0.7296958756772862,0.6890481072811901,0.7337104072398191,0.608223401973402,0.6969490886716185,0.7346038132521385,0.8088183421516755,0.6053568235178743
1,0.8202965646806226,0.7369634111207145,0.8445833333333335,0.7013069648870829,0.7201501694056552,0.7627214170692431,0.6179487179487179,0.7135923600209315,0.7941926770708282,0.8127525252525253,0.7535303776683087
2,0.832905832289056,0.7335763651553125,0.8112824675324676,0.8103388494877857,0.7589130712862963,0.7476502476502477,0.6040104166666668,0.7416468253968255,0.7830411585365854,0.8114077669902913,0.7470991561181434
3,0.8466553287981861,0.7586124727668846,0.8525448525448525,0.818980343980344,0.7774200409947016,0.7671290106951872,0.6059480991607689,0.7549711007591443,0.8190561047703904,0.8136304909560724,0.7367131062951496
4,0.8314746732026145,0.7638214015765037,0.8900858704137393,0.8239426523297491,0.8067210567210568,0.7730253928170594,0.599791013584117,0.7738342566943675,0.8144359938223039,0.801058201058201,0.7789115646258503
