,18A2,868Z11,A23,A6,NYE-S1,TCR2-T,TCR3,TCR6,TCR7,T1,FLT3DY
0,0.7892694793664322,0.804080408040804,0.8219807391983341,0.730051854897661,0.6937650413130156,0.6544919278252612,0.6713560690004242,0.7542976094547408,0.6890817610062894,0.8543083900226757,0.7002169312169313
1,0.7841167717086833,0.7803140096618358,0.8220439691027925,0.7797715018810355,0.7419385020882853,0.6706318806037906,0.676953714177979,0.7563779086066723,0.7208843240093241,0.8539886039886041,0.72846844669969
2,0.8406576917976957,0.761431623931624,0.8564799253034548,0.808698938512603,0.7636876876876876,0.7006525976777693,0.7123381937211724,0.7534655190905192,0.8077731092436974,0.8330633063306331,0.752395411605938
3,0.8683862433862434,0.7658973311546841,0.8342641376887953,0.8196637426900585,0.7757209188660802,0.7285697904892952,0.6988767600063283,0.7397943601750993,0.8066442702500934,0.8332539682539682,0.7538461538461538
4,0.8888888888888888,0.7896825396825397,0.8290043290043291,0.8043704474505723,0.7968541666666668,0.7497500403160781,0.6675521675521675,0.7887867647058825,0.8035094878596204,0.8414351851851851,0.8222209338280767
