,18A2,868Z11,A23,A6,NYE-S1,TCR2-T,TCR3,TCR6,TCR7,T1,FLT3DY
0,0.7662000868055555,0.722008547008547,0.8178053830227743,0.7469792487522984,0.7019463960447568,0.730860433604336,0.6206228281208234,0.7905368165784833,0.8111669146825397,0.827485380116959,0.7740313104268927
1,0.883054226475279,0.7253086419753086,0.8006345506345506,0.8100240688131314,0.7622180451127818,0.7207223865877713,0.6722972972972973,0.7463754352643241,0.7568233618233619,0.8287671232876712,0.8010893246187364
