,18A2,868Z11,A23,A6,NYE-S1,TCR2-T,TCR3,TCR6,TCR7,T1,FLT3DY
0,0.7845680187229483,0.7068295739348373,0.8353805073431241,0.7748871100164202,0.7041242902601859,0.6745667114896161,0.6482551734124061,0.7431160607053172,0.7856919579425973,0.8084494245911569,0.7271464646464647
1,0.8686352226185757,0.7444200779727096,0.8227969348659004,0.7923370610870611,0.7335472013366751,0.6952532351628736,0.6510157271996668,0.749531116794544,0.8105045937410278,0.8037730243612597,0.7761840062111801
2,0.8725057760974586,0.8066260987153481,0.8283617424242425,0.815631469979296,0.7505277421195263,0.7128389029003784,0.6618903386144765,0.7596016184251478,0.7898125103700017,0.8072150072150072,0.8204816017316018
