,18A2,868Z11,A23,A6,NYE-S1,TCR2-T,TCR3,TCR6,TCR7,T1,FLT3DY
0,0.8101251858045337,0.7816498316498316,0.7865240240240241,0.7647809394760614,0.8171747607231478,0.7258054963278844,0.6147829647829647,0.7804898093359632,0.8138640873015873,0.8684754521963823,0.8014763014763014
