,18A2,868Z11,A23,A6,NYE-S1,TCR2-T,TCR3,TCR6,TCR7,T1,FLT3DY
0,0.8485695006747639,0.7563383344205262,0.8012414842480203,0.7865130627590862,0.6818754925137904,0.7656046315466606,0.6622220226871389,0.7349523809523809,0.7637806637806638,0.8816764132553606,0.7711580594679187
