,18A2,868Z11,A23,A6,NYE-S1,TCR2-T,TCR3,TCR6,TCR7,T1,FLT3DY
0,0.7822020609318997,0.7119183285849952,0.8028673835125447,0.764454951405306,0.7493622448979592,0.7554642420003498,0.6834376303712975,0.7484237074401009,0.7785565840473275,0.8149058149058149,0.77920438957476
1,0.8643235071806501,0.6985844017094017,0.782816091954023,0.7581676136363636,0.8479618671926364,0.8102891260785997,0.6890907224958949,0.7376043360433604,0.7773504273504273,0.8842429577464789,0.7870937213497768
