,18A2,868Z11,A23,A6,NYE-S1,TCR2-T,TCR3,TCR6,TCR7,T1,FLT3DY
0,0.8744276556776557,0.6851085039490837,0.8340422588788603,0.8037292329445034,0.7157992973210364,0.6965653570546083,0.6665764790764791,0.7670571258806552,0.7884140550807217,0.839952718676123,0.804253942458168
