,18A2,868Z11,A23,A6,NYE-S1,TCR2-T,TCR3,TCR6,TCR7,T1,FLT3DY
0,0.863209706959707,0.6750404963896438,0.8117144293614881,0.7584642012833501,0.7602500341810227,0.7233796296296297,0.6323593073593073,0.798658857482387,0.7466498433693003,0.8838297059946546,0.7671653796653798
