,18A2,868Z11,A23,A6,NYE-S1,TCR2-T,TCR3,TCR6,TCR7,T1,FLT3DY
0,0.8769005847953216,0.7581018518518517,0.7967747382641001,0.7817016317016318,0.768483709273183,0.6319003993422598,0.7228753047718565,0.8100574712643677,0.7967676767676767,0.8924242424242425,0.8806410256410256
