,18A2,868Z11,A23,A6,NYE-S1,TCR2-T,TCR3,TCR6,TCR7,T1,FLT3DY
0,0.8312909720142425,0.7102248677248677,0.8024898373983739,0.7468304843304843,0.6419572491001063,0.7356661581489957,0.6365588066043999,0.7613045218087234,0.7541125541125542,0.8407407407407407,0.7741545893719807
