,18A2,868Z11,A23,A6,NYE-S1,TCR2-T,TCR3,TCR6,TCR7,T1,FLT3DY
0,0.8149824032176974,0.615047233468286,0.8525709219858156,0.7516315102521999,0.7921969696969696,0.6817460317460317,0.6181103821490789,0.7295285359801489,0.8330533154121863,0.9323232323232323,0.7963888888888889
