,18A2,868Z11,A23,A6,NYE-S1,TCR2-T,TCR3,TCR6,TCR7,T1,FLT3DY
0,0.8397787397787398,0.6991126561582298,0.813799117677234,0.7622458628841607,0.6780902713106102,0.7493059193294919,0.6111302781132003,0.7582077840552416,0.7739008646937036,0.8413774104683197,0.7721074775291642
1,0.8982341269841269,0.7547918538484577,0.8730555555555556,0.8128961632854846,0.7746973341939016,0.7429023692810457,0.6626683501683501,0.7672398589065256,0.8460499908775772,0.8125992063492063,0.7440787182166493
