,18A2,868Z11,A23,A6,NYE-S1,TCR2-T,TCR3,TCR6,TCR7,T1,FLT3DY
0,0.8359892023685127,0.6693572742497872,0.7946369869446793,0.7817276021080368,0.7889035614245699,0.7378167641325537,0.6789481239705637,0.7241336980920314,0.7252842127842128,0.8802083333333334,0.8280276323754583
