,18A2,868Z11,A23,A6,NYE-S1,TCR2-T,TCR3,TCR6,TCR7,T1,FLT3DY
0,0.8572602305523581,0.740686274509804,0.8438542787016354,0.7903495083727642,0.7544036527140406,0.7436166707849435,0.6406102043109121,0.741870719579698,0.8170911949685534,0.8994984567901234,0.7257567939456484
