,18A2,868Z11,A23,A6,NYE-S1,TCR2-T,TCR3,TCR6,TCR7,T1,FLT3DY
0,0.8494945197938041,0.7030025657027945,0.8722283813747227,0.7489741161616162,0.7619534249969032,0.6881216931216931,0.6795450080843798,0.7655166073249419,0.816737325560855,0.9201241134751773,0.8654505494505496
