,18A2,868Z11,A23,A6,NYE-S1,TCR2-T,TCR3,TCR6,TCR7,T1,FLT3DY
0,0.7924107142857143,0.7263888888888889,0.826936026936027,0.7897535825924572,0.7869234898220405,0.6664781297134238,0.6543116945682285,0.8043933588761175,0.6887507601793316,0.8590439276485787,0.7720707458610686
