,18A2,868Z11,A23,A6,NYE-S1,TCR2-T,TCR3,TCR6,TCR7,T1,FLT3DY
0,0.7793693635102324,0.7243086351318059,0.8128654970760234,0.7646987366375121,0.7483014159877341,0.6617153679653679,0.6556052824651504,0.730280110178151,0.7696658252193772,0.8547348484848486,0.7802495093916457
1,0.8602642276422764,0.7177448337825697,0.806890746545919,0.7849455815464587,0.7739766081871345,0.7461399711399711,0.6477553310886643,0.7139957264957265,0.8071978228228228,0.8656103286384976,0.7600200725200725
