,18A2,868Z11,A23,A6,NYE-S1,TCR2-T,TCR3,TCR6,TCR7,T1,FLT3DY
0,0.8346640667761358,0.6856172839506174,0.832299722749161,0.7728831246273108,0.7669199935866603,0.7165991902834009,0.6905718773096822,0.7174139051332035,0.6709539473684211,0.8574786324786325,0.8462366007008865
1,0.8393684746625922,0.5601503759398496,0.8363715277777778,0.8200549450549451,0.8405062134502924,0.7174119241192413,0.6529634581105169,0.7235155790711346,0.7663690476190476,0.7991071428571428,0.7942118863049097
