,18A2,868Z11,A23,A6,NYE-S1,TCR2-T,TCR3,TCR6,TCR7,T1,FLT3DY
0,0.821257893838539,0.765354752342704,0.8306032939491587,0.774293563579278,0.7063740079365078,0.7494608614559656,0.7001206490348078,0.7435764207266132,0.8045076884920634,0.8655473655473657,0.7757218271924154
1,0.8426823638042474,0.673611111111111,0.8930634023854362,0.8081896551724138,0.8289407419842204,0.753138528138528,0.6536796536796536,0.7984797297297298,0.7888262322472848,0.9657534246575342,0.8309865900383141
