,18A2,868Z11,A23,A6,NYE-S1,TCR2-T,TCR3,TCR6,TCR7,T1,FLT3DY
0,0.7947435897435898,0.803917863441673,0.8034398034398035,0.7822822822822822,0.8306484173126615,0.743527460735538,0.6453922439766727,0.7522183641975309,0.8078775510204083,0.8415697674418605,0.7839646464646465
