,18A2,868Z11,A23,A6,NYE-S1,TCR2-T,TCR3,TCR6,TCR7,T1,FLT3DY
0,0.8506856938844086,0.7463433031614849,0.8201797259522218,0.7883267973856211,0.728872838355597,0.7217227852239293,0.6239553983861384,0.7547814207650273,0.7688576263741943,0.8381681681681682,0.7502834467120181
1,0.9050543024227234,0.7707879448075526,0.8450000000000001,0.740712738948626,0.7780231211603761,0.7278414694280079,0.6890412414965986,0.7824655503226933,0.8371760670731708,0.8185721953837897,0.7412202520561655
