,18A2,868Z11,A23,A6,NYE-S1,TCR2-T,TCR3,TCR6,TCR7,T1,FLT3DY
0,0.8120901105665649,0.7094556677890012,0.8103546910755149,0.790299823633157,0.7128336410945106,0.6716247614305866,0.6782231530185943,0.7719405808779736,0.8006430041152264,0.8554713804713804,0.8038864838864838
1,0.8234595085806159,0.7331946095917559,0.8253775620280474,0.7659391534391536,0.7139784946236559,0.691017316017316,0.6689378057302585,0.7782053337608893,0.7668661898839138,0.8417137476459512,0.8410259156136218
2,0.8177083333333334,0.751752776209298,0.83008288008288,0.7950395527270565,0.7696392496392496,0.7099952516619185,0.6837162092712509,0.7742702702702703,0.8090975272197823,0.8442844284428443,0.8195833333333334
3,0.8607222222222223,0.7153110047846889,0.8577884104199893,0.8168290043290042,0.7832903503116269,0.7227083333333333,0.6829986860474665,0.7885600907029477,0.8030533063427802,0.8707070707070708,0.8098569651741294
4,0.8791958041958043,0.7316993464052288,0.8559778108958437,0.8347520908004779,0.7736005236005236,0.6906126725838263,0.6798540965207632,0.7832324870563284,0.8041958041958042,0.8224867724867725,0.7632007575757577
