,18A2,868Z11,A23,A6,NYE-S1,TCR2-T,TCR3,TCR6,TCR7,T1,FLT3DY
0,0.8594158817373104,0.6412510656436488,0.8081196581196582,0.7824652777777779,0.7517185746352414,0.7157863145258103,0.5946844993141289,0.7497888198757764,0.8037421383647799,0.8057725694444445,0.7303814803814803
