,18A2,868Z11,A23,A6,NYE-S1,TCR2-T,TCR3,TCR6,TCR7,T1,FLT3DY
0,0.8148235809774271,0.7570167927310786,0.822084851639771,0.7637049613280514,0.7020266106442578,0.6729009552538964,0.640305743171488,0.693462962962963,0.8039454732510288,0.8566654732068265,0.6585154803315855
1,0.8009476427386876,0.7660202668221915,0.813935927906516,0.8007430213464697,0.7089335982778606,0.7662492123503465,0.6662697311629054,0.7260993566963716,0.8095434286898838,0.7985527544351075,0.7067369093231163
2,0.8365272823358435,0.766048644338118,0.7779384077461001,0.830181156711769,0.7702654320987653,0.7589542577675489,0.6648142870713404,0.7309753048883484,0.8132534939720482,0.7989453357100417,0.7430124223602483
3,0.8653192046049188,0.7777343750000001,0.7942942942942942,0.8335410731244064,0.8223140495867769,0.706972947761194,0.6833875306114257,0.7475415698194171,0.8143393393393393,0.8624911909795632,0.7439005439005438
4,0.8783856571252692,0.760906862745098,0.8013708513708514,0.8340839268258624,0.8042139077853364,0.7185931352598018,0.6810365275142315,0.7472335859432633,0.8151761517615176,0.8637681159420291,0.8151234567901234
5,0.8943505717699266,0.7462462462462461,0.7507407407407407,0.8397581254724112,0.8296814296814295,0.7289953801581709,0.65257659007659,0.8043478260869565,0.8089506172839506,0.7870370370370371,0.8661616161616162
