,18A2,868Z11,A23,A6,NYE-S1,TCR2-T,TCR3,TCR6,TCR7,T1,FLT3DY
0,0.83101318484383,0.7140847767173324,0.8080533781261664,0.7668967256482312,0.6771020881190374,0.7558198252789982,0.6059288329212428,0.7567430424775058,0.7860630616591345,0.8431955922865014,0.7792503346720214
1,0.8875031494079112,0.7120915032679739,0.8171702404158546,0.8207128892612762,0.7719200453754228,0.7778752125850339,0.6102634738998375,0.7684303350970018,0.826487273159286,0.8173611111111111,0.7466475095785441
