,18A2,868Z11,A23,A6,NYE-S1,TCR2-T,TCR3,TCR6,TCR7,T1,FLT3DY
0,0.8298313321898227,0.7332416863053156,0.811228515074669,0.7470558954933955,0.7822526173590004,0.7352175245098039,0.6388352826510721,0.7887808232635818,0.7507320261437909,0.8720538720538721,0.7777358806770572
