,18A2,868Z11,A23,A6,NYE-S1,TCR2-T,TCR3,TCR6,TCR7,T1,FLT3DY
0,0.8559133767467101,0.6893004115226337,0.8279471544715449,0.8298786653185034,0.7182479982615382,0.7046431869146549,0.6402766402766402,0.7449942940139019,0.7813921377517868,0.8441935483870968,0.7063067292644757
