,18A2,868Z11,A23,A6,NYE-S1,TCR2-T,TCR3,TCR6,TCR7,T1,FLT3DY
0,0.865291344458011,0.6868338317613679,0.8144186967716379,0.8136642398006035,0.7265534765534766,0.6916714713230651,0.6988129154795821,0.7492458521870287,0.7979524979524979,0.7598081328751433,0.7602237654320988
