,18A2,868Z11,A23,A6,NYE-S1,TCR2-T,TCR3,TCR6,TCR7,T1,FLT3DY
0,0.8244107988022796,0.6996779388083736,0.8018072462516908,0.759575279549475,0.73140480024538,0.7069885361552029,0.6198945981554678,0.7403865637908192,0.7948237466731847,0.963464431549538,0.819088319088319
