,18A2,868Z11,A23,A6,NYE-S1,TCR2-T,TCR3,TCR6,TCR7,T1,FLT3DY
0,0.8528093929879644,0.6913438967136151,0.8095564700502972,0.8149293214534951,0.717014805922369,0.7126472283996375,0.6563760823246747,0.7365714285714287,0.7764045741885077,0.8679824561403509,0.7534064164498947
