,18A2,868Z11,A23,A6,NYE-S1,TCR2-T,TCR3,TCR6,TCR7,T1,FLT3DY
0,0.8082393790849673,0.7910973084886129,0.8134041591320073,0.7925044091710758,0.7488307043286868,0.7385545267489713,0.5840435498738232,0.7030548068283918,0.7916374269005848,0.8786549707602339,0.7662564102564101
