,18A2,868Z11,A23,A6,NYE-S1,TCR2-T,TCR3,TCR6,TCR7,T1,FLT3DY
0,0.859434794183222,0.7176213480561305,0.794894787183166,0.7986162790697674,0.7264814814814815,0.7746913580246914,0.662913218468774,0.76187274909964,0.7644577644577645,0.839558707643814,0.7495726495726496
