,18A2,868Z11,A23,A6,NYE-S1,TCR2-T,TCR3,TCR6,TCR7,T1,FLT3DY
0,0.8475634920634922,0.7464009661835749,0.7736992945326279,0.8137104743083005,0.7231368102796676,0.7645417375473782,0.6271157286363012,0.7389069264069263,0.7990241341227166,0.8812865497076023,0.6911339833875045
