,18A2,868Z11,A23,A6,NYE-S1,TCR2-T,TCR3,TCR6,TCR7,T1,FLT3DY
0,0.7844074986316366,0.7345679012345679,0.8420168067226891,0.8193662972435352,0.6642653562653562,0.6318614166533822,0.6370624211703673,0.7656683797034675,0.8126216258631512,0.8323432343234324,0.8281576448243114
1,0.85872113997114,0.7374624624624625,0.9593042890915232,0.8326190476190476,0.8235129068462402,0.7238888888888889,0.6701642512077296,0.8239271367776319,0.8101073762838468,0.7720125786163522,0.7732804232804232
