,18A2,868Z11,A23,A6,NYE-S1,TCR2-T,TCR3,TCR6,TCR7,T1,FLT3DY
0,0.8142990470576678,0.7230364873222016,0.8530417295123177,0.8102555168408827,0.7784068627450981,0.6924264705882353,0.667151374145703,0.7603996622572474,0.7191267247639797,0.8824933180603284,0.6978588703940817
