,18A2,868Z11,A23,A6,NYE-S1,TCR2-T,TCR3,TCR6,TCR7,T1,FLT3DY
0,0.8625874125874126,0.7359625668449198,0.8453241537578887,0.7530057413036135,0.7030890464933018,0.7475861556743909,0.6626410463619766,0.7591666666666667,0.7626322751322752,0.8424743892828999,0.7404542124542125
