,18A2,868Z11,A23,A6,NYE-S1,TCR2-T,TCR3,TCR6,TCR7,T1,FLT3DY
0,0.7935425326386043,0.6638308948435531,0.8060344827586207,0.7914803679720422,0.7491452031546372,0.7018545180309886,0.6653546150512785,0.7395773955773955,0.7200988582567529,0.8588996763754047,0.8018376068376067
1,0.8362511671335201,0.6760416666666668,0.8576599326599327,0.8022649572649573,0.7671903069219891,0.7121812243763465,0.6003478260869565,0.7660199882422104,0.766,0.9382716049382717,0.8474520905923345
