,18A2,868Z11,A23,A6,NYE-S1,TCR2-T,TCR3,TCR6,TCR7,T1,FLT3DY
0,0.9013392857142858,0.651259559154296,0.8219822812846068,0.7565052231718897,0.725061274509804,0.7343474426807761,0.675793650793651,0.7610087045570917,0.7277513586956522,0.6696428571428571,0.8162878787878788
