,18A2,868Z11,A23,A6,NYE-S1,TCR2-T,TCR3,TCR6,TCR7,T1,FLT3DY
0,0.8331378323516688,0.7067375010295692,0.8060806233062331,0.7588675213675214,0.6613131313131313,0.7351449275362318,0.6308633231522879,0.7674909963985593,0.7425213675213675,0.8424743892828999,0.7714768806073153
