,18A2,868Z11,A23,A6,NYE-S1,TCR2-T,TCR3,TCR6,TCR7,T1,FLT3DY
0,0.7705624543462383,0.6826388888888889,0.8235062893081762,0.7858271350419059,0.6843494271685762,0.6425774440958215,0.6305349088367956,0.7520272925374201,0.7990896101245152,0.8426290463692038,0.7600554695562436
1,0.8758356453956929,0.744040983171418,0.8148829299161525,0.7727382156098032,0.6733096016184251,0.6491471734892788,0.6606240069334103,0.7418781175450011,0.8018521004893184,0.8462646264626463,0.7722763347763347
2,0.8989197530864197,0.7742011278195489,0.8124605429292929,0.8144149272612271,0.7593527640941433,0.6981510552939124,0.6915274296853244,0.7746212121212123,0.8112373737373737,0.9504219409282699,0.8155798976482087
