,18A2,868Z11,A23,A6,NYE-S1,TCR2-T,TCR3,TCR6,TCR7,T1,FLT3DY
0,0.8792037786774629,0.7366908212560386,0.8051722582972584,0.7843749999999999,0.7517805383022775,0.7451447987780168,0.6489371027832567,0.7054579407520584,0.8159623015873015,0.856842105263158,0.8070476190476189
