,18A2,868Z11,A23,A6,NYE-S1,TCR2-T,TCR3,TCR6,TCR7,T1,FLT3DY
0,0.8330513123033615,0.7047320495596358,0.8649513568868407,0.7516415516824013,0.7295195861049519,0.769652305366591,0.6315770609318996,0.734088633494406,0.8281927938124882,0.8424447174447174,0.7212003319846456
1,0.8376937984496124,0.8258367550080875,0.8812613843351548,0.7522512708787219,0.839713663243075,0.77924849184957,0.6088811995386391,0.7541073848238483,0.807866736438165,0.8503968253968255,0.839462292093871
