,18A2,868Z11,A23,A6,NYE-S1,TCR2-T,TCR3,TCR6,TCR7,T1,FLT3DY
0,0.8664955643134012,0.6827294685990338,0.8212522045855378,0.7723263733902032,0.7654424242424241,0.7186834094368342,0.6069369906579208,0.6966434235712332,0.791011466011466,0.8436159844054579,0.7065217391304349
