,18A2,868Z11,A23,A6,NYE-S1,TCR2-T,TCR3,TCR6,TCR7,T1,FLT3DY
0,0.766175642554319,0.6899572649572651,0.8465955854844744,0.7395802005012532,0.716661125360185,0.6903747621138926,0.6651589037766233,0.7581765935214212,0.7416236951009895,0.8668091168091169,0.7943079023724186
1,0.8027991452991453,0.7236584932480454,0.8565624190624191,0.763917748917749,0.737172356749665,0.7379801397868956,0.6478241758241757,0.7798209561602419,0.7970503647586981,0.8595588235294119,0.8136340852130326
2,0.8490604575163397,0.7638888888888888,0.8647787397787399,0.8193150448585231,0.812358276643991,0.7080886383211965,0.5889190821256038,0.8155555555555556,0.7625707625707626,0.8271604938271605,0.8608342561830934
