,18A2,868Z11,A23,A6,NYE-S1,TCR2-T,TCR3,TCR6,TCR7,T1,FLT3DY
0,0.8333042161658514,0.7122089947089947,0.8066486625514403,0.7688638368941829,0.653919191919192,0.7363653699466056,0.6243879347327623,0.7605202080832333,0.7453038414576877,0.8424743892828999,0.7741821946169772
