,18A2,868Z11,A23,A6,NYE-S1,TCR2-T,TCR3,TCR6,TCR7,T1,FLT3DY
0,0.7800098175098175,0.6759057071960298,0.7611807296017822,0.7354960372636263,0.7005422458838607,0.7511010558069381,0.6497002569984281,0.7630951109211979,0.7397712539997793,0.6480911680911681,0.7320261437908497
1,0.8436253289194465,0.7307900432900433,0.8227174659213494,0.8118505658436215,0.7592427248677248,0.7413677137982059,0.6688358516483516,0.7963461538461539,0.8054407713498623,0.8411510058568883,0.7688138569604087
2,0.8707161396260394,0.7620743454076787,0.813470643939394,0.8240694188406607,0.7464228934817171,0.7346259302781042,0.6691446208112874,0.8021487441130297,0.7872202513905314,0.8412418300653596,0.7610886189833558
3,0.8964862298195632,0.7947963800904979,0.8629129129129129,0.8318353174603175,0.7522197802197802,0.7473118279569894,0.6572569444444444,0.8292183695386349,0.7937969366540795,0.8204780361757106,0.7541181041181041
4,0.8964453998653724,0.8054421768707481,0.8273611111111111,0.8317977915804002,0.8088415919631892,0.7373055555555554,0.643655434883505,0.8105982905982906,0.8246031746031747,0.8151785714285714,0.7554945054945055
