,18A2,868Z11,A23,A6,NYE-S1,TCR2-T,TCR3,TCR6,TCR7,T1,FLT3DY
0,0.7910453648915188,0.7436059311059311,0.8227355543987507,0.7441032088122604,0.7384420265854089,0.7640874811463046,0.6081340677768226,0.7686720142602494,0.7619136268343816,0.8506734006734007,0.7536876474626332
1,0.8315543831168831,0.7621910819585239,0.810359477124183,0.7896120270768406,0.7390812890812891,0.7548229548229548,0.671327064479638,0.7654059829059828,0.7979114091378854,0.8342756958141573,0.7595132836512146
2,0.8389443711659652,0.7716759431045146,0.7960345855694694,0.8043992248062016,0.8446230158730158,0.7595532039976485,0.6436067680445492,0.7694901691815272,0.8298514927670052,0.8358888888888889,0.7944552277432712
3,0.8945578231292517,0.8155851097277242,0.8271604938271606,0.8032066698733366,0.8623791102514508,0.7501475506590597,0.6441495297305914,0.7812284334023465,0.8179420405982906,0.8429383116883117,0.8076563958916899
4,0.9141304347826087,0.8190476190476191,0.8165071770334927,0.8205839768339769,0.839820212369232,0.7087698412698412,0.6617417800453514,0.7772904483430799,0.7926552345156996,0.8516339869281045,0.839640768588137
5,0.9202959074096171,0.7915701415701416,0.7456395348837209,0.8209316394434362,0.8517543859649123,0.7493827160493827,0.660530303030303,0.8046296296296296,0.81869111280876,0.8176100628930817,0.8896769109535066
