,18A2,868Z11,A23,A6,NYE-S1,TCR2-T,TCR3,TCR6,TCR7,T1,FLT3DY
0,0.8779761904761906,0.7727767874826698,0.8458504801097394,0.7912001357180941,0.7711696799932094,0.7100514069264069,0.6281723484848486,0.7477450980392156,0.8083655083655085,0.8589473684210528,0.8274374374374375
