,18A2,868Z11,A23,A6,NYE-S1,TCR2-T,TCR3,TCR6,TCR7,T1,FLT3DY
0,0.7730002191540652,0.6772952853598015,0.7612085769980507,0.735279057859703,0.7019675779214377,0.7547029126213592,0.6663915470494418,0.7036229778165262,0.7267650750303432,0.647977207977208,0.7326989619377162
1,0.8248138827723602,0.7290001665001665,0.8219329214474845,0.8224830846987854,0.7404121863799283,0.743309910701215,0.6503248705142434,0.7502287685214514,0.8220090260161642,0.8402852049910874,0.7658285440613026
2,0.8701440329218108,0.7690611857278524,0.8129024621212121,0.830447880371661,0.771457272636518,0.7377692910301605,0.6469287158746208,0.7403206291591046,0.8145955882352941,0.8415686274509805,0.7706579135150564
3,0.8697116088420436,0.7922453703703702,0.8605855855855856,0.8228923380142893,0.7886303511303513,0.7482707665220398,0.6477477201161412,0.7576606400135812,0.7804435451494275,0.819186046511628,0.7533953226260919
4,0.8791221033868094,0.8401967930029155,0.8384180790960452,0.8227798303229338,0.829389574759945,0.7379444444444445,0.6116632199754902,0.7956501831501832,0.794762137504073,0.8151785714285714,0.7517933455433455
