,18A2,868Z11,A23,A6,NYE-S1,TCR2-T,TCR3,TCR6,TCR7,T1,FLT3DY
0,0.8501597495904897,0.680311817428636,0.8025843881856541,0.786008230452675,0.787153043035396,0.7807805870886367,0.6554079254079254,0.7491094771241831,0.7657913595413595,0.8898936170212766,0.8274266638992667
