,18A2,868Z11,A23,A6,NYE-S1,TCR2-T,TCR3,TCR6,TCR7,T1,FLT3DY
0,0.8315692204301075,0.6814410337137611,0.7975305110602594,0.7924420601725566,0.7677944862155389,0.7632267441860465,0.6345274279924736,0.7691516302627414,0.7926860942288713,0.8402702702702703,0.7982898794505187
1,0.8825796726959517,0.731576448243115,0.8289391086001255,0.7571022476472976,0.7808278867102397,0.7514176528599606,0.612648073174389,0.7789569160997732,0.8124338624338624,0.8163690476190476,0.7384817563388992
