,18A2,868Z11,A23,A6,NYE-S1,TCR2-T,TCR3,TCR6,TCR7,T1,FLT3DY
0,0.8216475095785442,0.7450925925925924,0.8853521956970232,0.7844260724175075,0.749546903128497,0.744479606188467,0.6880776014109347,0.7839508530685001,0.7499179496359947,0.8948801742919391,0.7342909148464704
1,0.8861607142857143,0.8395467836257309,0.9141706924315619,0.786407366117511,0.8556547619047619,0.7017069924046669,0.6531839402427638,0.7886489728594993,0.7256666666666667,0.9032644504342618,0.8271502399409377
