,18A2,868Z11,A23,A6,NYE-S1,TCR2-T,TCR3,TCR6,TCR7,T1,FLT3DY
0,0.8634451019066404,0.7083333333333334,0.8058096205962059,0.8219768894947822,0.6184437543133195,0.7312990196078432,0.6222619047619048,0.7645291216719787,0.7929492291334396,0.8479609929078014,0.8559065934065934
