,18A2,868Z11,A23,A6,NYE-S1,TCR2-T,TCR3,TCR6,TCR7,T1,FLT3DY
0,0.8589917254704301,0.6980065359477124,0.810873440285205,0.7357779600765655,0.7414326656300497,0.7551587301587301,0.6476808526440879,0.7701052564632557,0.7921379695573245,0.8114583333333334,0.7205215419501134
1,0.8859388458225669,0.7042540792540791,0.7952475575426395,0.8065369897959184,0.8143688725490197,0.7397959183673469,0.6626121463077985,0.7836257309941521,0.8367902930402931,0.8110119047619048,0.8116517709367761
