,18A2,868Z11,A23,A6,NYE-S1,TCR2-T,TCR3,TCR6,TCR7,T1,FLT3DY
0,0.862298350099261,0.7909259259259259,0.8033241421568628,0.7701247987117553,0.6943313131313132,0.7625000000000001,0.6339564906638078,0.7657114127702362,0.7862062937062936,0.840661938534279,0.8112234432234432
