,18A2,868Z11,A23,A6,NYE-S1,TCR2-T,TCR3,TCR6,TCR7,T1,FLT3DY
0,0.8427774098949957,0.7021286727939425,0.806243001119821,0.7654294720252167,0.6777384573994745,0.7543890656297867,0.6165305809518333,0.7605090311986863,0.773670820985399,0.8438016528925619,0.7750621533754064
1,0.8944715447154472,0.7552479571710341,0.8176575698505523,0.8127549128661475,0.7772008058049248,0.776998299319728,0.6309670781893004,0.7745489078822412,0.8538401253918494,0.8173611111111111,0.7465604319052593
