,18A2,868Z11,A23,A6,NYE-S1,TCR2-T,TCR3,TCR6,TCR7,T1,FLT3DY
0,0.7764841333871185,0.7371423262727611,0.8199423480083858,0.7896662094192957,0.7333908442604095,0.7381365740740741,0.6637078254725314,0.7543608124253285,0.7723535415390895,0.8623046875,0.8146048109965637
1,0.8554049681401832,0.7374852420306967,0.8226358579375267,0.783973119079502,0.7902187902187903,0.7358125472411187,0.656596060943887,0.7752579365079365,0.8127467036197196,0.8652912621359223,0.7790523909985936
2,0.8853002070393375,0.7514607175624125,0.7946127946127947,0.7988560407915247,0.8147562415654521,0.7331005931784479,0.6653023743932834,0.7956519204989217,0.8369248035914704,0.9031249999999998,0.7481924508240297
