,18A2,868Z11,A23,A6,NYE-S1,TCR2-T,TCR3,TCR6,TCR7,T1,FLT3DY
0,0.8093919008046431,0.6966253101736973,0.8235562865497076,0.7552204585537919,0.6587021035175002,0.7150810941660616,0.6228043143297382,0.7297208275469146,0.7829327381214174,0.7323232323232323,0.8251134933477168
1,0.7874519846350831,0.7192022792022792,0.8346047156726768,0.7849045244878577,0.778212797488958,0.6902229356161941,0.6648056998754291,0.7415156859601305,0.7719907407407408,0.8007931334202519,0.7929544039838157
2,0.8344325105206959,0.7349108367626886,0.860997616615594,0.7748963771555134,0.794031647746818,0.7065217391304347,0.638025095471904,0.7460785296574769,0.7502081118281697,0.7995642701525054,0.7863005050505051
3,0.8604555555555556,0.7351338545368397,0.876969696969697,0.7839821113630637,0.815747170781893,0.7157910172616054,0.5963225223650085,0.7386207454119168,0.8201936951936952,0.8051693404634581,0.7804584304584304
4,0.8655896467113977,0.7363683127572016,0.8754174256223437,0.8017573696145125,0.8168883961566888,0.7353344298245613,0.6352840443749534,0.7490384615384614,0.7996031746031748,0.7879499217527387,0.7892489711934156
