,18A2,868Z11,A23,A6,NYE-S1,TCR2-T,TCR3,TCR6,TCR7,T1,FLT3DY
0,0.7772842569616764,0.7477139406487231,0.7954952485380117,0.7670833333333335,0.6637674466338259,0.7356995884773663,0.6413346290897312,0.7386765922249793,0.7805068226120858,0.8452341597796144,0.7648578811369511
1,0.8350595238095236,0.7412393162393163,0.7758424408014571,0.8112241294059476,0.8315736551030669,0.7032772904483431,0.612638146167558,0.7434523809523809,0.7955246323623112,0.911607142857143,0.8264715608465608
