,18A2,868Z11,A23,A6,NYE-S1,TCR2-T,TCR3,TCR6,TCR7,T1,FLT3DY
0,0.7974072505206679,0.6847253461288548,0.7694147752558967,0.768977345467702,0.7006674202619441,0.7416087962962963,0.6251242212284525,0.7523160173160174,0.7917819963257807,0.8426290463692038,0.696028710785944
1,0.8642720306513411,0.6775082044069386,0.8364773495605139,0.7854546017589495,0.7145313681027967,0.7171888053467,0.666195709960012,0.7791440041440042,0.793074892386333,0.8450045004500452,0.7993638429081468
2,0.9063829787234043,0.7903091060985797,0.8222222222222223,0.7985608681975463,0.7659673376990864,0.7311016511867905,0.6400637009189641,0.7828999938533409,0.8263915753277455,0.8188509021842355,0.7875481000481
