,18A2,868Z11,A23,A6,NYE-S1,TCR2-T,TCR3,TCR6,TCR7,T1,FLT3DY
0,0.7973672201613379,0.770652090964591,0.8232657260435038,0.7675514403292182,0.7014743393531272,0.6786903797435798,0.6747561173229623,0.745799048532985,0.7410934744268077,0.8553162393162393,0.69863370880267
1,0.7643004115226337,0.7746544391281233,0.800978835978836,0.7389413458254038,0.7395899787347155,0.6945006747638326,0.7015731450514059,0.7680782839451569,0.7755721668512366,0.8311431143114313,0.7562118570183086
2,0.8318810636004311,0.7679012345679013,0.780982905982906,0.7545520136429228,0.8272708158116063,0.6834554334554336,0.686190834797646,0.802739607639789,0.8106280193236715,0.8495126705653021,0.7632364810330912
