,18A2,868Z11,A23,A6,NYE-S1,TCR2-T,TCR3,TCR6,TCR7,T1,FLT3DY
0,0.8315052410901468,0.6866748508539553,0.7889541892706449,0.818019943019943,0.7819132261199412,0.681127819548872,0.6647213716179233,0.7652911324786325,0.7711097461097461,0.797270955165692,0.8332957144576864
