,18A2,868Z11,A23,A6,NYE-S1,TCR2-T,TCR3,TCR6,TCR7,T1,FLT3DY
0,0.8298604570033142,0.6724192927459715,0.8218782249742004,0.7393052302888368,0.6842231457800511,0.6596369794508092,0.6495357402220147,0.7413820092424336,0.7568069973087274,0.8366910866910867,0.7389911321671526
1,0.842462900636181,0.7198948948948948,0.8106042536275094,0.7515817901234568,0.759567901234568,0.6585996240601504,0.6965853295640531,0.7770408163265307,0.7459951790633609,0.8314379084967319,0.7928292682926829
2,0.8631772268135904,0.7555333998005982,0.8224153297682709,0.7597048175995544,0.7927099111942737,0.7187134502923977,0.6465288818229994,0.7521711366538953,0.7919822388547328,0.8441506410256411,0.784603077342048
3,0.87517330164389,0.7668144863266814,0.8302797478329392,0.7889393215480173,0.8194181297629575,0.7901422764227642,0.6764794685990339,0.777116402116402,0.784610933048433,0.8765151515151515,0.7856280193236715
