,18A2,868Z11,A23,A6,NYE-S1,TCR2-T,TCR3,TCR6,TCR7,T1,FLT3DY
0,0.8652648347272004,0.8160997732426303,0.8404861111111112,0.757652108995894,0.8062976190476191,0.6812037037037036,0.6153330386089007,0.7565797101449275,0.8137054263565892,0.8444931773879142,0.7554359643400739
