,18A2,868Z11,A23,A6,NYE-S1,TCR2-T,TCR3,TCR6,TCR7,T1,FLT3DY
0,0.852766346593507,0.6823133293721529,0.8233087890571138,0.8163204508856684,0.7083439436380612,0.742129246064623,0.6171893147502904,0.7561728395061728,0.795044237207078,0.8171985815602837,0.7516799826582434
