,18A2,868Z11,A23,A6,NYE-S1,TCR2-T,TCR3,TCR6,TCR7,T1,FLT3DY
0,0.8290981399089508,0.7373288089997554,0.8175056020112588,0.7216144200626959,0.7394352440008066,0.643834541062802,0.6492143658810327,0.6963349497505095,0.7634719346675869,0.8629850088183422,0.7345768414892838
1,0.8824719620765406,0.7642543859649122,0.8487654320987654,0.7436238077542425,0.796106337271751,0.6735380116959063,0.6496233987574908,0.7059748427672955,0.7781903594771241,0.8695751633986929,0.7227964743589744
2,0.8891223155929038,0.810232426303855,0.8512820512820514,0.7731292517006803,0.8095617168893031,0.6815415821501015,0.6456028539361873,0.7104064517857621,0.7886414063833418,0.8484241452991453,0.7446570972886762
