,18A2,868Z11,A23,A6,NYE-S1,TCR2-T,TCR3,TCR6,TCR7,T1,FLT3DY
0,0.8010166260722228,0.6897621667889459,0.8008077444814403,0.7505879324260388,0.7991254223812363,0.663625730994152,0.6142525199421046,0.7431113377817445,0.8063165905631658,0.8536068376068376,0.7956828345373236
1,0.8316514479148888,0.6598193473193473,0.8055151808785531,0.7451378619080483,0.757183908045977,0.7332011248216235,0.6501451655124819,0.7277842755035738,0.802917781742492,0.8345918734268248,0.8234909188034187
2,0.8098538577261981,0.7906375227686704,0.8046898969975893,0.7488435374149659,0.780422239706268,0.7222380477614775,0.6816705742851754,0.7282981932543885,0.7862787356321839,0.837391774891775,0.8691653375863903
3,0.8621203383314109,0.9170054200542005,0.7880849309420738,0.7615873015873015,0.7826923076923077,0.7255799755799756,0.6729936729936729,0.7093291541508858,0.7135416666666666,0.8178721174004192,0.8638583638583638
