,18A2,868Z11,A23,A6,NYE-S1,TCR2-T,TCR3,TCR6,TCR7,T1,FLT3DY
0,0.8002321037435284,0.7788220551378447,0.8534163473818647,0.8045453445605885,0.73100155651341,0.711903958614485,0.6888712522045856,0.7402263374485596,0.8146563675975441,0.673015873015873,0.8415124959428758
1,0.8256944444444446,0.8168859649122807,0.8311738648947952,0.8692735042735044,0.83789592760181,0.7013627398242783,0.6033559577677224,0.7314814814814815,0.8083269476372924,0.9766081871345029,0.8800595238095239
