,18A2,868Z11,A23,A6,NYE-S1,TCR2-T,TCR3,TCR6,TCR7,T1,FLT3DY
0,0.7971742737124501,0.6935082386113315,0.7701379617267469,0.7658985277337118,0.7019722565294145,0.7405960648148149,0.6232322363643313,0.7543145743145742,0.7829851957855274,0.8415791776027998,0.6977884935151314
1,0.8697877829057417,0.7043859649122807,0.8360265945458644,0.7857333085593955,0.7194706498951783,0.7197430083144368,0.6651728960081362,0.7770919067215364,0.7887575001094906,0.8436843684368438,0.8015839013307368
2,0.9137566137566138,0.7146651214447824,0.8680689102564103,0.7978268847646012,0.767917471042471,0.7385085978835978,0.6413951545530493,0.7845442252135966,0.8177235433180364,0.8160018993352326,0.7862854737854738
