,18A2,868Z11,A23,A6,NYE-S1,TCR2-T,TCR3,TCR6,TCR7,T1,FLT3DY
0,0.8142031425364759,0.7337962962962963,0.8234696016771489,0.766964479098982,0.6999577716969022,0.72743961352657,0.6326868710447142,0.7886266980469879,0.814297138047138,0.8516239316239317,0.7616421568627451
1,0.8448243114909783,0.7577077625570775,0.7987868139223561,0.755246913580247,0.6809616634178038,0.7503472222222222,0.6814658210007046,0.7764959179609717,0.8298937652385928,0.8422222222222221,0.7911666666666667
2,0.8298076923076922,0.7650042087542088,0.7890997890997892,0.7482924100571159,0.7287545787545787,0.7511953551912568,0.7129988950871803,0.7737444598526254,0.8172555672555673,0.8240740740740741,0.7988888888888889
3,0.842280982905983,0.7861823361823362,0.7457386363636364,0.758324706694272,0.8014269680936348,0.782962962962963,0.6677419354838708,0.7815200617283952,0.8431641518061271,0.6805194805194805,0.8556935817805383
