,18A2,868Z11,A23,A6,NYE-S1,TCR2-T,TCR3,TCR6,TCR7,T1,FLT3DY
0,0.812649454269953,0.6941186426334941,0.7238064200749551,0.7262530113402668,0.7076875335480408,0.7475623928416949,0.6490344046097837,0.7059965103443364,0.7949647605649345,0.854875283446712,0.7509648166415728
1,0.8242022299115724,0.7285268414481898,0.8361052754435109,0.7703470766363848,0.7729196604066532,0.7416132478632479,0.6481895881895882,0.7625827237896203,0.7844037159692924,0.8552903035661656,0.7467723648599224
2,0.8196076127819548,0.7403628117913832,0.8437702871410736,0.7702222222222223,0.8000730994152047,0.7073701298701298,0.643290780141844,0.7633990700657368,0.7710214775277947,0.8546576879910214,0.760800778873068
3,0.8675888888888889,0.7351068899782135,0.8921212121212122,0.7944658944658944,0.8011937557392104,0.6915849673202614,0.684885290148448,0.7738701592691406,0.766908831908832,0.8541666666666666,0.7810776942355889
4,0.8821371610845294,0.7475656929438442,0.880015612802498,0.785712916642708,0.8306878306878307,0.7221077533577533,0.6538341674457827,0.7856874999999999,0.7669552669552671,0.8383907004830918,0.7714676034348166
5,0.8795985060690943,0.7445987654320989,0.8525925925925927,0.7717373438527284,0.8319914117015567,0.7587209302325583,0.6605526161081717,0.7925170068027211,0.8075396825396824,0.7875514403292181,0.7075
