,18A2,868Z11,A23,A6,NYE-S1,TCR2-T,TCR3,TCR6,TCR7,T1,FLT3DY
0,0.8039698737639241,0.6821029148156809,0.8242434356920337,0.7560271770894215,0.7098864903212729,0.6897162458289755,0.6514232295482296,0.7379722895150665,0.7803611111111112,0.8426290463692038,0.7764061137027345
1,0.8646274658813843,0.5948723344556678,0.8156646724062454,0.7923955740984726,0.6614306614306615,0.7060953666216824,0.7047848168938787,0.7638435003631082,0.7975344530577089,0.843529411764706,0.8198468198468198
2,0.8716666666666666,0.6871670702179177,0.8158861340679523,0.8095046082949309,0.7675253028040484,0.7307189542483661,0.6695586622807017,0.7829457364341086,0.8359410430839004,0.7422644163150492,0.7883141762452107
