,18A2,868Z11,A23,A6,NYE-S1,TCR2-T,TCR3,TCR6,TCR7,T1,FLT3DY
0,0.8176527176527179,0.696285140562249,0.8136018237082067,0.7695237517932553,0.7286425941396701,0.7093137254901961,0.6133850454627855,0.7784788995726496,0.7369480056980057,0.8393693693693693,0.7876975883830889
1,0.8597317714964774,0.8017171717171717,0.8781130268199234,0.7987502693385048,0.7792498380733676,0.718930192614403,0.6104024943310657,0.8526170798898072,0.7515775034293553,0.8156702898550724,0.7918381344307269
