,18A2,868Z11,A23,A6,NYE-S1,TCR2-T,TCR3,TCR6,TCR7,T1,FLT3DY
0,0.8587698412698413,0.7203125,0.8645833333333334,0.7660714285714286,0.7640931372549019,0.8114502583979327,0.600657004830918,0.717579365079365,0.8336133512544803,0.7971781305114639,0.8544204503506828
