,18A2,868Z11,A23,A6,NYE-S1,TCR2-T,TCR3,TCR6,TCR7,T1,FLT3DY
0,0.8317672037755285,0.7114514042867701,0.831836917562724,0.7924842529604436,0.7365665862448992,0.7512790291601187,0.5953079178885631,0.7663495838287752,0.7898883009994121,0.8132440476190476,0.7578513218048103
1,0.8950469608364345,0.7796855921855922,0.8840238543628374,0.8137806637806637,0.7808695652173913,0.7418819090136054,0.5748547567175019,0.7671467764060358,0.8089053803339518,0.7387030516431925,0.7415413533834586
