,18A2,868Z11,A23,A6,NYE-S1,TCR2-T,TCR3,TCR6,TCR7,T1,FLT3DY
0,0.8144394394394393,0.7347050113007559,0.8120183636661747,0.7441485068603712,0.718166615992703,0.7009327485380118,0.6769582618639222,0.7363422962014511,0.7321262071262072,0.8583589349718382,0.7947510275587898
1,0.8499497501086483,0.7806564754152604,0.8061868686868686,0.7759372751567479,0.7779854809437386,0.6962197159565581,0.6554259455638035,0.7523989898989899,0.7512459900320797,0.8588664421997755,0.765868196131354
2,0.8679351656095843,0.7665269042627534,0.798540965207632,0.7947440087145968,0.8554249902075989,0.7190925087983912,0.6981259968102073,0.7345679012345677,0.7293209876543211,0.8730548730548731,0.7747563352826511
3,0.8944444444444445,0.8065610859728506,0.7581898007429922,0.8428819444444445,0.8629924242424242,0.7312169312169313,0.6747685185185186,0.744074074074074,0.7282735185960992,0.7935363247863249,0.8657528724047571
