,18A2,868Z11,A23,A6,NYE-S1,TCR2-T,TCR3,TCR6,TCR7,T1,FLT3DY
0,0.8364197530864198,0.7051190476190476,0.7952054297328687,0.741087826315099,0.7223809523809525,0.7519012711748072,0.6549483828619167,0.7316866140395551,0.7810267857142857,0.8424743892828999,0.8048407969182617
