,18A2,868Z11,A23,A6,NYE-S1,TCR2-T,TCR3,TCR6,TCR7,T1,FLT3DY
0,0.8186199294532628,0.682769726247987,0.7983539094650206,0.7492678725236864,0.796673525377229,0.715607712976134,0.6565688921429552,0.7810683972208473,0.8170031326139924,0.8635672514619883,0.7328672736281433
