,18A2,868Z11,A23,A6,NYE-S1,TCR2-T,TCR3,TCR6,TCR7,T1,FLT3DY
0,0.8552722858133889,0.6959972394755004,0.8076614408361329,0.7626136065143158,0.6787525092609838,0.7504321634363541,0.6110392348532766,0.7608682266009851,0.7735219691741432,0.8438016528925619,0.7789347867661119
1,0.8973684210526316,0.7524302620456466,0.8184697855750488,0.8053439153439154,0.7827231121281465,0.7761479591836734,0.6235339506172839,0.7815342755035738,0.8482393723773035,0.8157738095238095,0.7465604319052593
