,18A2,868Z11,A23,A6,NYE-S1,TCR2-T,TCR3,TCR6,TCR7,T1,FLT3DY
0,0.807631540270429,0.7350729051310446,0.8112745098039217,0.7797910422910422,0.7283128908128909,0.763943785682916,0.6950706604685842,0.7433724235963043,0.7495387645107794,0.843165024630542,0.8169490678262608
1,0.8325102880658436,0.7253024193548386,0.8611775651249336,0.7741386735572782,0.7746908109811336,0.7369809203142537,0.6720668220668221,0.7787687352904743,0.7427027027027027,0.8547157622739018,0.843035993740219
2,0.8574540927482105,0.6899482631189948,0.8435494765281999,0.8521325417877142,0.8849861495844875,0.7195990916921149,0.6773504273504275,0.7946036967418545,0.807741935483871,0.7511574074074074,0.867184265010352
