,18A2,868Z11,A23,A6,NYE-S1,TCR2-T,TCR3,TCR6,TCR7,T1,FLT3DY
0,0.8306024332810047,0.6564661654135339,0.8359987745098039,0.8060146923783287,0.7522959183673469,0.7238425925925925,0.6729482323232322,0.7611882716049383,0.7779044001266223,0.8350438596491229,0.6792592592592591
