,18A2,868Z11,A23,A6,NYE-S1,TCR2-T,TCR3,TCR6,TCR7,T1,FLT3DY
0,0.7804227304227305,0.6810256410256411,0.7615984405458089,0.7365214822024472,0.7013422346164139,0.7562718446601941,0.6455558918482647,0.758173399463293,0.7260789059913936,0.6475973409306742,0.7317377931564781
1,0.8521008403361344,0.7301517926517928,0.8217531300055572,0.8147867904223837,0.7378543499511241,0.7436319718928415,0.6686908577533578,0.7922203765227022,0.80878172440068,0.8400305576776166,0.7658045977011495
2,0.8715967477090949,0.7683150183150182,0.811529356060606,0.8236019536019535,0.7564369643477149,0.7234165984165984,0.6678576732305682,0.7873261702901592,0.7982324244854316,0.8399346405228759,0.75748987854251
3,0.8852357609710552,0.7944947209653094,0.8474074074074075,0.8260565599275277,0.7543687423687424,0.7239858906525573,0.6566286067272437,0.8071338383838383,0.7969649398220827,0.819186046511628,0.7497886728655959
4,0.8854779411764705,0.8049886621315192,0.8389830508474576,0.8324781061850027,0.8209939531368103,0.7216386554621849,0.6361242315189685,0.8036745001030715,0.8215762273901809,0.752200704225352,0.7856369820655535
