,18A2,868Z11,A23,A6,NYE-S1,TCR2-T,TCR3,TCR6,TCR7,T1,FLT3DY
0,0.7901064726966055,0.7107338820301784,0.8014437134502922,0.7953718276608303,0.7853692675726572,0.7642063492063492,0.6840841281486917,0.7450332153721982,0.8069515869305491,0.8660968660968661,0.7860667227361929
1,0.8347392872424965,0.6059695512820512,0.8371419109124026,0.7553475935828877,0.8040015540015539,0.7628243216478511,0.7383183111954459,0.7734910836762688,0.8208473625140291,0.8707671957671957,0.8535294117647059
