,18A2,868Z11,A23,A6,NYE-S1,TCR2-T,TCR3,TCR6,TCR7,T1,FLT3DY
0,0.8159314045628702,0.743661100803958,0.8216204599183322,0.7545948717948718,0.7017930629041741,0.7702496136531612,0.6307738698316205,0.7575637698588519,0.7939131754705526,0.8539094650205762,0.8110637254901961
1,0.8335694341791902,0.7632236736010322,0.8523405972558514,0.8244801819363223,0.7602658462033461,0.7609467455621303,0.6766077097505668,0.7711517268625371,0.7608038133952769,0.8481559290382821,0.7393968714723433
