,18A2,868Z11,A23,A6,NYE-S1,TCR2-T,TCR3,TCR6,TCR7,T1,FLT3DY
0,0.7921922862712335,0.7379402054292002,0.8399588298576631,0.7370689655172414,0.743782492169589,0.6271437198067633,0.694450934958558,0.7618335320272024,0.7230156292656292,0.8616982836495032,0.7554234459741344
1,0.8091098795840175,0.7328799050767013,0.8513668929110105,0.732053872053872,0.7555723143958438,0.7164292929292929,0.7054232804232804,0.785218253968254,0.7239491475602587,0.8612419326705042,0.7578571428571429
2,0.8283442325995517,0.6663888888888888,0.8473324514991182,0.7630044905586701,0.7550830811700378,0.7197379413445896,0.6992052881758765,0.7703146290102811,0.7554915287628052,0.8936735778841043,0.7584120557804769
