,18A2,868Z11,A23,A6,NYE-S1,TCR2-T,TCR3,TCR6,TCR7,T1,FLT3DY
0,0.8194462067701505,0.7612655971479501,0.8588742940541912,0.796396694214876,0.7196715845628074,0.70162067056477,0.6827419951547266,0.7095284780578899,0.8065138626339005,0.8566902446212792,0.7742410845859121
1,0.8350533693415638,0.7709153683729956,0.8842303842303841,0.8021589060370223,0.80223149866007,0.7248349632250561,0.6932096570254465,0.737470303362573,0.7549881491057961,0.8556847545219638,0.7616642616642616
2,0.824734477124183,0.7881054131054132,0.8425264550264551,0.7748447204968943,0.7934492753623189,0.7583689458689458,0.7056159420289855,0.7349868925186529,0.7742504409171076,0.9757575757575756,0.8384319384319384
