,18A2,868Z11,A23,A6,NYE-S1,TCR2-T,TCR3,TCR6,TCR7,T1,FLT3DY
0,0.8262978830645161,0.697481021394065,0.8082400149309444,0.7660835417760348,0.6777643260694108,0.7555757545153091,0.609323788166293,0.7580456162377066,0.7712756600224631,0.8431955922865014,0.7759418626888506
1,0.8967624086671705,0.7566568047337278,0.8181448992852501,0.828493265993266,0.775909953255491,0.7538796768707483,0.6279835390946502,0.7737654320987656,0.8496168582375478,0.8157738095238095,0.7471264367816092
