,18A2,868Z11,A23,A6,NYE-S1,TCR2-T,TCR3,TCR6,TCR7,T1,FLT3DY
0,0.831173335855958,0.712516201248969,0.8162185354691075,0.7970149479544905,0.7455283323250655,0.7706956115779645,0.6119378588890784,0.762247147924456,0.7981261397220649,0.8431955922865013,0.7434018051665111
1,0.8680743243243243,0.7789089994972347,0.8275263409961685,0.8202850877192982,0.8255174974473221,0.7398656898656899,0.5395709008240978,0.7834689349112426,0.8252599890530924,0.8552559912854031,0.7356200897867563
