,18A2,868Z11,A23,A6,NYE-S1,TCR2-T,TCR3,TCR6,TCR7,T1,FLT3DY
0,0.8321811254201191,0.7120238095238095,0.8024898373983741,0.7598646723646723,0.6650787878787878,0.7396813725490196,0.6267030577375404,0.7617286914765907,0.7460669672208134,0.8410559495665879,0.77391994478951
