,18A2,868Z11,A23,A6,NYE-S1,TCR2-T,TCR3,TCR6,TCR7,T1,FLT3DY
0,0.855748101211811,0.6960350255804801,0.8222934472934472,0.7883865832235397,0.7839703425229742,0.6310425685425686,0.6418545789231477,0.7422075660615559,0.7806324110671937,0.8438016528925619,0.8263587188005793
1,0.8872180451127819,0.7492384159050826,0.8455893832943014,0.8253241800152556,0.8411596119929454,0.7768588137009189,0.7046703296703297,0.7456614509246089,0.7934343434343433,0.8849206349206349,0.7721743295019158
