,18A2,868Z11,A23,A6,NYE-S1,TCR2-T,TCR3,TCR6,TCR7,T1,FLT3DY
0,0.8101096434429768,0.7235641438539989,0.8435892329649176,0.7661217840692057,0.7865577793114026,0.7655606995884773,0.6560478877115729,0.7572736787022502,0.7424012306014759,0.8109809027777777,0.7682089599897819
