,18A2,868Z11,A23,A6,NYE-S1,TCR2-T,TCR3,TCR6,TCR7,T1,FLT3DY
0,0.8227194806142175,0.7367853720855956,0.8161915204678363,0.7824621367872807,0.6956410619685366,0.635189644012945,0.6539473684210527,0.7695610630393239,0.8021177642173066,0.854875283446712,0.5897883906037662
1,0.8124299955197133,0.7262820512820513,0.8049084967320262,0.7139917695473251,0.7198980294887695,0.634929926363297,0.6760986399022989,0.7650195333122163,0.8258191434468524,0.850664767331434,0.6294444444444445
2,0.8429695056039143,0.750108295429933,0.7898868849865527,0.778965744400527,0.8101953601953601,0.8061932089909134,0.6894469431950693,0.7646021371511568,0.829232751343907,0.8653333333333334,0.6686568986568987
3,0.867371412333049,0.7532679738562091,0.7972668357283741,0.8058420337832102,0.812716049382716,0.7527891156462584,0.6624782677414256,0.7692768199233718,0.809927574633457,0.8657539247900693,0.808071658615137
4,0.8756890611541776,0.7612470862470863,0.803639846743295,0.8429532981257118,0.826010101010101,0.7343015958400575,0.6512698412698412,0.7661433172302736,0.8123924731182797,0.7979066022544283,0.7870695256660168
5,0.8803921568627451,0.7496612466124661,0.7512626262626263,0.8087195923734386,0.844973544973545,0.7591630591630593,0.6534492753623189,0.7938479344729344,0.775545634920635,0.732583774250441,0.7561121049493144
