,18A2,868Z11,A23,A6,NYE-S1,TCR2-T,TCR3,TCR6,TCR7,T1,FLT3DY
0,0.8603642111355997,0.6697916666666667,0.8354489562147883,0.7638549362595973,0.7738929084564861,0.7142326272761056,0.612589355089355,0.7934454340704341,0.8052326979495646,0.8566902446212792,0.787496945259042
1,0.8761433498275603,0.6915384615384615,0.8290922040922041,0.7964801071943931,0.7991545893719807,0.7101721439749609,0.5914208522904175,0.7909324927764644,0.8267893562011212,0.8433333333333334,0.7845149253731343
2,0.898940384234502,0.7290100250626567,0.8709895305639986,0.8061384397813707,0.8604040404040404,0.7483720930232559,0.5895186684660368,0.7983017579791772,0.8292222222222222,0.8608906525573192,0.7427766032417195
