,18A2,868Z11,A23,A6,NYE-S1,TCR2-T,TCR3,TCR6,TCR7,T1,FLT3DY
0,0.7895901818978741,0.7441927285677284,0.8259299169859515,0.6948412698412699,0.7218035371388671,0.7174352750809061,0.6325500684560766,0.7670994523935701,0.7786536536536536,0.8534431316386204,0.6832805496426285
1,0.8309411075036075,0.744342463092463,0.7951918631530281,0.7795579133510168,0.7574584857866592,0.7239569609134827,0.6641545352743561,0.7782732046070461,0.793184819715432,0.85969868173258,0.765146730663972
2,0.8324382716049383,0.733815192743764,0.7794753086419753,0.7629399585921326,0.7675566032564004,0.7323863636363637,0.6543255131964809,0.7829166666666666,0.796455938697318,0.8591859185918592,0.7566239316239316
3,0.8879622361765218,0.7167219458264235,0.774074074074074,0.7744568097509275,0.8092066498316498,0.7361668152109329,0.6766300154320987,0.7864814814814814,0.7771045751633987,0.8525980392156862,0.7812971342383106
4,0.9014719848053181,0.7560626102292769,0.7367965367965367,0.7689708141321044,0.8026721897335932,0.7596320346320345,0.6590032267115601,0.8002592592592593,0.8210249042145593,0.8751467136150235,0.7404970760233919
