,18A2,868Z11,A23,A6,NYE-S1,TCR2-T,TCR3,TCR6,TCR7,T1,FLT3DY
0,0.8143378226711561,0.725144365616235,0.8071541782805923,0.760082304526749,0.7703615983012435,0.7183514492753623,0.6633294827364908,0.7352454495311638,0.7795873180189951,0.8467025699168557,0.7939353285173719
1,0.8450294396961064,0.7585470085470085,0.8111297852474323,0.7771179183135705,0.7579179957469432,0.7442341609008275,0.6357201646090535,0.7487580725285644,0.7312480547774666,0.848528602860286,0.7772706372389916
2,0.8298076923076922,0.8025693035835023,0.8568803418803418,0.7673961840628506,0.7497568019455844,0.7483134920634921,0.604283090646727,0.7442279942279942,0.7974338442766721,0.8180489101541734,0.810290404040404
