,18A2,868Z11,A23,A6,NYE-S1,TCR2-T,TCR3,TCR6,TCR7,T1,FLT3DY
0,0.8531569664902999,0.7592744883040936,0.8472899728997291,0.8216494656712049,0.7063901275857797,0.7451953436015705,0.6014775828460038,0.7820079365079365,0.8242158426368952,0.8456272401433692,0.8098818741314275
