,18A2,868Z11,A23,A6,NYE-S1,TCR2-T,TCR3,TCR6,TCR7,T1,FLT3DY
0,0.8571100879168544,0.7354575163398692,0.8351557907113462,0.831809019904258,0.71779284545242,0.766515899122807,0.5990338164251209,0.7729996038819569,0.7853053654940448,0.8524305555555557,0.8297619047619048
