,18A2,868Z11,A23,A6,NYE-S1,TCR2-T,TCR3,TCR6,TCR7,T1,FLT3DY
0,0.8680579884223345,0.6972463768115942,0.807211354046797,0.7705139946656384,0.7523492933097454,0.6929012345679012,0.6070485296504508,0.7451515151515151,0.8252031443207913,0.8099922839506174,0.7218495514147687
