,18A2,868Z11,A23,A6,NYE-S1,TCR2-T,TCR3,TCR6,TCR7,T1,FLT3DY
0,0.851970996732026,0.7048229548229549,0.8082935085623258,0.7914858490566038,0.6856361623310775,0.7670541549953315,0.628725849841037,0.7788362132624428,0.7911228689006466,0.8429201101928374,0.7472208024533605
1,0.8975524475524477,0.7589163237311385,0.810409287682015,0.7952135603345281,0.7762055335968379,0.7793024585477415,0.6332005082005082,0.7967524509803919,0.8122605363984675,0.9695238095238095,0.7441252805836139
