,18A2,868Z11,A23,A6,NYE-S1,TCR2-T,TCR3,TCR6,TCR7,T1,FLT3DY
0,0.8786443494776828,0.6779303330790745,0.847584541062802,0.7762740183792816,0.8312930110315732,0.7383267195767195,0.6360069444444445,0.7492963663095988,0.8179721412374473,0.9127260981912144,0.7666666666666666
