,18A2,868Z11,A23,A6,NYE-S1,TCR2-T,TCR3,TCR6,TCR7,T1,FLT3DY
0,0.845110142822561,0.7824986958789776,0.8474610356963298,0.7767079597673447,0.7936850074939353,0.7159210162938415,0.623913011108133,0.7301014957264957,0.7927731653221849,0.8486702127659574,0.7829108812474761
