,18A2,868Z11,A23,A6,NYE-S1,TCR2-T,TCR3,TCR6,TCR7,T1,FLT3DY
0,0.8446106362773028,0.7145924707602339,0.8224987430869785,0.7979855371900827,0.7477594123048669,0.6879248366013072,0.6556482670089859,0.7326450782333135,0.731580687830688,0.8333333333333334,0.8375351636221202
