,18A2,868Z11,A23,A6,NYE-S1,TCR2-T,TCR3,TCR6,TCR7,T1,FLT3DY
0,0.83379504841769,0.784756455399061,0.8209252450980392,0.7453282828282828,0.6486378205128205,0.7325133485888635,0.6321691529075001,0.7622408963585433,0.7485911524373062,0.8424743892828999,0.7696687370600414
