,18A2,868Z11,A23,A6,NYE-S1,TCR2-T,TCR3,TCR6,TCR7,T1,FLT3DY
0,0.8347267977771122,0.7211876598465473,0.8201356738683128,0.7469491927825261,0.6722140522875817,0.7376366641240782,0.6256971256971257,0.7262081600316894,0.7455621301775149,0.8410559495665879,0.7701794340924776
