,18A2,868Z11,A23,A6,NYE-S1,TCR2-T,TCR3,TCR6,TCR7,T1,FLT3DY
0,0.8410236625514402,0.7358774310266849,0.8304031165311653,0.8063003220611916,0.7693504901960786,0.7449606464792118,0.6464688164151492,0.7693250517598345,0.7747795414462081,0.8582456140350878,0.757716049382716
