,18A2,868Z11,A23,A6,NYE-S1,TCR2-T,TCR3,TCR6,TCR7,T1,FLT3DY
0,0.8404085772239931,0.7003541718145128,0.8610253772290809,0.7847502153316107,0.7844936925819278,0.7121860730593608,0.6510973936899863,0.7735717943091215,0.7277666052175856,0.738163421153112,0.7518340943683409
