,18A2,868Z11,A23,A6,NYE-S1,TCR2-T,TCR3,TCR6,TCR7,T1,FLT3DY
0,0.8528744588744589,0.6991269841269842,0.8071787837219936,0.7344320396951977,0.7152497720916577,0.7420307304208232,0.6278504858219315,0.7441217512646084,0.7900554958825635,0.8275462962962963,0.7604166666666666
