,18A2,868Z11,A23,A6,NYE-S1,TCR2-T,TCR3,TCR6,TCR7,T1,FLT3DY
0,0.8315497835497835,0.7574110671936759,0.8202674897119341,0.8212737127371273,0.7367430441898527,0.6958344981828347,0.6019917582417583,0.7422212952663454,0.7884371661868811,0.8453703703703703,0.7681022029613578
