,18A2,868Z11,A23,A6,NYE-S1,TCR2-T,TCR3,TCR6,TCR7,T1,FLT3DY
0,0.8504766709761507,0.7003666841278156,0.8087625979843226,0.7618728657735749,0.6756663769375635,0.7494281473720972,0.6059599792996377,0.7588669950738917,0.7728183060663879,0.8390690690690691,0.7721074775291643
1,0.8955528355773154,0.7576429980276135,0.8196068875893436,0.8117838162332044,0.7970085470085468,0.7618464052287582,0.6599045138888888,0.76657848324515,0.8444809341361065,0.8157738095238095,0.7461250435388367
