,18A2,868Z11,A23,A6,NYE-S1,TCR2-T,TCR3,TCR6,TCR7,T1,FLT3DY
0,0.8490828924162256,0.6967948717948717,0.8477366255144032,0.7679252479023647,0.6225408496732027,0.7188643790849674,0.6684040842223306,0.7395536562203229,0.7321236330670292,0.9088304093567251,0.8271604938271605
