,18A2,868Z11,A23,A6,NYE-S1,TCR2-T,TCR3,TCR6,TCR7,T1,FLT3DY
0,0.8812435526272004,0.6298085901027077,0.85875,0.7507953340402969,0.7482732919254659,0.6974188721593566,0.6316771946873989,0.7790400880836795,0.7253205128205128,0.8453703703703703,0.8621493346893804
