,18A2,868Z11,A23,A6,NYE-S1,TCR2-T,TCR3,TCR6,TCR7,T1,FLT3DY
0,0.8245658487434803,0.7127515341801057,0.8224597953216376,0.7645054111049313,0.7038039878113406,0.7424635495223731,0.6044804236847412,0.7376618811095236,0.7850480663135827,0.8563131313131312,0.7319300269127259
1,0.8630113322277501,0.7428693060876969,0.8214177667766777,0.7712396629739429,0.7776084766199229,0.6760977349741394,0.6143707482993198,0.7428949357520787,0.7716643475572047,0.8338373876835415,0.7716049382716049
2,0.8848680555555554,0.8003205128205128,0.8360702967444541,0.7864135421610504,0.8285251322751321,0.6673933427097983,0.657758460177815,0.768946837994457,0.8155335484588851,0.8462646264626462,0.8129132771989914
3,0.8942236057896977,0.8030535130718954,0.8539504635395048,0.7835326615814421,0.8335674798976608,0.684391806151429,0.6288359788359789,0.7814699792960663,0.8141975308641974,0.8162144702842378,0.8044677544677544
4,0.8838216761184624,0.7739285714285714,0.8550000000000001,0.8009315163015353,0.8694618873190302,0.7112580348943984,0.6032867494824017,0.7671710171710172,0.8074074074074075,0.8248677248677249,0.8162457912457913
5,0.8808994708994708,0.8662280701754387,0.8552048726467332,0.7795634920634922,0.8962813620071685,0.6722222222222222,0.5947218206753401,0.8017195767195767,0.8242380952380953,0.8156966490299825,0.8056559917355371
