,18A2,868Z11,A23,A6,NYE-S1,TCR2-T,TCR3,TCR6,TCR7,T1,FLT3DY
0,0.8114429824561403,0.7242628303234363,0.7316456903127383,0.7712934757767999,0.7121395215752293,0.6396958270487683,0.632371890177421,0.7365728666209105,0.8071027258228215,0.8544575725026853,0.7399950079041518
1,0.8358713396592186,0.7476945435328313,0.8229785478547855,0.7937768117365819,0.7726911236005725,0.7294173620260577,0.6822367360103209,0.755939552545156,0.8129086079228981,0.8838983050847459,0.7143795869602321
2,0.8420184159061278,0.7721445221445222,0.84753273546377,0.7838124127305118,0.8017063492063491,0.7313528138528138,0.6844357735662084,0.7747878787878788,0.8110639759690667,0.8808280828082808,0.7976812282367839
3,0.8603174603174604,0.7789003759398496,0.8435150026059116,0.7856507936507936,0.8246353419416547,0.7335390946502057,0.6847148151495978,0.7784423309474785,0.7863258267397039,0.8908496732026144,0.8166666666666665
4,0.8616204057380529,0.8138888888888888,0.8016949152542372,0.8113943669499225,0.8595521541950113,0.7420634920634921,0.6630168876262625,0.7823992673992674,0.7800359362859363,0.9314009661835749,0.8199206349206349
5,0.8628472222222223,0.7975571725571725,0.8192460317460317,0.7721110627809192,0.8716666666666666,0.7585836188940401,0.6121794871794871,0.7954822954822954,0.8106268274853802,0.9190251572327045,0.790203168044077
