,18A2,868Z11,A23,A6,NYE-S1,TCR2-T,TCR3,TCR6,TCR7,T1,FLT3DY
0,0.806243436252888,0.790249433106576,0.7796171171171172,0.7904965404965405,0.7451035196687371,0.7156212863933451,0.584182867077604,0.7002196712018142,0.7950089126559714,0.9008088548318433,0.8179284483632309
