,18A2,868Z11,A23,A6,NYE-S1,TCR2-T,TCR3,TCR6,TCR7,T1,FLT3DY
0,0.8460412391772184,0.7191994572591588,0.8078033956198514,0.8108360022994171,0.7997344771241829,0.7235570811085686,0.6095679012345679,0.706756408841811,0.7454660542895836,0.8566715542521993,0.7671037739530889
