,18A2,868Z11,A23,A6,NYE-S1,TCR2-T,TCR3,TCR6,TCR7,T1,FLT3DY
0,0.8382646619253761,0.7186403508771931,0.8260652337858221,0.7626146709950444,0.7790294734245901,0.7579252479023646,0.6440927128427129,0.7767351712614872,0.6608189252712579,0.8376837683768378,0.8102319902319902
1,0.8733796296296296,0.6873230373230373,0.8817966903073285,0.7885957306247162,0.8663379581852234,0.8553150553150554,0.6314245395127748,0.7851612388250319,0.8373015873015873,0.8416895604395606,0.8715449064286274
