,18A2,868Z11,A23,A6,NYE-S1,TCR2-T,TCR3,TCR6,TCR7,T1,FLT3DY
0,0.8276657982540335,0.744074074074074,0.8226855959775214,0.7414013790825386,0.82996632996633,0.7143097643097643,0.6460561497326204,0.7270074696545284,0.7299031986531986,0.8002645502645503,0.6919677544677545
