,18A2,868Z11,A23,A6,NYE-S1,TCR2-T,TCR3,TCR6,TCR7,T1,FLT3DY
0,0.856817610062893,0.7206589706589707,0.8024838330393886,0.7831515426955512,0.7220725492002088,0.7224197530864197,0.6829605579605579,0.7733815748521632,0.6855281207133058,0.8110136452241715,0.8617857142857144
