,18A2,868Z11,A23,A6,NYE-S1,TCR2-T,TCR3,TCR6,TCR7,T1,FLT3DY
0,0.8377356229468904,0.6683925049309666,0.7646973742768134,0.7653117380703588,0.6981624137377628,0.7390046296296298,0.6300605299591101,0.713386904499095,0.7922637272912839,0.8322547822547822,0.6970263828843809
1,0.8695782649051916,0.7248278925161004,0.836860491322966,0.7925004959579428,0.7210117799740442,0.7139933166248955,0.6659125580750295,0.7499514131822976,0.7940921778315847,0.8351666666666668,0.8028172671210646
2,0.8902818270165209,0.7675406827949202,0.8640625000000001,0.7908440465258648,0.7686145967395968,0.7312306501547988,0.641499582289056,0.7723210214318286,0.8283258113045346,0.8102453102453101,0.7856842231842233
