,18A2,868Z11,A23,A6,NYE-S1,TCR2-T,TCR3,TCR6,TCR7,T1,FLT3DY
0,0.7830722639933166,0.6633177186061802,0.766444147752559,0.7676663183559734,0.7274305555555555,0.7397280092592592,0.6258026602453847,0.7523520923520923,0.7925454174321289,0.8415791776027998,0.693188116616783
1,0.864578954742889,0.7248278925161004,0.8375366238449402,0.7907150473639836,0.7604248717030672,0.7123433583959901,0.6672647527910686,0.7778349336991311,0.7927217850417003,0.8443444344434444,0.8007659850697825
2,0.9083097353774047,0.7656091554396639,0.8671474358974359,0.7959869431643626,0.8132850241545894,0.7301771585827312,0.6412124060150376,0.7829768270944742,0.7872944874274661,0.8160018993352326,0.7870370370370371
