,18A2,868Z11,A23,A6,NYE-S1,TCR2-T,TCR3,TCR6,TCR7,T1,FLT3DY
0,0.8339581233198925,0.6881454248366013,0.799552071668533,0.7570460491889062,0.7693933758143032,0.7005830338899456,0.6437859464866217,0.7557254875827445,0.7857124305230897,0.8384684684684686,0.7141075917546506
1,0.8830741626794257,0.7145833333333332,0.8013838013838014,0.8109740497076023,0.8355903271692745,0.7117521367521368,0.6493893678160919,0.7732208267922553,0.8424501424501424,0.8151785714285714,0.7209366391184573
