,18A2,868Z11,A23,A6,NYE-S1,TCR2-T,TCR3,TCR6,TCR7,T1,FLT3DY
0,0.8042669362415437,0.726373035566584,0.8198309178743961,0.7841040181834796,0.7181560823086999,0.7505530417295123,0.6739671813906272,0.7691102867573457,0.8100316983650316,0.857996632996633,0.6795579067710693
1,0.8021515376984126,0.749429314646706,0.8332020308123248,0.7865086206896552,0.729558095738624,0.7346782431052095,0.6492401215805472,0.7467265245043023,0.7963018002717391,0.8340565417488494,0.7611034798534799
2,0.8142601126472094,0.7521719250114312,0.8592622655122656,0.8084766313932982,0.7804268506022892,0.7148039215686275,0.6692308607600962,0.7513807667316438,0.8183379120879121,0.8337222222222223,0.7997691197691198
3,0.8500919359075386,0.7710998578535891,0.8535353535353535,0.8072595877473926,0.7631746031746033,0.6610672129548337,0.6510225723375246,0.7825874452802924,0.8018765482371304,0.8096139971139972,0.8621772091921347
4,0.8972804972804972,0.8190628815628815,0.8469945355191256,0.7821146953405019,0.7797438672438674,0.6583776810191905,0.6475340136054422,0.762371794871795,0.7832805393112411,0.8143790849673204,0.840299547196099
5,0.9084450830140485,0.802153110047847,0.8846495119787045,0.7649360670194003,0.7932946859903381,0.6651422764227642,0.6192827748383304,0.7899147727272727,0.7362852664576801,0.6687631027253668,0.7783643892339546
