,18A2,868Z11,A23,A6,NYE-S1,TCR2-T,TCR3,TCR6,TCR7,T1,FLT3DY
0,0.8238445056626874,0.7369575045207957,0.8451528228856163,0.7980188529312434,0.7122291550257653,0.7241375968992249,0.6775267964975845,0.7597474289171203,0.7915174471992654,0.86006006006006,0.7476758887401457
1,0.8752374169040836,0.7505466472303207,0.8253584229390681,0.823284569836294,0.7951383219954647,0.7103627366785261,0.6811677631578948,0.8106011635423401,0.7753579472329472,0.8696428571428573,0.753421052631579
