,18A2,868Z11,A23,A6,NYE-S1,TCR2-T,TCR3,TCR6,TCR7,T1,FLT3DY
0,0.8194003863017948,0.71526284348865,0.8281925758561273,0.7841294458229943,0.6849699690751004,0.7457004830917874,0.6450935029882399,0.7706247990569071,0.7672265766209866,0.843153980752406,0.7440723019670389
1,0.8718588981371385,0.7072649572649573,0.8340408394287704,0.7548971193415638,0.7626455740490828,0.726540710751237,0.6652451122725512,0.756194885361552,0.7717383512544803,0.8482448244824482,0.7659760874046588
2,0.8767666786441489,0.7540708812260536,0.8854166666666666,0.7642965587044533,0.7660021265284422,0.7575259989053093,0.6863031355218855,0.7457983193277311,0.7435329861111111,0.8589912280701754,0.7924816345270891
