,18A2,868Z11,A23,A6,NYE-S1,TCR2-T,TCR3,TCR6,TCR7,T1,FLT3DY
0,0.9226307189542484,0.6624661246612465,0.8027131782945736,0.7920640819191545,0.8113366204181477,0.7217412217412217,0.6871091871091872,0.8230864197530864,0.7842078189300411,0.9634038800705468,0.8933524629363939
