,18A2,868Z11,A23,A6,NYE-S1,TCR2-T,TCR3,TCR6,TCR7,T1,FLT3DY
0,0.8340446241389637,0.7076058201058201,0.8071952160493826,0.7469065656565657,0.6639313131313131,0.7395054665649631,0.6291069394517671,0.7656902761104442,0.7541458541458542,0.8417651694247438,0.7718219461697723
