,18A2,868Z11,A23,A6,NYE-S1,TCR2-T,TCR3,TCR6,TCR7,T1,FLT3DY
0,0.8410767254621537,0.7093468468468469,0.8209450830140484,0.7925724637681159,0.7702393327393328,0.7447480881691408,0.5975973807116376,0.7922914263744714,0.8119956140350877,0.8347073677956032,0.7605357605357606
1,0.881379074927462,0.7869444444444444,0.8871527777777778,0.846374859708193,0.8669994879672299,0.7374007936507937,0.6725990059323391,0.7557471264367815,0.7634830447330447,0.675595238095238,0.9140544375644994
