,18A2,868Z11,A23,A6,NYE-S1,TCR2-T,TCR3,TCR6,TCR7,T1,FLT3DY
0,0.7918753434742486,0.6492362650899236,0.8168784620397523,0.7937814357567444,0.7565469208211143,0.6906233630172866,0.6381194743130227,0.7724698141364809,0.7926513815402704,0.8411711711711711,0.7345848595848595
1,0.8886800334168755,0.7305676503789712,0.8089080459770116,0.8110650510204082,0.7975789642456309,0.7666533279978657,0.6917189132706375,0.7885396361273553,0.809102934102934,0.8530344202898551,0.7616522366522367
