,18A2,868Z11,A23,A6,NYE-S1,TCR2-T,TCR3,TCR6,TCR7,T1,FLT3DY
0,0.8361958513761171,0.7044753086419752,0.864868037944961,0.7716854904354905,0.7166289592760181,0.7853652263374485,0.6656558998022412,0.7216880341880341,0.7389839616402115,0.8799645390070922,0.7192087542087542
