,18A2,868Z11,A23,A6,NYE-S1,TCR2-T,TCR3,TCR6,TCR7,T1,FLT3DY
0,0.7708333333333334,0.7333598271786093,0.8224266247379456,0.7760134006846454,0.6372685185185185,0.7575949997509835,0.6676159043557841,0.7531966490299823,0.710437840719531,0.850765306122449,0.7207705538355693
1,0.8266255144032922,0.7413602571830419,0.8153112449799197,0.7873863636363637,0.6655680315811034,0.7639006094702298,0.6821402454387355,0.7417554854625793,0.8057696828214543,0.848559120617944,0.7373602274918065
2,0.8266556138896565,0.7131447787185493,0.8480822208094936,0.7406620906620907,0.7812136184229207,0.75515476362934,0.6345979600289945,0.7749247034236891,0.7677439458689458,0.7385138302859823,0.7128787878787879
3,0.8527077497665733,0.7756481481481482,0.8718915343915344,0.7714191337379743,0.7674074074074074,0.7710537918871253,0.6488095238095238,0.796676441837732,0.7541035353535354,0.736331569664903,0.65
