,18A2,868Z11,A23,A6,NYE-S1,TCR2-T,TCR3,TCR6,TCR7,T1,FLT3DY
0,0.8677328843995511,0.7490944498539435,0.8386431504292647,0.7654729907773387,0.7575166364186328,0.6534239494009607,0.6492200328407225,0.7885128205128206,0.7408166881851092,0.8528806584362139,0.7671075837742505
1,0.8316573006014,0.7616713352007469,0.8613387978142076,0.8307385005973716,0.8795494767620807,0.7852754884004884,0.711529356060606,0.791571173924115,0.7472175260636801,0.8117594455622624,0.7781204906204907
