,18A2,868Z11,A23,A6,NYE-S1,TCR2-T,TCR3,TCR6,TCR7,T1,FLT3DY
0,0.8278224751439036,0.7582624031899394,0.8294655414908579,0.7712585034013606,0.7936496278887585,0.7341820987654321,0.6108641975308643,0.7274156509450628,0.710020964360587,0.8453486477680027,0.7630055696497827
