,18A2,868Z11,A23,A6,NYE-S1,TCR2-T,TCR3,TCR6,TCR7,T1,FLT3DY
0,0.8055346424911641,0.741807287845439,0.8529309384572543,0.7439738567316917,0.711548226833553,0.6523117839607201,0.6251590751590751,0.7592475564543308,0.7590010683760684,0.8331908831908832,0.7537357685009486
1,0.845283189033189,0.7352870813397129,0.8557277318640955,0.7511056450009939,0.8000861362930328,0.7158731300345224,0.666815886134068,0.7668237259816207,0.7534929891015417,0.824313725490196,0.7948595848595849
2,0.8316296296296296,0.725626026272578,0.8879048130255859,0.8000544662309368,0.7728395061728395,0.7093180380656662,0.6776825325212421,0.7767872161480236,0.7671673126614987,0.8218559218559219,0.7774060858360591
3,0.8996415770609318,0.7616305329719965,0.9035714285714286,0.8146076146076145,0.837310606060606,0.7458010335917312,0.6814990942028986,0.7985347985347985,0.813768115942029,0.8005050505050505,0.7900132275132276
