,18A2,868Z11,A23,A6,NYE-S1,TCR2-T,TCR3,TCR6,TCR7,T1,FLT3DY
0,0.8453904120570788,0.7006206644760861,0.8315464426877469,0.7998931623931624,0.7000900094802884,0.7546918767507004,0.6358111266947172,0.7314699453551913,0.7883486572126123,0.8390690690690691,0.7517569639662663
1,0.8947516991292641,0.7525720164609053,0.8401360544217688,0.7581699346405228,0.7937257187257187,0.7675653594771242,0.620611954459203,0.7498970189701897,0.8098765432098766,0.8482035024154588,0.7585497835497835
