,18A2,868Z11,A23,A6,NYE-S1,TCR2-T,TCR3,TCR6,TCR7,T1,FLT3DY
0,0.8512722396650968,0.7513853667699822,0.8203639179248935,0.7677012882447665,0.7587329192546584,0.7294324772162386,0.5983654276757725,0.7067191656536829,0.8140776047261009,0.8527482269503546,0.7913766038766039
