,18A2,868Z11,A23,A6,NYE-S1,TCR2-T,TCR3,TCR6,TCR7,T1,FLT3DY
0,0.8686331236897274,0.7426647426647426,0.8183760683760685,0.798450692333671,0.7372592592592593,0.7230902777777778,0.6211059544392877,0.7388285528636406,0.7267355371900827,0.8141325536062379,0.7683150183150182
