,18A2,868Z11,A23,A6,NYE-S1,TCR2-T,TCR3,TCR6,TCR7,T1,FLT3DY
0,0.823069403714565,0.6770722870272182,0.8095042101833273,0.7781708595387841,0.7049173467252564,0.6541970121381886,0.6361292665214232,0.7394411955815464,0.7873603762492651,0.8396696696696697,0.7584996421203319
1,0.8948222057978156,0.7231818181818181,0.8359722222222222,0.76040680239899,0.8190552584670231,0.7319142073859055,0.6931176839464883,0.7728145424836601,0.8426355390641104,0.868491680085883,0.7243749999999999
