,18A2,868Z11,A23,A6,NYE-S1,TCR2-T,TCR3,TCR6,TCR7,T1,FLT3DY
0,0.8145002210658777,0.7490178571428571,0.8403975363941769,0.7521746378129358,0.7180018134767813,0.7123799546010128,0.6315239738946733,0.7331744373340299,0.7920050449120216,0.8693939393939395,0.669219736087206
1,0.8353682170542637,0.8089867525957751,0.8435999337638682,0.805177626606198,0.7372040687730669,0.7305492709904474,0.622347670250896,0.7506111991237848,0.7423541680836111,0.9040674603174602,0.7966230936819172
