,18A2,868Z11,A23,A6,NYE-S1,TCR2-T,TCR3,TCR6,TCR7,T1,FLT3DY
0,0.8863222222222222,0.6902777777777779,0.806691253951528,0.7345123073383943,0.7923214778053488,0.7510862299465241,0.6287775716347145,0.7840509164038575,0.7592286914765906,0.8005268199233716,0.8427286564272866
