,18A2,868Z11,A23,A6,NYE-S1,TCR2-T,TCR3,TCR6,TCR7,T1,FLT3DY
0,0.7905478750640041,0.7113341204250295,0.8177758708365115,0.7938585690686532,0.7127715121136173,0.7169312169312169,0.6240595497458242,0.7729804245933279,0.7799205236091632,0.8393693693693693,0.781229680627271
1,0.8658160749506904,0.7467804731955677,0.8029609279609279,0.7401912866808501,0.7652597402597402,0.7285714285714286,0.5590141612200435,0.7993055555555556,0.8364341085271318,0.868491680085883,0.8051553672316385
