,18A2,868Z11,A23,A6,NYE-S1,TCR2-T,TCR3,TCR6,TCR7,T1,FLT3DY
0,0.9135881443573751,0.595486111111111,0.7309027777777778,0.8382532218739115,0.7784005132850242,0.6861916264090177,0.6675925925925924,0.7334656084656084,0.707979302832244,0.875,0.7835648148148149
