,18A2,868Z11,A23,A6,NYE-S1,TCR2-T,TCR3,TCR6,TCR7,T1,FLT3DY
0,0.8381103142297173,0.6760953561274331,0.819936746628476,0.7257846320346321,0.722413488700565,0.7365293383270911,0.6666207872149261,0.7832707683824309,0.8021800595238094,0.8666885820731975,0.8441496163682864
1,0.8435683760683762,0.766051912568306,0.81002156002156,0.7675780457110379,0.7633065347351061,0.7805757984705353,0.6359467638339921,0.8027536231884058,0.7916087962962962,0.9005941770647653,0.7687257187257188
2,0.8474142345110086,0.7260802469135802,0.8020390070921986,0.7720458553791887,0.7575914423740512,0.8256257631257632,0.5714285714285715,0.7698402333376867,0.8185425685425686,0.941991341991342,0.755070080651476
