,18A2,868Z11,A23,A6,NYE-S1,TCR2-T,TCR3,TCR6,TCR7,T1,FLT3DY
0,0.7809453684453684,0.665620347394541,0.7609022556390977,0.7360724879495736,0.7022774327122154,0.751764705882353,0.644974459453719,0.7639052095573834,0.687448278715657,0.8337597725657426,0.7296232218377546
1,0.8332391418105703,0.6772946859903382,0.8220473341832565,0.8155986918188941,0.7417684913652657,0.742790793172051,0.6709878663003662,0.7966025641025641,0.8079171795322665,0.833048433048433,0.7626436781609196
2,0.8736077481840194,0.7617047807265198,0.8129024621212121,0.8215439747327502,0.7632288882288881,0.735409322365844,0.6694444444444446,0.8094200643220252,0.7993047148237826,0.8445192307692307,0.7722396650968079
3,0.877051282051282,0.834083095603833,0.8614864864864864,0.8250110864745012,0.7760676734461901,0.7495283908696472,0.6577990196078431,0.8268418981998362,0.8025655168512311,0.812774806892454,0.7474686771561773
4,0.8937372967479674,0.8483625730994152,0.8341494036409292,0.826489028213166,0.8134118967452301,0.7399564270152506,0.637491877842755,0.7951940035273367,0.8229651162790699,0.8091787439613527,0.7782158317872603
