,18A2,868Z11,A23,A6,NYE-S1,TCR2-T,TCR3,TCR6,TCR7,T1,FLT3DY
0,0.8426373626373627,0.7935956790123457,0.8250591016548463,0.7563271604938272,0.7394110275689223,0.6985713524175062,0.7139710144927536,0.8003871328224776,0.8647849462365591,0.9878787878787878,0.8033482142857142
