,18A2,868Z11,A23,A6,NYE-S1,TCR2-T,TCR3,TCR6,TCR7,T1,FLT3DY
0,0.8125041897100721,0.7023766129620178,0.7991780045351474,0.7799231807328972,0.685138065985727,0.7538663027793463,0.6042628990698844,0.7338950731807875,0.7479092261904762,0.8796175575836592,0.7164199561403509
1,0.7915769587977035,0.7076197438039543,0.7552083333333334,0.8055555555555557,0.7213916868545199,0.7582999108734403,0.6736482890329043,0.7454035087719298,0.7998304263565892,0.8806818181818182,0.8613299086757991
2,0.8684798650643053,0.5802253302253302,0.7778365045806906,0.8231053743961353,0.7611882716049383,0.7798353909465021,0.6584086873941947,0.7599862258953168,0.8042027417027416,0.890652557319224,0.9102757648953301
