,18A2,868Z11,A23,A6,NYE-S1,TCR2-T,TCR3,TCR6,TCR7,T1,FLT3DY
0,0.8221464019851116,0.6904636591478696,0.8410150891632373,0.7523657628920787,0.7354797979797979,0.6977430555555556,0.6616758241758242,0.7307555555555556,0.7941572588631413,0.8115354938271605,0.8097325999723259
