,18A2,868Z11,A23,A6,NYE-S1,TCR2-T,TCR3,TCR6,TCR7,T1,FLT3DY
0,0.8196739249370828,0.691455463728191,0.8292339059517614,0.7573725396391472,0.7265338286614882,0.7600251382604325,0.6701655579479597,0.7457362922290857,0.759596505353561,0.8598484848484849,0.7596277220565645
1,0.8001210387323944,0.676760420294903,0.8350601604278074,0.7961865515436944,0.7510364534297937,0.7736581600217963,0.6499241924333836,0.7470831887076247,0.7699060445274905,0.8686781609195403,0.7115510697032437
2,0.7916049382716049,0.722531328320802,0.8239589169000934,0.7940489462228593,0.8357652524319189,0.7449074074074075,0.6603957636566332,0.7541400850611377,0.778284241858812,0.8676249676249675,0.7305702527924751
3,0.844017094017094,0.7544447055137845,0.8309106777416636,0.7917905875800613,0.8417283950617284,0.7368659420289855,0.6742690058479534,0.7677659029752372,0.776959151959152,0.8605699855699855,0.7218555900621118
4,0.8542335115864527,0.7509448223733938,0.8433762916521538,0.7843669562419563,0.853925925925926,0.7546932234432234,0.6682254330943845,0.7818395318395318,0.7959183673469387,0.8746732026143791,0.7642543859649122
