,18A2,868Z11,A23,A6,NYE-S1,TCR2-T,TCR3,TCR6,TCR7,T1,FLT3DY
0,0.8081957285558393,0.7446702602952602,0.8285183066361556,0.7956091258806081,0.7110308238127786,0.7624284789644012,0.6757106887589344,0.7544727837531676,0.8033961211402096,0.8430970149253731,0.7318080357142858
1,0.7864354586299157,0.7498935717326521,0.844553376906318,0.7731481481481483,0.7192714845378011,0.7852876592007026,0.7150796975681768,0.777110063716505,0.8099269278606965,0.8428978428978429,0.8386278195488721
2,0.8336754241926655,0.7734188034188034,0.8501093222023455,0.7769252628587667,0.7787881741390513,0.797910575048733,0.6836346277835639,0.7860428262213977,0.7965961125128493,0.8582539682539682,0.7595381526104417
3,0.8683221850613156,0.7665544332210997,0.8514204887444324,0.7848474945533769,0.8169174646602827,0.7849163925438596,0.7000470289943975,0.7930114942528735,0.7883713500734778,0.8521825396825397,0.7759420289855073
4,0.8655979437229436,0.7269631410256411,0.8657363104731527,0.7881519274376417,0.8433484162895928,0.7650829562594268,0.6739715494040754,0.8263597513597514,0.7635627530364372,0.7922705314009661,0.7782927312339077
5,0.8581232492997198,0.7941595441595442,0.8368760064412238,0.7868788819875775,0.8788362089797497,0.7844217414529915,0.6696230158730159,0.8322530864197532,0.7393568840579711,0.9020061728395062,0.791421188630491
