,18A2,868Z11,A23,A6,NYE-S1,TCR2-T,TCR3,TCR6,TCR7,T1,FLT3DY
0,0.8577152014652015,0.7507002801120448,0.8065720496100243,0.7557480960185096,0.75322695035461,0.7171262721222432,0.611965811965812,0.7317337598862524,0.7578766549354784,0.8409771473601261,0.7668255912285306
