,18A2,868Z11,A23,A6,NYE-S1,TCR2-T,TCR3,TCR6,TCR7,T1,FLT3DY
0,0.8434343434343434,0.6978110068733431,0.8091172079134005,0.7658673789745648,0.6764501976366383,0.7491313078400559,0.6080276196500106,0.7609907930529399,0.7758224062571889,0.8402702702702703,0.7754159495123352
1,0.9003606577419158,0.7576370170709793,0.8228557504873294,0.8236075680272107,0.7744821921023295,0.7757227891156463,0.5878010878010879,0.7720164609053498,0.8539380877742947,0.8189484126984127,0.7446447230929989
