,18A2,868Z11,A23,A6,NYE-S1,TCR2-T,TCR3,TCR6,TCR7,T1,FLT3DY
0,0.9067965534979425,0.7401528512639625,0.806224279835391,0.783287937134091,0.7737901882392139,0.7749977507872244,0.6035879629629629,0.7465219421101774,0.8213028801264096,0.951388888888889,0.7411041666666667
