,18A2,868Z11,A23,A6,NYE-S1,TCR2-T,TCR3,TCR6,TCR7,T1,FLT3DY
0,0.7977500000000001,0.7575785869903516,0.7768132716049383,0.762322201607916,0.6734708193041525,0.7376429738562091,0.5989114114114115,0.7386907871821666,0.7129786036036037,0.8549382716049383,0.859156597962568
