,18A2,868Z11,A23,A6,NYE-S1,TCR2-T,TCR3,TCR6,TCR7,T1,FLT3DY
0,0.8289127009995655,0.7734123964146796,0.8190556682443093,0.7874757141356857,0.7821309225444564,0.735605038236617,0.6618369708706245,0.7548148148148148,0.7812600450016071,0.8651960784313726,0.772881251539788
1,0.9197741596638656,0.6656093810073048,0.7680878552971576,0.7751061338017861,0.8248114630467572,0.7597706718346253,0.6592394533571003,0.7335714285714285,0.7560163850486431,0.8313131313131313,0.7909745293466224
