,18A2,868Z11,A23,A6,NYE-S1,TCR2-T,TCR3,TCR6,TCR7,T1,FLT3DY
0,0.83205325140809,0.6996841119418384,0.8091172079134005,0.7635487260309956,0.6753171498934211,0.7500086927797772,0.6085762750848139,0.7339002597514576,0.7721620048985778,0.8434710743801653,0.775922738573341
1,0.9031080031080031,0.7572626534890685,0.8196068875893436,0.8067724867724868,0.7734847151323123,0.7761479591836734,0.6304012345679012,0.7665285899935022,0.8528605015673981,0.8157738095238095,0.7466475095785441
