,18A2,868Z11,A23,A6,NYE-S1,TCR2-T,TCR3,TCR6,TCR7,T1,FLT3DY
0,0.8348849826388888,0.7055890227576974,0.8083893243747667,0.7639269766220121,0.6763777653608164,0.7557188304802303,0.6091728480248405,0.7344729344729345,0.7757885763000852,0.8405705705705705,0.7814878561866513
1,0.9041468253968253,0.7637880986937592,0.8178200129954517,0.8064550264550264,0.7766727297619745,0.7765731292517005,0.5773998728544184,0.7613168724279835,0.8544061302681992,0.8157738095238095,0.7466039707419018
