,18A2,868Z11,A23,A6,NYE-S1,TCR2-T,TCR3,TCR6,TCR7,T1,FLT3DY
0,0.8190635345047109,0.7386376811594203,0.8272030651340997,0.773123749573025,0.75887736959407,0.7179468738013042,0.6614316239316239,0.7680489417989418,0.7174913463654735,0.8481848184818482,0.8048380191237333
1,0.8411064425770309,0.7302836052836051,0.7892635314995564,0.8086503623188405,0.7808641975308642,0.6958513708513708,0.6678004535147393,0.8535009398496239,0.7571031746031746,0.903030303030303,0.7015993265993266
