,18A2,868Z11,A23,A6,NYE-S1,TCR2-T,TCR3,TCR6,TCR7,T1,FLT3DY
0,0.8122956936692628,0.7008961566888395,0.8023014525561214,0.7552303601179035,0.7468794111716072,0.7514437984496124,0.6333574879227054,0.7612119863049999,0.7950625941509532,0.856845238095238,0.7640352039576846
1,0.9005081300813008,0.7435897435897436,0.8348299808429118,0.802581369248036,0.8047563352826509,0.7432098765432098,0.6740440115440115,0.8049676660787771,0.8099731182795699,0.8817460317460317,0.7094408133623821
