,18A2,868Z11,A23,A6,NYE-S1,TCR2-T,TCR3,TCR6,TCR7,T1,FLT3DY
0,0.8427964899988322,0.701053849902534,0.8146527777777778,0.7984805318138651,0.7776292335115865,0.7339988425925924,0.605979055979056,0.7584797808012094,0.7817737817737819,0.839243498817967,0.7956780662260114
