,18A2,868Z11,A23,A6,NYE-S1,TCR2-T,TCR3,TCR6,TCR7,T1,FLT3DY
0,0.8803164428164427,0.7013459874056167,0.8179963343362037,0.8116905002648177,0.6721132042560614,0.7435609289829239,0.6258699633699635,0.6998626262626262,0.7700104821802936,0.8467025089605734,0.7808125851604112
