,18A2,868Z11,A23,A6,NYE-S1,TCR2-T,TCR3,TCR6,TCR7,T1,FLT3DY
0,0.8466872110939908,0.6696619812583667,0.8470884658454647,0.7673140984311196,0.7482547482547481,0.7414965986394556,0.6675689720332577,0.7407635467980295,0.787227214377407,0.8266369047619047,0.7895942745340335
1,0.9137723387723388,0.5945533769063182,0.8285412605588044,0.7888312187620147,0.8089236605026079,0.7007575757575758,0.6863187226163633,0.7560897435897435,0.8133984071484072,0.8287671232876712,0.7369194591416814
