,18A2,868Z11,A23,A6,NYE-S1,TCR2-T,TCR3,TCR6,TCR7,T1,FLT3DY
0,0.8265107212475634,0.7288681653491436,0.8140432098765431,0.7718010018214936,0.6930769479156577,0.6624567271020361,0.690984940984941,0.7475608126169474,0.7693806193806193,0.8493333333333334,0.7271156004489338
1,0.8250043607186465,0.74515716374269,0.8210550887021476,0.7647245032865948,0.731907923397285,0.7328385065227171,0.7126167385057472,0.7942941362248658,0.7380735445285488,0.8886111111111111,0.7603259485612427
2,0.8057765151515152,0.7889771174863388,0.8233573717948719,0.7505376344086021,0.804637971304638,0.7328625235404896,0.7215041128084607,0.8160753190164955,0.7357558139534884,0.8666666666666667,0.7184009406231628
3,0.8933593750000001,0.6906249999999999,0.7923280423280423,0.6989737274220033,0.844541910331384,0.7582023239917977,0.7474319159101768,0.82002688172043,0.7870631783675263,0.905360886492962,0.6955808080808081
