,18A2,868Z11,A23,A6,NYE-S1,TCR2-T,TCR3,TCR6,TCR7,T1,FLT3DY
0,0.821053196053196,0.6839539007092199,0.8102717203184492,0.7474277210884354,0.728468265963906,0.6813495782567948,0.6600204896773524,0.714852965958881,0.7927849330086282,0.9119897959183674,0.7492685246141467
1,0.848547149122807,0.7497987117552336,0.8075816993464052,0.7456412529550828,0.7645097928116796,0.7288653733098177,0.6887243961712047,0.7151622187336474,0.814779771360932,0.8798543689320389,0.7582173382173383
2,0.8799603174603176,0.7213983050847458,0.8140707671957671,0.7928165007112375,0.7586111111111111,0.7497397866250326,0.7299448781443241,0.7234370619568264,0.7965461062235256,0.8745726495726496,0.8158952105432338
