,18A2,868Z11,A23,A6,NYE-S1,TCR2-T,TCR3,TCR6,TCR7,T1,FLT3DY
0,0.7805873180873181,0.6752440033085194,0.7612085769980507,0.735674186596218,0.7002098561992084,0.750211161387632,0.6460656407969075,0.7621279461279461,0.7502206774798631,0.6486609686609687,0.7304882737408689
1,0.8466584824793779,0.7301656676656677,0.820216730410905,0.8141015940274414,0.7408765070055393,0.742790793172051,0.6669471153846155,0.7779977375565611,0.8080368481722447,0.8400305576776166,0.7652378671775223
2,0.8746235258149081,0.762458977965307,0.8129971590909091,0.8330016217013121,0.7592572288312653,0.735409322365844,0.6669223985890653,0.8007669919534326,0.7885954539482328,0.8418954248366014,0.7742852385709528
3,0.8810804597701148,0.8220227484933367,0.8601351351351351,0.8324963566899051,0.7629059829059829,0.751367666478023,0.6582499999999999,0.8164137931034482,0.8280224370449935,0.823062015503876,0.748962148962149
4,0.8923478482302012,0.8351746031746031,0.835279347143754,0.8308641975308643,0.814469559478634,0.7427450980392157,0.6412605588044185,0.7967600874577618,0.81828165374677,0.8199404761904762,0.7856369820655535
