,18A2,868Z11,A23,A6,NYE-S1,TCR2-T,TCR3,TCR6,TCR7,T1,FLT3DY
0,0.7862596632426135,0.6643326393048307,0.84725189141077,0.769337984966461,0.7336767557264451,0.7218146135265702,0.6277968362874023,0.769479928667613,0.7349882667886583,0.7606336805555557,0.6962519936204146
1,0.8627540974882928,0.7350427350427351,0.8941854441854442,0.7552859769429537,0.8281439197370698,0.7102879901960785,0.6757373251358816,0.745781918912113,0.7618174313927047,0.860977564102564,0.8055104617604618
2,0.8819041478615945,0.7677562550443907,0.9044117647058822,0.7225890103728624,0.8228114478114478,0.7373271889400922,0.6665708388618605,0.770328282828283,0.8156028368794326,0.8623417721518987,0.8035243475921442
