,18A2,868Z11,A23,A6,NYE-S1,TCR2-T,TCR3,TCR6,TCR7,T1,FLT3DY
0,0.837930587930588,0.7346560846560847,0.8290134803921569,0.7716175359032502,0.7989379084967321,0.755030959752322,0.6414971560782802,0.7502104377104377,0.8249751984126984,0.810546875,0.7710449476594291
