"","tcr","position","weight"
"1","Within TCR","E",1
"2","Within TCR","V",0.619733924611973
"3","Within TCR","D",0.976718403547672
"4","Within TCR","P",0.982261640798226
"5","Within TCR","I",0.970066518847007
"6","Within TCR","G",0.00554323725055432
"7","Within TCR","H",0.0365853658536585
"8","Within TCR","L",0
"9","Within TCR","Y",0.271618625277162
"10","Pan-TCR","E",0
"11","Pan-TCR","V",0.580441640378549
"12","Pan-TCR","D",0.403785488958991
"13","Pan-TCR","P",1
"14","Pan-TCR","I",0.782334384858044
"15","Pan-TCR","G",0.533123028391167
"16","Pan-TCR","H",0.422712933753943
"17","Pan-TCR","L",0.279179810725552
"18","Pan-TCR","Y",0.340694006309148
"19","AL","E",0.728083209509658
"20","AL","V",0.901931649331352
"21","AL","D",0.796433878157504
"22","AL","P",1
"23","AL","I",0.384101040118871
"24","AL","G",0.11887072808321
"25","AL","H",0.0475482912332838
"26","AL","L",0
"27","AL","Y",0.37072808320951
