,auc,peptide
0,0.7277966742252456,TPQDLNTML
1,0.7277966742252456,TPQDLNEML
2,0.7277966742252456,TPQDLNTWL
3,0.7277966742252456,TPQDLNSML
4,0.8115682685390085,TPQDLSTML
5,0.831507213523082,TPQALNTML
6,0.8461894375041311,TCQDLNTML
7,0.8572278405710886,TPQDLNNML
8,0.8637348433104926,TPQSLNTML
9,0.8651886981832781,TLQDLNTML
10,0.8651886981832781,TLQDLNTML
11,,
12,,
13,,
14,,
15,,
16,,
17,,
18,,
19,,
20,,
21,,
22,,
23,,
24,,
25,,
26,,
27,,
28,,
29,,
30,,
31,,
32,,
33,,
34,,
35,,
36,,
37,,
38,,
39,,
40,,
41,,
42,,
43,,
44,,
