,auc,peptide
0,0.656988806988807,SLYNTVATL
1,0.656988806988807,SLYNTVDTL
2,0.656988806988807,SLYNIVATL
3,0.656988806988807,SLYNTVASL
4,0.7246212121212121,SLYNTVALL
5,0.7541857973676155,SLYNTVPTL
6,0.7767584097859327,SQYNTVATL
7,0.7867270344334564,LLYNTVATL
8,0.7867270344334564,LLYNTVATL
9,,
10,,
11,,
12,,
13,,
14,,
15,,
16,,
17,,
18,,
19,,
20,,
21,,
22,,
23,,
24,,
25,,
26,,
27,,
28,,
29,,
30,,
31,,
32,,
33,,
34,,
35,,
36,,
37,,
38,,
39,,
40,,
41,,
42,,
43,,
44,,
