,auc,peptide
0,0.7986911723753828,SLFLGILSV
1,0.7986911723753828,SLCLGILSV
2,0.7986911723753828,SLFLGILSL
3,0.7986911723753828,HLFLGILSV
4,0.8155329845080538,SLWLGILSV
5,0.8623084025854109,DLFLGILSV
6,0.8646783625730995,ILFLGILSV
7,0.8712404540763673,MLFLGILSV
8,0.8760701754385964,KLFLGILSV
9,0.8787087719298246,RLFLGILSV
10,0.8801904761904762,PLFLGILSV
11,0.8819629719459939,SLFLGELSV
12,0.8853536279723699,SLALGILSV
13,0.890556597873671,SCFLGILSV
14,0.897530071791946,LLFLGILSV
15,0.8992881316372973,WLFLGILSV
16,0.9034089288261303,SLFLGIMSV
17,0.9034089288261303,SLFLGIMSV
18,,
19,,
20,,
21,,
22,,
23,,
24,,
25,,
26,,
27,,
28,,
29,,
30,,
31,,
32,,
33,,
34,,
35,,
36,,
37,,
38,,
39,,
40,,
41,,
42,,
43,,
44,,
