,auc,peptide
0,0.6603476535541754,LLFGYPVYV
1,0.6603476535541754,LLFGYPDYV
2,0.6603476535541754,LLFGYDVYV
3,0.6603476535541754,LLFGYPVYS
4,0.7162509448223734,LLFGYPVYR
5,0.7463091516799957,LLFGYPNYV
6,0.7796226017288636,LLFGYPVRV
7,0.8020984484875543,LLFGSPVYV
8,0.8105389760987484,LLYGYPVYV
9,0.8105389760987484,LLYGYPVYV
10,,
11,,
12,,
13,,
14,,
15,,
16,,
17,,
18,,
19,,
20,,
21,,
22,,
23,,
24,,
25,,
26,,
27,,
28,,
29,,
30,,
31,,
32,,
33,,
34,,
35,,
36,,
37,,
38,,
39,,
40,,
41,,
42,,
43,,
44,,
