,auc,peptide
0,0.7465855948828085,YIMSDSNYV
1,0.7465855948828085,YIMSDENYV
2,0.7465855948828085,YITSDSNYV
3,0.7465855948828085,YIMSDSHYV
4,0.80169314050893,YIMSDINYV
5,0.8021389810863494,MIMSDSNYV
6,0.8308154645873945,YIPSDSNYV
7,0.8507975527149568,YIMSDSNYS
8,0.8660328483245149,PIMSDSNYV
9,0.866142290249433,VIMSDSNYV
10,0.8688092854759523,WIMSDSNYV
11,0.8726910584053442,YIMSDSVYV
12,0.8726910584053442,YIMSDSVYV
13,,
14,,
15,,
16,,
17,,
18,,
19,,
20,,
21,,
22,,
23,,
24,,
25,,
26,,
27,,
28,,
29,,
30,,
31,,
32,,
33,,
34,,
35,,
36,,
37,,
38,,
39,,
40,,
41,,
42,,
43,,
44,,
