,auc,peptide
0,0.6915902724726254,SLLMWITQC
1,0.6915902724726254,SLLMHITQC
2,0.6915902724726254,SLLMWITQW
3,0.6915902724726254,SLLMWITQS
4,0.738814562343974,SLPMWITQC
5,0.742864290851907,WLLMWITQC
6,0.7758965595807701,SLLMWITRC
7,0.7958402585410895,SLLMWETQC
8,0.8163836257309942,SPLMWITQC
9,0.8242294926505452,SLSMWITQC
10,0.8292285508291277,SLLAWITQC
11,0.8328070175438597,SLYMWITQC
12,0.838321000914986,DLLMWITQC
13,0.838321000914986,DLLMWITQC
14,,
15,,
16,,
17,,
18,,
19,,
20,,
21,,
22,,
23,,
24,,
25,,
26,,
27,,
28,,
29,,
30,,
31,,
32,,
33,,
34,,
35,,
36,,
37,,
38,,
39,,
40,,
41,,
42,,
43,,
44,,
