,auc,peptide
0,0.837528344671202,ALYDKTKRI
1,0.837528344671202,AAYDKTKRI
2,0.837528344671202,ALYDKTKRM
3,0.837528344671202,ILYDKTKRI
4,0.8725907029478458,ALYDLTKRI
5,0.921343537414966,NLYDKTKRI
6,0.9232048374905517,ALYDKVKRI
7,0.9406392694063928,ALYDKNKRI
8,0.9529789084583605,ALYDKIKRI
9,0.9657534246575343,ALYDKTKRL
10,0.9739345509893456,SLYDKTKRI
11,0.9811643835616438,AMYDKTKRI
12,0.9937214611872145,ALYNKTKRI
13,0.9948630136986301,GLYDKTKRI
14,0.9956413449564134,TLYDKTKRI
15,0.9958904109589041,CLYDKTKRI
16,0.9961948249619482,HLYDKTKRI
17,0.9965753424657534,KLYDKTKRI
18,,
19,,
20,,
21,,
22,,
23,,
24,,
25,,
26,,
27,,
28,,
29,,
30,,
31,,
32,,
33,,
34,,
35,,
36,,
37,,
38,,
39,,
40,,
41,,
42,,
43,,
44,,
