,auc,peptide
0,0.5555972864486749,FMNKFIYEI
1,0.5555972864486749,FMNEFIYEI
2,0.5555972864486749,FLNKFIYEI
3,0.5555972864486749,FMKKFIYEI
4,0.6896779474213103,FMNKFYYEI
5,0.6957417582417582,FMLKFIYEI
6,0.7312186270519604,HMNKFIYEI
7,0.7424538602423217,FMNKFIYEM
8,0.7521978021978022,FQNKFIYEI
9,0.7630589896214897,FMEKFIYEI
10,0.7630589896214897,FMEKFIYEI
11,,
12,,
13,,
14,,
15,,
16,,
17,,
18,,
19,,
20,,
21,,
22,,
23,,
24,,
25,,
26,,
27,,
28,,
29,,
30,,
31,,
32,,
33,,
34,,
35,,
36,,
37,,
38,,
39,,
40,,
41,,
42,,
43,,
44,,
