,auc,peptide
0,0.5307081807081807,NLVPMVATV
1,0.5307081807081807,NLVPMNATV
2,0.5307081807081807,NAVPMVATV
3,0.5307081807081807,NLPPMVATV
4,0.6141253101736973,RLVPMVATV
5,0.6284762505254309,NLVPTVATV
6,0.6446047008547008,NLYPMVATV
7,0.6760763888888889,NLVPMLATV
8,0.7089285714285714,NLVPMSATV
9,0.7459498207885304,TLVPMVATV
10,0.7459498207885304,TLVPMVATV
11,,
12,,
13,,
14,,
15,,
16,,
17,,
18,,
19,,
20,,
21,,
22,,
23,,
24,,
25,,
26,,
27,,
28,,
29,,
30,,
31,,
32,,
33,,
34,,
35,,
36,,
37,,
38,,
39,,
40,,
41,,
42,,
43,,
44,,
