,auc,peptide
0,0.5608712715855574,IMDQVPFSV
1,0.5608712715855574,IMFQVPFSV
2,0.5608712715855574,IHDQVPFSV
3,0.5608712715855574,IMDQVPHSV
4,0.6770833333333334,IMDQVPFYV
5,0.7569035279141662,IMDQSPFSV
6,0.7650269416573764,IMDQVPFSS
7,0.7650269416573764,IMDQVPFSS
8,,
9,,
10,,
11,,
12,,
13,,
14,,
15,,
16,,
17,,
18,,
19,,
20,,
21,,
22,,
23,,
24,,
25,,
26,,
27,,
28,,
29,,
30,,
31,,
32,,
33,,
34,,
35,,
36,,
37,,
38,,
39,,
40,,
41,,
42,,
43,,
44,,
