,auc,peptide
0,0.6439391445563675,GRLKALCQR
1,0.6439391445563675,GRLKALCQP
2,0.6439391445563675,GRLKGLCQR
3,0.6439391445563675,GRLKALCQQ
4,0.7721831771530567,GRLKALCQI
5,0.8065831074977418,GRLKALAQR
6,0.8204693169813054,GRLKALCMR
7,0.824199042105508,GRLKALCER
8,0.824199042105508,GRLKALCER
9,,
10,,
11,,
12,,
13,,
14,,
15,,
16,,
17,,
18,,
19,,
20,,
21,,
22,,
23,,
24,,
25,,
26,,
27,,
28,,
29,,
30,,
31,,
32,,
33,,
34,,
35,,
36,,
37,,
38,,
39,,
40,,
41,,
42,,
43,,
44,,
