{"d_i": [0.6646152353931959, 1.2407368166265627, 2.1834237208215526, 1.6966560616554218, 3.1049881972289235, 2.649285792640128, 2.809895903083993, 2.550102004345712, 2.0557487766171465], "euclid_coords": {"A": [1.1432855688547898, 0.31252383626963154], "C": [0.5535486859761453, -0.8151156229566723], "D": [1.1593266418304646, 2.829596624953089], "E": [2.848156856398238, 2.5508499375831404], "F": [-2.961415611423447, 2.788795234649273], "G": [0.30326377887512584, 2.5469014400555094], "H": [1.5937373387581757, 3.1856369980014225], "I": [1.56510684378493, -1.9652337614565412], "K": [-2.845958670404703, 0.558379696144863], "L": [0.4975306197397144, -2.8492891178601565], "M": [-0.5005224054596545, -2.1795774284807785], "N": [2.424494227139911, 1.5161304970250022], "P": [4.016234883035234, 1.1036053728286952], "Q": [3.672181634449728, -0.2821290448903202], "R": [-2.6629027769390947, -0.6208014606315815], "S": [0.05309372392944922, 0.5176245994213862], "T": [0.9280662822267505, -1.2143352170847874], "V": [1.4363441759905953, -2.0384303687050354], "W": [-2.51564023776644, 0.8534546323848464], "Y": [-3.1084518432493846, 2.269118596286086]}, "M_ab": {"A->A": 0.0, "A->C": 1.2725408995516063, "A->D": 2.5171239023045584, "A->E": 2.8136612878794396, "A->F": 4.793797223267857, "A->G": 2.387065119333899, "A->H": 2.908210108834219, "A->I": 2.316487181484714, "A->K": 3.9968130684709333, "A->L": 3.2270823682096417, "A->M": 2.985410084090685, "A->N": 1.7578864069897844, "A->P": 2.9798737824502797, "A->Q": 2.5978697734207903, "A->R": 3.918949582923073, "A->S": 1.1093171691572932, "A->T": 1.5419526290217334, "A->V": 2.3691494298807845, "A->W": 3.698694929910368, "A->Y": 4.680334825245962, "C->A": 1.2725408995516063, "C->C": 0.0, "C->D": 3.694711666945401, "C->E": 4.07369007295694, "C->F": 5.034197799209307, "C->G": 3.37132040404166, "C->H": 4.1337651079227475, "C->I": 1.5316728237896975, "C->K": 3.666488736881832, "C->L": 2.034944675197025, "C->M": 1.7241873113251827, "C->N": 2.9891714052443006, "C->P": 3.95874802923489, "C->Q": 3.1638498952548164, "C->R": 3.2223156280801684, "C->S": 1.4236051662527347, "C->T": 0.5473935643000822, "C->V": 1.5085843842341848, "C->W": 3.4934291672559543, "C->Y": 4.78777073335765, "D->A": 2.5171239023045584, "D->C": 3.694711666945401, "D->D": 0.0, "D->E": 1.7116796456570813, "D->F": 4.120944245097578, "D->G": 0.9015321363631846, "D->H": 0.5616737494717162, "D->I": 4.811970075419768, "D->K": 4.60442578071488, "D->L": 5.717317312759778, "D->M": 5.277018434436722, "D->N": 1.8236891972406197, "D->P": 3.3378092367709784, "D->Q": 3.9996595928021135, "D->R": 5.149241175038691, "D->S": 2.562999398261529, "D->T": 4.0505389884522645, "D->V": 4.875902534425428, "D->W": 4.172591369991291, "D->Y": 4.304424330654321, "E->A": 2.8136612878794396, "E->C": 4.07369007295694, "E->D": 1.7116796456570813, "E->E": 0.0, "E->F": 5.814443242759158, "E->G": 2.544896140642636, "E->H": 1.4058886649769997, "E->I": 4.694808761983702, "E->K": 6.032651928927728, "E->L": 5.889562421996344, "E->M": 5.795739457946979, "E->N": 1.1180940676432485, "E->P": 1.8598180304867094, "E->Q": 2.9503875592842324, "E->R": 6.358549431591895, "E->S": 3.4563540313789063, "E->T": 4.226507667324636, "E->V": 4.801531919527799, "E->W": 5.62596392536236, "E->Y": 5.963267539645256, "F->A": 4.793797223267857, "F->C": 5.034197799209307, "F->D": 4.120944245097578, "F->E": 5.814443242759158, "F->F": 0.0, "F->G": 3.273628587562009, "F->H": 4.572406563800817, "F->I": 6.564312396079313, "F->K": 2.2334018401602793, "F->L": 6.614552456220262, "F->M": 5.5444316472382225, "F->N": 5.534229876281417, "F->P": 7.178263807718571, "F->Q": 7.309937643449631, "F->R": 3.4226392647812016, "F->S": 3.7743188242716332, "F->T": 5.581498258947437, "F->V": 6.53011471365361, "F->W": 1.9860158434746378, "F->Y": 0.5400772740358858, "G->A": 2.387065119333899, "G->C": 3.37132040404166, "G->D": 0.9015321363631846, "G->E": 2.544896140642636, "G->F": 3.273628587562009, "G->G": 0.0, "G->H": 1.4398976080755563, "G->I": 4.685254741973499, "G->K": 3.7244893288951015, "G->L": 5.399686300406506, "G->M": 4.7943377775087495, "G->N": 2.3584120402596365, "G->P": 3.9836237219396513, "G->Q": 4.3992068606013754, "G->R": 4.33964119528933, "G->S": 2.044639223023351, "G->T": 3.812778430385167, "G->V": 4.723255125732528, "G->W": 3.288461942222825, "G->Y": 3.42300552067055, "H->A": 2.908210108834219, "H->C": 4.1337651079227475, "H->D": 0.5616737494717162, "H->E": 1.4058886649769997, "H->F": 4.572406563800817, "H->G": 1.4398976080755563, "H->H": 0.0, "H->I": 5.150950328423045, "H->K": 5.1588159090953605, "H->L": 6.133677721785628, "H->M": 5.759466096643339, "H->N": 1.8647812108652944, "H->P": 3.1942683106226015, "H->Q": 4.042936064115509, "H->R": 5.710337889645732, "H->S": 3.0808883308048225, "H->T": 4.450041960367825, "H->V": 5.226437836574097, "H->W": 4.7250458889767675, "H->Y": 4.790677309532731, "I->A": 2.316487181484714, "I->C": 1.5316728237896975, "I->D": 4.811970075419768, "I->E": 4.694808761983702, "I->F": 6.564312396079313, "I->G": 4.685254741973499, "I->H": 5.150950328423045, "I->I": 0.0, "I->K": 5.081940953401561, "I->L": 1.3860998763915116, "I->M": 2.076720347790752, "I->N": 3.5858672277292234, "I->P": 3.9275695152243455, "I->Q": 2.6967769022265378, "I->R": 4.436616229113851, "I->S": 2.907020693905795, "I->T": 0.9847178788922132, "I->V": 0.14811336175444983, "I->W": 4.959586777662649, "I->Y": 6.306495912206275, "K->A": 3.9968130684709333, "K->C": 3.666488736881832, "K->D": 4.60442578071488, "K->E": 6.032651928927728, "K->F": 2.2334018401602793, "K->G": 3.7244893288951015, "K->H": 5.1588159090953605, "K->I": 5.081940953401561, "K->K": 0.0, "K->L": 4.774005381150381, "K->M": 3.605201865250778, "K->N": 5.35676771400655, "K->P": 6.883819535939911, "K->Q": 6.572108335802473, "K->R": 1.1933053509597307, "K->S": 2.8993388492902175, "K->T": 4.169626183085439, "K->V": 5.008147380134795, "K->W": 0.44292153361247716, "K->Y": 1.7307600209868697, "L->A": 3.2270823682096417, "L->C": 2.034944675197025, "L->D": 5.717317312759778, "L->E": 5.889562421996344, "L->F": 6.614552456220262, "L->G": 5.399686300406506, "L->H": 6.133677721785628, "L->I": 1.3860998763915116, "L->K": 4.774005381150381, "L->L": 0.0, "L->M": 1.2019249510684902, "L->N": 4.771800201000548, "L->P": 5.292131380365792, "L->Q": 4.082734366261147, "L->R": 3.867104406822094, "L->S": 3.3961201589425665, "L->T": 1.6906907506500846, "L->V": 1.240509090850137, "L->W": 4.773835972936523, "L->Y": 6.261086730881205, "M->A": 2.985410084090685, "M->C": 1.7241873113251827, "M->D": 5.277018434436722, "M->E": 5.795739457946979, "M->F": 5.5444316472382225, "M->G": 4.7943377775087495, "M->H": 5.759466096643339, "M->I": 2.076720347790752, "M->K": 3.605201865250778, "M->L": 1.2019249510684902, "M->M": 0.0, "M->N": 4.713170840488423, "M->P": 5.583939980872469, "M->Q": 4.583859658962753, "M->R": 2.665646523623071, "M->S": 2.753432330390439, "M->T": 1.7241108332256914, "M->V": 1.9420027411984038, "M->W": 3.6414260064320376, "M->Y": 5.156761801098317, "N->A": 1.7578864069897844, "N->C": 2.9891714052443006, "N->D": 1.8236891972406197, "N->E": 1.1180940676432485, "N->F": 5.534229876281417, "N->G": 2.3584120402596365, "N->H": 1.8647812108652944, "N->I": 3.5858672277292234, "N->K": 5.35676771400655, "N->L": 4.771800201000548, "N->M": 4.713170840488423, "N->N": 0.0, "N->P": 1.6443282195849014, "N->Q": 2.1887122347282197, "N->R": 5.517978476649401, "N->S": 2.573043795619506, "N->T": 3.1136376812734823, "N->V": 3.6893554276818965, "N->W": 4.984382392326269, "N->Y": 5.583948718914346, "P->A": 2.9798737824502797, "P->C": 3.95874802923489, "P->D": 3.3378092367709784, "P->E": 1.8598180304867094, "P->F": 7.178263807718571, "P->G": 3.9836237219396513, "P->H": 3.1942683106226015, "P->I": 3.9275695152243455, "P->K": 6.883819535939911, "P->L": 5.292131380365792, "P->M": 5.583939980872469, "P->N": 1.6443282195849014, "P->P": 0.0, "P->Q": 1.4278068897134861, "P->R": 6.898148940706618, "P->S": 4.006227816013634,